whitney_no,category,section_lo,section_hi,chapter,wikisource_url
2,present_a,733,750,IX,https://en.wikisource.org/wiki/Sanskrit_Grammar_(Whitney)/Chapter_IX#733
2,passive_present,768,774,IX,https://en.wikisource.org/wiki/Sanskrit_Grammar_(Whitney)/Chapter_IX#768
2,perfect,781,823,X,https://en.wikisource.org/wiki/Sanskrit_Grammar_(Whitney)/Chapter_X#781
2,aor_class,824,827,XI,https://en.wikisource.org/wiki/Sanskrit_Grammar_(Whitney)/Chapter_XI#824
2,aor_redup,856,873,XI,https://en.wikisource.org/wiki/Sanskrit_Grammar_(Whitney)/Chapter_XI#856
2,aor_is,898,911,XI,https://en.wikisource.org/wiki/Sanskrit_Grammar_(Whitney)/Chapter_XI#898
2,s_future,931,940,XII,https://en.wikisource.org/wiki/Sanskrit_Grammar_(Whitney)/Chapter_XII#931
2,periphrastic_future,942,949,XII,https://en.wikisource.org/wiki/Sanskrit_Grammar_(Whitney)/Chapter_XII#942
2,causative,1041,1052,XIV,https://en.wikisource.org/wiki/Sanskrit_Grammar_(Whitney)/Chapter_XIV#1041
2,desiderative,1026,1040,XIV,https://en.wikisource.org/wiki/Sanskrit_Grammar_(Whitney)/Chapter_XIV#1026
3,present_nu_u,697,716,IX,https://en.wikisource.org/wiki/Sanskrit_Grammar_(Whitney)/Chapter_IX#697
4,present_a,733,750,IX,https://en.wikisource.org/wiki/Sanskrit_Grammar_(Whitney)/Chapter_IX#733
4,perfect,781,823,X,https://en.wikisource.org/wiki/Sanskrit_Grammar_(Whitney)/Chapter_X#781
4,causative,1041,1052,XIV,https://en.wikisource.org/wiki/Sanskrit_Grammar_(Whitney)/Chapter_XIV#1041
5,present_a,733,750,IX,https://en.wikisource.org/wiki/Sanskrit_Grammar_(Whitney)/Chapter_IX#733
5,passive_present,768,774,IX,https://en.wikisource.org/wiki/Sanskrit_Grammar_(Whitney)/Chapter_IX#768
5,perfect,781,823,X,https://en.wikisource.org/wiki/Sanskrit_Grammar_(Whitney)/Chapter_X#781
5,aor_class,824,827,XI,https://en.wikisource.org/wiki/Sanskrit_Grammar_(Whitney)/Chapter_XI#824
5,aor_is,898,911,XI,https://en.wikisource.org/wiki/Sanskrit_Grammar_(Whitney)/Chapter_XI#898
5,s_future,931,940,XII,https://en.wikisource.org/wiki/Sanskrit_Grammar_(Whitney)/Chapter_XII#931
5,periphrastic_future,942,949,XII,https://en.wikisource.org/wiki/Sanskrit_Grammar_(Whitney)/Chapter_XII#942
5,causative,1041,1052,XIV,https://en.wikisource.org/wiki/Sanskrit_Grammar_(Whitney)/Chapter_XIV#1041
5,desiderative,1026,1040,XIV,https://en.wikisource.org/wiki/Sanskrit_Grammar_(Whitney)/Chapter_XIV#1026
5,ppp,952,958,XIII,https://en.wikisource.org/wiki/Sanskrit_Grammar_(Whitney)/Chapter_XIII#952
5,gerund,989,994,XIII,https://en.wikisource.org/wiki/Sanskrit_Grammar_(Whitney)/Chapter_XIII#989
6,present_a,733,750,IX,https://en.wikisource.org/wiki/Sanskrit_Grammar_(Whitney)/Chapter_IX#733
6,passive_present,768,774,IX,https://en.wikisource.org/wiki/Sanskrit_Grammar_(Whitney)/Chapter_IX#768
6,perfect,781,823,X,https://en.wikisource.org/wiki/Sanskrit_Grammar_(Whitney)/Chapter_X#781
6,aor_class,824,827,XI,https://en.wikisource.org/wiki/Sanskrit_Grammar_(Whitney)/Chapter_XI#824
6,aor_is,898,911,XI,https://en.wikisource.org/wiki/Sanskrit_Grammar_(Whitney)/Chapter_XI#898
6,s_future,931,940,XII,https://en.wikisource.org/wiki/Sanskrit_Grammar_(Whitney)/Chapter_XII#931
6,desiderative,1026,1040,XIV,https://en.wikisource.org/wiki/Sanskrit_Grammar_(Whitney)/Chapter_XIV#1026
6,ppp,952,958,XIII,https://en.wikisource.org/wiki/Sanskrit_Grammar_(Whitney)/Chapter_XIII#952
6,gerund,989,994,XIII,https://en.wikisource.org/wiki/Sanskrit_Grammar_(Whitney)/Chapter_XIII#989
7,present_a,733,750,IX,https://en.wikisource.org/wiki/Sanskrit_Grammar_(Whitney)/Chapter_IX#733
7,present_nasal,683,696,IX,https://en.wikisource.org/wiki/Sanskrit_Grammar_(Whitney)/Chapter_IX#683
7,passive_present,768,774,IX,https://en.wikisource.org/wiki/Sanskrit_Grammar_(Whitney)/Chapter_IX#768
7,perfect,781,823,X,https://en.wikisource.org/wiki/Sanskrit_Grammar_(Whitney)/Chapter_X#781
7,aor_class,824,827,XI,https://en.wikisource.org/wiki/Sanskrit_Grammar_(Whitney)/Chapter_XI#824
7,aor_root,828,846,XI,https://en.wikisource.org/wiki/Sanskrit_Grammar_(Whitney)/Chapter_XI#828
7,aor_redup,856,873,XI,https://en.wikisource.org/wiki/Sanskrit_Grammar_(Whitney)/Chapter_XI#856
7,aor_is,898,911,XI,https://en.wikisource.org/wiki/Sanskrit_Grammar_(Whitney)/Chapter_XI#898
7,s_future,931,940,XII,https://en.wikisource.org/wiki/Sanskrit_Grammar_(Whitney)/Chapter_XII#931
7,periphrastic_future,942,949,XII,https://en.wikisource.org/wiki/Sanskrit_Grammar_(Whitney)/Chapter_XII#942
7,causative,1041,1052,XIV,https://en.wikisource.org/wiki/Sanskrit_Grammar_(Whitney)/Chapter_XIV#1041
7,desiderative,1026,1040,XIV,https://en.wikisource.org/wiki/Sanskrit_Grammar_(Whitney)/Chapter_XIV#1026
7,ppp,952,958,XIII,https://en.wikisource.org/wiki/Sanskrit_Grammar_(Whitney)/Chapter_XIII#952
7,gerund,989,994,XIII,https://en.wikisource.org/wiki/Sanskrit_Grammar_(Whitney)/Chapter_XIII#989
8,present_a,733,750,IX,https://en.wikisource.org/wiki/Sanskrit_Grammar_(Whitney)/Chapter_IX#733
8,perfect,781,823,X,https://en.wikisource.org/wiki/Sanskrit_Grammar_(Whitney)/Chapter_X#781
8,aor_class,824,827,XI,https://en.wikisource.org/wiki/Sanskrit_Grammar_(Whitney)/Chapter_XI#824
8,aor_is,898,911,XI,https://en.wikisource.org/wiki/Sanskrit_Grammar_(Whitney)/Chapter_XI#898
8,s_future,931,940,XII,https://en.wikisource.org/wiki/Sanskrit_Grammar_(Whitney)/Chapter_XII#931
8,periphrastic_future,942,949,XII,https://en.wikisource.org/wiki/Sanskrit_Grammar_(Whitney)/Chapter_XII#942
8,causative,1041,1052,XIV,https://en.wikisource.org/wiki/Sanskrit_Grammar_(Whitney)/Chapter_XIV#1041
8,desiderative,1026,1040,XIV,https://en.wikisource.org/wiki/Sanskrit_Grammar_(Whitney)/Chapter_XIV#1026
8,intensive,1000,1025,XIV,https://en.wikisource.org/wiki/Sanskrit_Grammar_(Whitney)/Chapter_XIV#1000
8,ppp,952,958,XIII,https://en.wikisource.org/wiki/Sanskrit_Grammar_(Whitney)/Chapter_XIII#952
8,gerund,989,994,XIII,https://en.wikisource.org/wiki/Sanskrit_Grammar_(Whitney)/Chapter_XIII#989
9,present_acc_a,751,758,IX,https://en.wikisource.org/wiki/Sanskrit_Grammar_(Whitney)/Chapter_IX#751
9,ppp,952,958,XIII,https://en.wikisource.org/wiki/Sanskrit_Grammar_(Whitney)/Chapter_XIII#952
10,present_a,733,750,IX,https://en.wikisource.org/wiki/Sanskrit_Grammar_(Whitney)/Chapter_IX#733
10,ppp,952,958,XIII,https://en.wikisource.org/wiki/Sanskrit_Grammar_(Whitney)/Chapter_XIII#952
10,gerund,989,994,XIII,https://en.wikisource.org/wiki/Sanskrit_Grammar_(Whitney)/Chapter_XIII#989
11,present_a,733,750,IX,https://en.wikisource.org/wiki/Sanskrit_Grammar_(Whitney)/Chapter_IX#733
11,present_root,611,641,IX,https://en.wikisource.org/wiki/Sanskrit_Grammar_(Whitney)/Chapter_IX#611
11,passive_present,768,774,IX,https://en.wikisource.org/wiki/Sanskrit_Grammar_(Whitney)/Chapter_IX#768
11,perfect,781,823,X,https://en.wikisource.org/wiki/Sanskrit_Grammar_(Whitney)/Chapter_X#781
11,aor_class,824,827,XI,https://en.wikisource.org/wiki/Sanskrit_Grammar_(Whitney)/Chapter_XI#824
11,aor_root,828,846,XI,https://en.wikisource.org/wiki/Sanskrit_Grammar_(Whitney)/Chapter_XI#828
11,aor_redup,856,873,XI,https://en.wikisource.org/wiki/Sanskrit_Grammar_(Whitney)/Chapter_XI#856
11,s_future,931,940,XII,https://en.wikisource.org/wiki/Sanskrit_Grammar_(Whitney)/Chapter_XII#931
11,periphrastic_future,942,949,XII,https://en.wikisource.org/wiki/Sanskrit_Grammar_(Whitney)/Chapter_XII#942
11,causative,1041,1052,XIV,https://en.wikisource.org/wiki/Sanskrit_Grammar_(Whitney)/Chapter_XIV#1041
12,present_a,733,750,IX,https://en.wikisource.org/wiki/Sanskrit_Grammar_(Whitney)/Chapter_IX#733
12,present_root,611,641,IX,https://en.wikisource.org/wiki/Sanskrit_Grammar_(Whitney)/Chapter_IX#611
12,present_acc_a,751,758,IX,https://en.wikisource.org/wiki/Sanskrit_Grammar_(Whitney)/Chapter_IX#751
12,perfect,781,823,X,https://en.wikisource.org/wiki/Sanskrit_Grammar_(Whitney)/Chapter_X#781
12,aor_class,824,827,XI,https://en.wikisource.org/wiki/Sanskrit_Grammar_(Whitney)/Chapter_XI#824
12,aor_is,898,911,XI,https://en.wikisource.org/wiki/Sanskrit_Grammar_(Whitney)/Chapter_XI#898
12,s_future,931,940,XII,https://en.wikisource.org/wiki/Sanskrit_Grammar_(Whitney)/Chapter_XII#931
12,periphrastic_future,942,949,XII,https://en.wikisource.org/wiki/Sanskrit_Grammar_(Whitney)/Chapter_XII#942
12,causative,1041,1052,XIV,https://en.wikisource.org/wiki/Sanskrit_Grammar_(Whitney)/Chapter_XIV#1041
12,desiderative,1026,1040,XIV,https://en.wikisource.org/wiki/Sanskrit_Grammar_(Whitney)/Chapter_XIV#1026
13,present_a,733,750,IX,https://en.wikisource.org/wiki/Sanskrit_Grammar_(Whitney)/Chapter_IX#733
13,present_root,611,641,IX,https://en.wikisource.org/wiki/Sanskrit_Grammar_(Whitney)/Chapter_IX#611
13,passive_present,768,774,IX,https://en.wikisource.org/wiki/Sanskrit_Grammar_(Whitney)/Chapter_IX#768
13,perfect,781,823,X,https://en.wikisource.org/wiki/Sanskrit_Grammar_(Whitney)/Chapter_X#781
13,aor_class,824,827,XI,https://en.wikisource.org/wiki/Sanskrit_Grammar_(Whitney)/Chapter_XI#824
13,aor_redup,856,873,XI,https://en.wikisource.org/wiki/Sanskrit_Grammar_(Whitney)/Chapter_XI#856
13,causative,1041,1052,XIV,https://en.wikisource.org/wiki/Sanskrit_Grammar_(Whitney)/Chapter_XIV#1041
13,ppp,952,958,XIII,https://en.wikisource.org/wiki/Sanskrit_Grammar_(Whitney)/Chapter_XIII#952
15,present_a,733,750,IX,https://en.wikisource.org/wiki/Sanskrit_Grammar_(Whitney)/Chapter_IX#733
15,passive_present,768,774,IX,https://en.wikisource.org/wiki/Sanskrit_Grammar_(Whitney)/Chapter_IX#768
15,perfect,781,823,X,https://en.wikisource.org/wiki/Sanskrit_Grammar_(Whitney)/Chapter_X#781
15,aor_class,824,827,XI,https://en.wikisource.org/wiki/Sanskrit_Grammar_(Whitney)/Chapter_XI#824
15,aor_redup,856,873,XI,https://en.wikisource.org/wiki/Sanskrit_Grammar_(Whitney)/Chapter_XI#856
15,aor_is,898,911,XI,https://en.wikisource.org/wiki/Sanskrit_Grammar_(Whitney)/Chapter_XI#898
15,s_future,931,940,XII,https://en.wikisource.org/wiki/Sanskrit_Grammar_(Whitney)/Chapter_XII#931
15,causative,1041,1052,XIV,https://en.wikisource.org/wiki/Sanskrit_Grammar_(Whitney)/Chapter_XIV#1041
15,desiderative,1026,1040,XIV,https://en.wikisource.org/wiki/Sanskrit_Grammar_(Whitney)/Chapter_XIV#1026
15,ppp,952,958,XIII,https://en.wikisource.org/wiki/Sanskrit_Grammar_(Whitney)/Chapter_XIII#952
15,infinitive,968,979,XIII,https://en.wikisource.org/wiki/Sanskrit_Grammar_(Whitney)/Chapter_XIII#968
15,gerund,989,994,XIII,https://en.wikisource.org/wiki/Sanskrit_Grammar_(Whitney)/Chapter_XIII#989
18,present_a,733,750,IX,https://en.wikisource.org/wiki/Sanskrit_Grammar_(Whitney)/Chapter_IX#733
18,perfect,781,823,X,https://en.wikisource.org/wiki/Sanskrit_Grammar_(Whitney)/Chapter_X#781
18,aor_class,824,827,XI,https://en.wikisource.org/wiki/Sanskrit_Grammar_(Whitney)/Chapter_XI#824
18,aor_redup,856,873,XI,https://en.wikisource.org/wiki/Sanskrit_Grammar_(Whitney)/Chapter_XI#856
18,aor_is,898,911,XI,https://en.wikisource.org/wiki/Sanskrit_Grammar_(Whitney)/Chapter_XI#898
18,s_future,931,940,XII,https://en.wikisource.org/wiki/Sanskrit_Grammar_(Whitney)/Chapter_XII#931
18,periphrastic_future,942,949,XII,https://en.wikisource.org/wiki/Sanskrit_Grammar_(Whitney)/Chapter_XII#942
18,causative,1041,1052,XIV,https://en.wikisource.org/wiki/Sanskrit_Grammar_(Whitney)/Chapter_XIV#1041
18,desiderative,1026,1040,XIV,https://en.wikisource.org/wiki/Sanskrit_Grammar_(Whitney)/Chapter_XIV#1026
19,present_a,733,750,IX,https://en.wikisource.org/wiki/Sanskrit_Grammar_(Whitney)/Chapter_IX#733
19,perfect,781,823,X,https://en.wikisource.org/wiki/Sanskrit_Grammar_(Whitney)/Chapter_X#781
19,aor_class,824,827,XI,https://en.wikisource.org/wiki/Sanskrit_Grammar_(Whitney)/Chapter_XI#824
19,aor_root,828,846,XI,https://en.wikisource.org/wiki/Sanskrit_Grammar_(Whitney)/Chapter_XI#828
19,aor_is,898,911,XI,https://en.wikisource.org/wiki/Sanskrit_Grammar_(Whitney)/Chapter_XI#898
19,s_future,931,940,XII,https://en.wikisource.org/wiki/Sanskrit_Grammar_(Whitney)/Chapter_XII#931
19,periphrastic_future,942,949,XII,https://en.wikisource.org/wiki/Sanskrit_Grammar_(Whitney)/Chapter_XII#942
19,causative,1041,1052,XIV,https://en.wikisource.org/wiki/Sanskrit_Grammar_(Whitney)/Chapter_XIV#1041
20,present_nu_u,697,716,IX,https://en.wikisource.org/wiki/Sanskrit_Grammar_(Whitney)/Chapter_IX#697
20,perfect,781,823,X,https://en.wikisource.org/wiki/Sanskrit_Grammar_(Whitney)/Chapter_X#781
20,aor_class,824,827,XI,https://en.wikisource.org/wiki/Sanskrit_Grammar_(Whitney)/Chapter_XI#824
20,aor_root,828,846,XI,https://en.wikisource.org/wiki/Sanskrit_Grammar_(Whitney)/Chapter_XI#828
20,aor_a,847,855,XI,https://en.wikisource.org/wiki/Sanskrit_Grammar_(Whitney)/Chapter_XI#847
20,aor_redup,856,873,XI,https://en.wikisource.org/wiki/Sanskrit_Grammar_(Whitney)/Chapter_XI#856
20,aor_s,878,897,XI,https://en.wikisource.org/wiki/Sanskrit_Grammar_(Whitney)/Chapter_XI#878
20,aor_is,898,911,XI,https://en.wikisource.org/wiki/Sanskrit_Grammar_(Whitney)/Chapter_XI#898
20,s_future,931,940,XII,https://en.wikisource.org/wiki/Sanskrit_Grammar_(Whitney)/Chapter_XII#931
20,periphrastic_future,942,949,XII,https://en.wikisource.org/wiki/Sanskrit_Grammar_(Whitney)/Chapter_XII#942
20,causative,1041,1052,XIV,https://en.wikisource.org/wiki/Sanskrit_Grammar_(Whitney)/Chapter_XIV#1041
20,desiderative,1026,1040,XIV,https://en.wikisource.org/wiki/Sanskrit_Grammar_(Whitney)/Chapter_XIV#1026
20,intensive,1000,1025,XIV,https://en.wikisource.org/wiki/Sanskrit_Grammar_(Whitney)/Chapter_XIV#1000
21,present_a,733,750,IX,https://en.wikisource.org/wiki/Sanskrit_Grammar_(Whitney)/Chapter_IX#733
21,present_na,717,732,IX,https://en.wikisource.org/wiki/Sanskrit_Grammar_(Whitney)/Chapter_IX#717
21,passive_present,768,774,IX,https://en.wikisource.org/wiki/Sanskrit_Grammar_(Whitney)/Chapter_IX#768
21,perfect,781,823,X,https://en.wikisource.org/wiki/Sanskrit_Grammar_(Whitney)/Chapter_X#781
21,aor_class,824,827,XI,https://en.wikisource.org/wiki/Sanskrit_Grammar_(Whitney)/Chapter_XI#824
21,aor_root,828,846,XI,https://en.wikisource.org/wiki/Sanskrit_Grammar_(Whitney)/Chapter_XI#828
21,aor_redup,856,873,XI,https://en.wikisource.org/wiki/Sanskrit_Grammar_(Whitney)/Chapter_XI#856
21,aor_is,898,911,XI,https://en.wikisource.org/wiki/Sanskrit_Grammar_(Whitney)/Chapter_XI#898
21,s_future,931,940,XII,https://en.wikisource.org/wiki/Sanskrit_Grammar_(Whitney)/Chapter_XII#931
21,periphrastic_future,942,949,XII,https://en.wikisource.org/wiki/Sanskrit_Grammar_(Whitney)/Chapter_XII#942
21,causative,1041,1052,XIV,https://en.wikisource.org/wiki/Sanskrit_Grammar_(Whitney)/Chapter_XIV#1041
21,desiderative,1026,1040,XIV,https://en.wikisource.org/wiki/Sanskrit_Grammar_(Whitney)/Chapter_XIV#1026
21,intensive,1000,1025,XIV,https://en.wikisource.org/wiki/Sanskrit_Grammar_(Whitney)/Chapter_XIV#1000
21,ppp,952,958,XIII,https://en.wikisource.org/wiki/Sanskrit_Grammar_(Whitney)/Chapter_XIII#952
21,infinitive,968,979,XIII,https://en.wikisource.org/wiki/Sanskrit_Grammar_(Whitney)/Chapter_XIII#968
21,gerund,989,994,XIII,https://en.wikisource.org/wiki/Sanskrit_Grammar_(Whitney)/Chapter_XIII#989
22,present_root,611,641,IX,https://en.wikisource.org/wiki/Sanskrit_Grammar_(Whitney)/Chapter_IX#611
22,perfect,781,823,X,https://en.wikisource.org/wiki/Sanskrit_Grammar_(Whitney)/Chapter_X#781
23,present_a,733,750,IX,https://en.wikisource.org/wiki/Sanskrit_Grammar_(Whitney)/Chapter_IX#733
23,present_ya,759,767,IX,https://en.wikisource.org/wiki/Sanskrit_Grammar_(Whitney)/Chapter_IX#759
23,passive_present,768,774,IX,https://en.wikisource.org/wiki/Sanskrit_Grammar_(Whitney)/Chapter_IX#768
23,perfect,781,823,X,https://en.wikisource.org/wiki/Sanskrit_Grammar_(Whitney)/Chapter_X#781
23,aor_class,824,827,XI,https://en.wikisource.org/wiki/Sanskrit_Grammar_(Whitney)/Chapter_XI#824
23,aor_root,828,846,XI,https://en.wikisource.org/wiki/Sanskrit_Grammar_(Whitney)/Chapter_XI#828
23,aor_a,847,855,XI,https://en.wikisource.org/wiki/Sanskrit_Grammar_(Whitney)/Chapter_XI#847
23,aor_redup,856,873,XI,https://en.wikisource.org/wiki/Sanskrit_Grammar_(Whitney)/Chapter_XI#856
23,aor_is,898,911,XI,https://en.wikisource.org/wiki/Sanskrit_Grammar_(Whitney)/Chapter_XI#898
23,s_future,931,940,XII,https://en.wikisource.org/wiki/Sanskrit_Grammar_(Whitney)/Chapter_XII#931
23,periphrastic_future,942,949,XII,https://en.wikisource.org/wiki/Sanskrit_Grammar_(Whitney)/Chapter_XII#942
23,causative,1041,1052,XIV,https://en.wikisource.org/wiki/Sanskrit_Grammar_(Whitney)/Chapter_XIV#1041
23,desiderative,1026,1040,XIV,https://en.wikisource.org/wiki/Sanskrit_Grammar_(Whitney)/Chapter_XIV#1026
23,ppp,952,958,XIII,https://en.wikisource.org/wiki/Sanskrit_Grammar_(Whitney)/Chapter_XIII#952
23,infinitive,968,979,XIII,https://en.wikisource.org/wiki/Sanskrit_Grammar_(Whitney)/Chapter_XIII#968
23,gerund,989,994,XIII,https://en.wikisource.org/wiki/Sanskrit_Grammar_(Whitney)/Chapter_XIII#989
24,perfect,781,823,X,https://en.wikisource.org/wiki/Sanskrit_Grammar_(Whitney)/Chapter_X#781
25,present_a,733,750,IX,https://en.wikisource.org/wiki/Sanskrit_Grammar_(Whitney)/Chapter_IX#733
26,present_nu_u,697,716,IX,https://en.wikisource.org/wiki/Sanskrit_Grammar_(Whitney)/Chapter_IX#697
26,passive_present,768,774,IX,https://en.wikisource.org/wiki/Sanskrit_Grammar_(Whitney)/Chapter_IX#768
26,perfect,781,823,X,https://en.wikisource.org/wiki/Sanskrit_Grammar_(Whitney)/Chapter_X#781
26,aor_class,824,827,XI,https://en.wikisource.org/wiki/Sanskrit_Grammar_(Whitney)/Chapter_XI#824
26,aor_root,828,846,XI,https://en.wikisource.org/wiki/Sanskrit_Grammar_(Whitney)/Chapter_XI#828
26,aor_a,847,855,XI,https://en.wikisource.org/wiki/Sanskrit_Grammar_(Whitney)/Chapter_XI#847
26,aor_redup,856,873,XI,https://en.wikisource.org/wiki/Sanskrit_Grammar_(Whitney)/Chapter_XI#856
26,aor_s,878,897,XI,https://en.wikisource.org/wiki/Sanskrit_Grammar_(Whitney)/Chapter_XI#878
26,s_future,931,940,XII,https://en.wikisource.org/wiki/Sanskrit_Grammar_(Whitney)/Chapter_XII#931
26,periphrastic_future,942,949,XII,https://en.wikisource.org/wiki/Sanskrit_Grammar_(Whitney)/Chapter_XII#942
26,causative,1041,1052,XIV,https://en.wikisource.org/wiki/Sanskrit_Grammar_(Whitney)/Chapter_XIV#1041
26,desiderative,1026,1040,XIV,https://en.wikisource.org/wiki/Sanskrit_Grammar_(Whitney)/Chapter_XIV#1026
26,ppp,952,958,XIII,https://en.wikisource.org/wiki/Sanskrit_Grammar_(Whitney)/Chapter_XIII#952
26,infinitive,968,979,XIII,https://en.wikisource.org/wiki/Sanskrit_Grammar_(Whitney)/Chapter_XIII#968
26,gerund,989,994,XIII,https://en.wikisource.org/wiki/Sanskrit_Grammar_(Whitney)/Chapter_XIII#989
27,present_ya,759,767,IX,https://en.wikisource.org/wiki/Sanskrit_Grammar_(Whitney)/Chapter_IX#759
27,ppp,952,958,XIII,https://en.wikisource.org/wiki/Sanskrit_Grammar_(Whitney)/Chapter_XIII#952
28,present_a,733,750,IX,https://en.wikisource.org/wiki/Sanskrit_Grammar_(Whitney)/Chapter_IX#733
28,present_root,611,641,IX,https://en.wikisource.org/wiki/Sanskrit_Grammar_(Whitney)/Chapter_IX#611
28,present_ya,759,767,IX,https://en.wikisource.org/wiki/Sanskrit_Grammar_(Whitney)/Chapter_IX#759
28,passive_present,768,774,IX,https://en.wikisource.org/wiki/Sanskrit_Grammar_(Whitney)/Chapter_IX#768
28,perfect,781,823,X,https://en.wikisource.org/wiki/Sanskrit_Grammar_(Whitney)/Chapter_X#781
28,aor_class,824,827,XI,https://en.wikisource.org/wiki/Sanskrit_Grammar_(Whitney)/Chapter_XI#824
28,aor_is,898,911,XI,https://en.wikisource.org/wiki/Sanskrit_Grammar_(Whitney)/Chapter_XI#898
28,s_future,931,940,XII,https://en.wikisource.org/wiki/Sanskrit_Grammar_(Whitney)/Chapter_XII#931
28,periphrastic_future,942,949,XII,https://en.wikisource.org/wiki/Sanskrit_Grammar_(Whitney)/Chapter_XII#942
28,causative,1041,1052,XIV,https://en.wikisource.org/wiki/Sanskrit_Grammar_(Whitney)/Chapter_XIV#1041
28,desiderative,1026,1040,XIV,https://en.wikisource.org/wiki/Sanskrit_Grammar_(Whitney)/Chapter_XIV#1026
28,ppp,952,958,XIII,https://en.wikisource.org/wiki/Sanskrit_Grammar_(Whitney)/Chapter_XIII#952
28,infinitive,968,979,XIII,https://en.wikisource.org/wiki/Sanskrit_Grammar_(Whitney)/Chapter_XIII#968
28,gerund,989,994,XIII,https://en.wikisource.org/wiki/Sanskrit_Grammar_(Whitney)/Chapter_XIII#989
29,present_a,733,750,IX,https://en.wikisource.org/wiki/Sanskrit_Grammar_(Whitney)/Chapter_IX#733
29,present_ya,759,767,IX,https://en.wikisource.org/wiki/Sanskrit_Grammar_(Whitney)/Chapter_IX#759
29,present_nu_u,697,716,IX,https://en.wikisource.org/wiki/Sanskrit_Grammar_(Whitney)/Chapter_IX#697
29,perfect,781,823,X,https://en.wikisource.org/wiki/Sanskrit_Grammar_(Whitney)/Chapter_X#781
29,aor_class,824,827,XI,https://en.wikisource.org/wiki/Sanskrit_Grammar_(Whitney)/Chapter_XI#824
29,aor_root,828,846,XI,https://en.wikisource.org/wiki/Sanskrit_Grammar_(Whitney)/Chapter_XI#828
29,aor_s,878,897,XI,https://en.wikisource.org/wiki/Sanskrit_Grammar_(Whitney)/Chapter_XI#878
29,aor_is,898,911,XI,https://en.wikisource.org/wiki/Sanskrit_Grammar_(Whitney)/Chapter_XI#898
29,s_future,931,940,XII,https://en.wikisource.org/wiki/Sanskrit_Grammar_(Whitney)/Chapter_XII#931
29,periphrastic_future,942,949,XII,https://en.wikisource.org/wiki/Sanskrit_Grammar_(Whitney)/Chapter_XII#942
29,causative,1041,1052,XIV,https://en.wikisource.org/wiki/Sanskrit_Grammar_(Whitney)/Chapter_XIV#1041
29,desiderative,1026,1040,XIV,https://en.wikisource.org/wiki/Sanskrit_Grammar_(Whitney)/Chapter_XIV#1026
29,intensive,1000,1025,XIV,https://en.wikisource.org/wiki/Sanskrit_Grammar_(Whitney)/Chapter_XIV#1000
29,ppp,952,958,XIII,https://en.wikisource.org/wiki/Sanskrit_Grammar_(Whitney)/Chapter_XIII#952
29,infinitive,968,979,XIII,https://en.wikisource.org/wiki/Sanskrit_Grammar_(Whitney)/Chapter_XIII#968
29,gerund,989,994,XIII,https://en.wikisource.org/wiki/Sanskrit_Grammar_(Whitney)/Chapter_XIII#989
30,present_a,733,750,IX,https://en.wikisource.org/wiki/Sanskrit_Grammar_(Whitney)/Chapter_IX#733
30,present_nu_u,697,716,IX,https://en.wikisource.org/wiki/Sanskrit_Grammar_(Whitney)/Chapter_IX#697
30,present_na,717,732,IX,https://en.wikisource.org/wiki/Sanskrit_Grammar_(Whitney)/Chapter_IX#717
31,present_a,733,750,IX,https://en.wikisource.org/wiki/Sanskrit_Grammar_(Whitney)/Chapter_IX#733
31,causative,1041,1052,XIV,https://en.wikisource.org/wiki/Sanskrit_Grammar_(Whitney)/Chapter_XIV#1041
31,ppp,952,958,XIII,https://en.wikisource.org/wiki/Sanskrit_Grammar_(Whitney)/Chapter_XIII#952
35,present_a,733,750,IX,https://en.wikisource.org/wiki/Sanskrit_Grammar_(Whitney)/Chapter_IX#733
35,passive_present,768,774,IX,https://en.wikisource.org/wiki/Sanskrit_Grammar_(Whitney)/Chapter_IX#768
35,perfect,781,823,X,https://en.wikisource.org/wiki/Sanskrit_Grammar_(Whitney)/Chapter_X#781
35,aor_class,824,827,XI,https://en.wikisource.org/wiki/Sanskrit_Grammar_(Whitney)/Chapter_XI#824
35,aor_root,828,846,XI,https://en.wikisource.org/wiki/Sanskrit_Grammar_(Whitney)/Chapter_XI#828
35,aor_is,898,911,XI,https://en.wikisource.org/wiki/Sanskrit_Grammar_(Whitney)/Chapter_XI#898
35,s_future,931,940,XII,https://en.wikisource.org/wiki/Sanskrit_Grammar_(Whitney)/Chapter_XII#931
35,periphrastic_future,942,949,XII,https://en.wikisource.org/wiki/Sanskrit_Grammar_(Whitney)/Chapter_XII#942
35,causative,1041,1052,XIV,https://en.wikisource.org/wiki/Sanskrit_Grammar_(Whitney)/Chapter_XIV#1041
35,desiderative,1026,1040,XIV,https://en.wikisource.org/wiki/Sanskrit_Grammar_(Whitney)/Chapter_XIV#1026
35,ppp,952,958,XIII,https://en.wikisource.org/wiki/Sanskrit_Grammar_(Whitney)/Chapter_XIII#952
35,gerund,989,994,XIII,https://en.wikisource.org/wiki/Sanskrit_Grammar_(Whitney)/Chapter_XIII#989
41,present_acc_a,751,758,IX,https://en.wikisource.org/wiki/Sanskrit_Grammar_(Whitney)/Chapter_IX#751
41,perfect,781,823,X,https://en.wikisource.org/wiki/Sanskrit_Grammar_(Whitney)/Chapter_X#781
41,aor_class,824,827,XI,https://en.wikisource.org/wiki/Sanskrit_Grammar_(Whitney)/Chapter_XI#824
41,aor_is,898,911,XI,https://en.wikisource.org/wiki/Sanskrit_Grammar_(Whitney)/Chapter_XI#898
41,s_future,931,940,XII,https://en.wikisource.org/wiki/Sanskrit_Grammar_(Whitney)/Chapter_XII#931
41,periphrastic_future,942,949,XII,https://en.wikisource.org/wiki/Sanskrit_Grammar_(Whitney)/Chapter_XII#942
41,causative,1041,1052,XIV,https://en.wikisource.org/wiki/Sanskrit_Grammar_(Whitney)/Chapter_XIV#1041
42,present_a,733,750,IX,https://en.wikisource.org/wiki/Sanskrit_Grammar_(Whitney)/Chapter_IX#733
42,present_ya,759,767,IX,https://en.wikisource.org/wiki/Sanskrit_Grammar_(Whitney)/Chapter_IX#759
42,present_acc_a,751,758,IX,https://en.wikisource.org/wiki/Sanskrit_Grammar_(Whitney)/Chapter_IX#751
42,passive_present,768,774,IX,https://en.wikisource.org/wiki/Sanskrit_Grammar_(Whitney)/Chapter_IX#768
42,perfect,781,823,X,https://en.wikisource.org/wiki/Sanskrit_Grammar_(Whitney)/Chapter_X#781
42,aor_class,824,827,XI,https://en.wikisource.org/wiki/Sanskrit_Grammar_(Whitney)/Chapter_XI#824
42,aor_redup,856,873,XI,https://en.wikisource.org/wiki/Sanskrit_Grammar_(Whitney)/Chapter_XI#856
42,aor_is,898,911,XI,https://en.wikisource.org/wiki/Sanskrit_Grammar_(Whitney)/Chapter_XI#898
42,s_future,931,940,XII,https://en.wikisource.org/wiki/Sanskrit_Grammar_(Whitney)/Chapter_XII#931
42,periphrastic_future,942,949,XII,https://en.wikisource.org/wiki/Sanskrit_Grammar_(Whitney)/Chapter_XII#942
42,causative,1041,1052,XIV,https://en.wikisource.org/wiki/Sanskrit_Grammar_(Whitney)/Chapter_XIV#1041
42,desiderative,1026,1040,XIV,https://en.wikisource.org/wiki/Sanskrit_Grammar_(Whitney)/Chapter_XIV#1026
42,ppp,952,958,XIII,https://en.wikisource.org/wiki/Sanskrit_Grammar_(Whitney)/Chapter_XIII#952
42,infinitive,968,979,XIII,https://en.wikisource.org/wiki/Sanskrit_Grammar_(Whitney)/Chapter_XIII#968
42,gerund,989,994,XIII,https://en.wikisource.org/wiki/Sanskrit_Grammar_(Whitney)/Chapter_XIII#989
43,present_ya,759,767,IX,https://en.wikisource.org/wiki/Sanskrit_Grammar_(Whitney)/Chapter_IX#759
43,present_acc_a,751,758,IX,https://en.wikisource.org/wiki/Sanskrit_Grammar_(Whitney)/Chapter_IX#751
43,present_na,717,732,IX,https://en.wikisource.org/wiki/Sanskrit_Grammar_(Whitney)/Chapter_IX#717
43,perfect,781,823,X,https://en.wikisource.org/wiki/Sanskrit_Grammar_(Whitney)/Chapter_X#781
43,aor_class,824,827,XI,https://en.wikisource.org/wiki/Sanskrit_Grammar_(Whitney)/Chapter_XI#824
43,aor_is,898,911,XI,https://en.wikisource.org/wiki/Sanskrit_Grammar_(Whitney)/Chapter_XI#898
43,s_future,931,940,XII,https://en.wikisource.org/wiki/Sanskrit_Grammar_(Whitney)/Chapter_XII#931
43,periphrastic_future,942,949,XII,https://en.wikisource.org/wiki/Sanskrit_Grammar_(Whitney)/Chapter_XII#942
43,causative,1041,1052,XIV,https://en.wikisource.org/wiki/Sanskrit_Grammar_(Whitney)/Chapter_XIV#1041
43,desiderative,1026,1040,XIV,https://en.wikisource.org/wiki/Sanskrit_Grammar_(Whitney)/Chapter_XIV#1026
43,ppp,952,958,XIII,https://en.wikisource.org/wiki/Sanskrit_Grammar_(Whitney)/Chapter_XIII#952
43,gerund,989,994,XIII,https://en.wikisource.org/wiki/Sanskrit_Grammar_(Whitney)/Chapter_XIII#989
45,present_a,733,750,IX,https://en.wikisource.org/wiki/Sanskrit_Grammar_(Whitney)/Chapter_IX#733
45,passive_present,768,774,IX,https://en.wikisource.org/wiki/Sanskrit_Grammar_(Whitney)/Chapter_IX#768
45,perfect,781,823,X,https://en.wikisource.org/wiki/Sanskrit_Grammar_(Whitney)/Chapter_X#781
45,aor_class,824,827,XI,https://en.wikisource.org/wiki/Sanskrit_Grammar_(Whitney)/Chapter_XI#824
45,aor_root,828,846,XI,https://en.wikisource.org/wiki/Sanskrit_Grammar_(Whitney)/Chapter_XI#828
45,aor_redup,856,873,XI,https://en.wikisource.org/wiki/Sanskrit_Grammar_(Whitney)/Chapter_XI#856
45,aor_is,898,911,XI,https://en.wikisource.org/wiki/Sanskrit_Grammar_(Whitney)/Chapter_XI#898
45,s_future,931,940,XII,https://en.wikisource.org/wiki/Sanskrit_Grammar_(Whitney)/Chapter_XII#931
45,periphrastic_future,942,949,XII,https://en.wikisource.org/wiki/Sanskrit_Grammar_(Whitney)/Chapter_XII#942
45,causative,1041,1052,XIV,https://en.wikisource.org/wiki/Sanskrit_Grammar_(Whitney)/Chapter_XIV#1041
45,desiderative,1026,1040,XIV,https://en.wikisource.org/wiki/Sanskrit_Grammar_(Whitney)/Chapter_XIV#1026
45,ppp,952,958,XIII,https://en.wikisource.org/wiki/Sanskrit_Grammar_(Whitney)/Chapter_XIII#952
45,infinitive,968,979,XIII,https://en.wikisource.org/wiki/Sanskrit_Grammar_(Whitney)/Chapter_XIII#968
45,gerund,989,994,XIII,https://en.wikisource.org/wiki/Sanskrit_Grammar_(Whitney)/Chapter_XIII#989
46,present_a,733,750,IX,https://en.wikisource.org/wiki/Sanskrit_Grammar_(Whitney)/Chapter_IX#733
46,causative,1041,1052,XIV,https://en.wikisource.org/wiki/Sanskrit_Grammar_(Whitney)/Chapter_XIV#1041
48,present_a,733,750,IX,https://en.wikisource.org/wiki/Sanskrit_Grammar_(Whitney)/Chapter_IX#733
48,present_root,611,641,IX,https://en.wikisource.org/wiki/Sanskrit_Grammar_(Whitney)/Chapter_IX#611
48,passive_present,768,774,IX,https://en.wikisource.org/wiki/Sanskrit_Grammar_(Whitney)/Chapter_IX#768
48,perfect,781,823,X,https://en.wikisource.org/wiki/Sanskrit_Grammar_(Whitney)/Chapter_X#781
48,aor_class,824,827,XI,https://en.wikisource.org/wiki/Sanskrit_Grammar_(Whitney)/Chapter_XI#824
48,aor_is,898,911,XI,https://en.wikisource.org/wiki/Sanskrit_Grammar_(Whitney)/Chapter_XI#898
48,s_future,931,940,XII,https://en.wikisource.org/wiki/Sanskrit_Grammar_(Whitney)/Chapter_XII#931
48,periphrastic_future,942,949,XII,https://en.wikisource.org/wiki/Sanskrit_Grammar_(Whitney)/Chapter_XII#942
48,causative,1041,1052,XIV,https://en.wikisource.org/wiki/Sanskrit_Grammar_(Whitney)/Chapter_XIV#1041
48,desiderative,1026,1040,XIV,https://en.wikisource.org/wiki/Sanskrit_Grammar_(Whitney)/Chapter_XIV#1026
48,ppp,952,958,XIII,https://en.wikisource.org/wiki/Sanskrit_Grammar_(Whitney)/Chapter_XIII#952
48,infinitive,968,979,XIII,https://en.wikisource.org/wiki/Sanskrit_Grammar_(Whitney)/Chapter_XIII#968
49,present_a,733,750,IX,https://en.wikisource.org/wiki/Sanskrit_Grammar_(Whitney)/Chapter_IX#733
49,present_root,611,641,IX,https://en.wikisource.org/wiki/Sanskrit_Grammar_(Whitney)/Chapter_IX#611
49,perfect,781,823,X,https://en.wikisource.org/wiki/Sanskrit_Grammar_(Whitney)/Chapter_X#781
49,aor_class,824,827,XI,https://en.wikisource.org/wiki/Sanskrit_Grammar_(Whitney)/Chapter_XI#824
49,aor_redup,856,873,XI,https://en.wikisource.org/wiki/Sanskrit_Grammar_(Whitney)/Chapter_XI#856
49,aor_is,898,911,XI,https://en.wikisource.org/wiki/Sanskrit_Grammar_(Whitney)/Chapter_XI#898
49,s_future,931,940,XII,https://en.wikisource.org/wiki/Sanskrit_Grammar_(Whitney)/Chapter_XII#931
49,periphrastic_future,942,949,XII,https://en.wikisource.org/wiki/Sanskrit_Grammar_(Whitney)/Chapter_XII#942
49,causative,1041,1052,XIV,https://en.wikisource.org/wiki/Sanskrit_Grammar_(Whitney)/Chapter_XIV#1041
49,gerund,989,994,XIII,https://en.wikisource.org/wiki/Sanskrit_Grammar_(Whitney)/Chapter_XIII#989
50,present_a,733,750,IX,https://en.wikisource.org/wiki/Sanskrit_Grammar_(Whitney)/Chapter_IX#733
50,ppp,952,958,XIII,https://en.wikisource.org/wiki/Sanskrit_Grammar_(Whitney)/Chapter_XIII#952
51,present_a,733,750,IX,https://en.wikisource.org/wiki/Sanskrit_Grammar_(Whitney)/Chapter_IX#733
51,present_root,611,641,IX,https://en.wikisource.org/wiki/Sanskrit_Grammar_(Whitney)/Chapter_IX#611
51,perfect,781,823,X,https://en.wikisource.org/wiki/Sanskrit_Grammar_(Whitney)/Chapter_X#781
51,aor_class,824,827,XI,https://en.wikisource.org/wiki/Sanskrit_Grammar_(Whitney)/Chapter_XI#824
51,aor_is,898,911,XI,https://en.wikisource.org/wiki/Sanskrit_Grammar_(Whitney)/Chapter_XI#898
51,s_future,931,940,XII,https://en.wikisource.org/wiki/Sanskrit_Grammar_(Whitney)/Chapter_XII#931
51,periphrastic_future,942,949,XII,https://en.wikisource.org/wiki/Sanskrit_Grammar_(Whitney)/Chapter_XII#942
51,ppp,952,958,XIII,https://en.wikisource.org/wiki/Sanskrit_Grammar_(Whitney)/Chapter_XIII#952
52,present_a,733,750,IX,https://en.wikisource.org/wiki/Sanskrit_Grammar_(Whitney)/Chapter_IX#733
52,perfect,781,823,X,https://en.wikisource.org/wiki/Sanskrit_Grammar_(Whitney)/Chapter_X#781
52,aor_class,824,827,XI,https://en.wikisource.org/wiki/Sanskrit_Grammar_(Whitney)/Chapter_XI#824
52,aor_is,898,911,XI,https://en.wikisource.org/wiki/Sanskrit_Grammar_(Whitney)/Chapter_XI#898
52,s_future,931,940,XII,https://en.wikisource.org/wiki/Sanskrit_Grammar_(Whitney)/Chapter_XII#931
52,periphrastic_future,942,949,XII,https://en.wikisource.org/wiki/Sanskrit_Grammar_(Whitney)/Chapter_XII#942
53,present_a,733,750,IX,https://en.wikisource.org/wiki/Sanskrit_Grammar_(Whitney)/Chapter_IX#733
53,perfect,781,823,X,https://en.wikisource.org/wiki/Sanskrit_Grammar_(Whitney)/Chapter_X#781
53,aor_class,824,827,XI,https://en.wikisource.org/wiki/Sanskrit_Grammar_(Whitney)/Chapter_XI#824
53,aor_redup,856,873,XI,https://en.wikisource.org/wiki/Sanskrit_Grammar_(Whitney)/Chapter_XI#856
53,aor_is,898,911,XI,https://en.wikisource.org/wiki/Sanskrit_Grammar_(Whitney)/Chapter_XI#898
53,s_future,931,940,XII,https://en.wikisource.org/wiki/Sanskrit_Grammar_(Whitney)/Chapter_XII#931
53,periphrastic_future,942,949,XII,https://en.wikisource.org/wiki/Sanskrit_Grammar_(Whitney)/Chapter_XII#942
53,causative,1041,1052,XIV,https://en.wikisource.org/wiki/Sanskrit_Grammar_(Whitney)/Chapter_XIV#1041
53,desiderative,1026,1040,XIV,https://en.wikisource.org/wiki/Sanskrit_Grammar_(Whitney)/Chapter_XIV#1026
53,ppp,952,958,XIII,https://en.wikisource.org/wiki/Sanskrit_Grammar_(Whitney)/Chapter_XIII#952
53,infinitive,968,979,XIII,https://en.wikisource.org/wiki/Sanskrit_Grammar_(Whitney)/Chapter_XIII#968
54,present_a,733,750,IX,https://en.wikisource.org/wiki/Sanskrit_Grammar_(Whitney)/Chapter_IX#733
54,present_root,611,641,IX,https://en.wikisource.org/wiki/Sanskrit_Grammar_(Whitney)/Chapter_IX#611
54,present_nu_u,697,716,IX,https://en.wikisource.org/wiki/Sanskrit_Grammar_(Whitney)/Chapter_IX#697
54,perfect,781,823,X,https://en.wikisource.org/wiki/Sanskrit_Grammar_(Whitney)/Chapter_X#781
54,aor_class,824,827,XI,https://en.wikisource.org/wiki/Sanskrit_Grammar_(Whitney)/Chapter_XI#824
54,aor_s,878,897,XI,https://en.wikisource.org/wiki/Sanskrit_Grammar_(Whitney)/Chapter_XI#878
54,s_future,931,940,XII,https://en.wikisource.org/wiki/Sanskrit_Grammar_(Whitney)/Chapter_XII#931
54,periphrastic_future,942,949,XII,https://en.wikisource.org/wiki/Sanskrit_Grammar_(Whitney)/Chapter_XII#942
54,causative,1041,1052,XIV,https://en.wikisource.org/wiki/Sanskrit_Grammar_(Whitney)/Chapter_XIV#1041
54,desiderative,1026,1040,XIV,https://en.wikisource.org/wiki/Sanskrit_Grammar_(Whitney)/Chapter_XIV#1026
55,present_acc_a,751,758,IX,https://en.wikisource.org/wiki/Sanskrit_Grammar_(Whitney)/Chapter_IX#751
55,passive_present,768,774,IX,https://en.wikisource.org/wiki/Sanskrit_Grammar_(Whitney)/Chapter_IX#768
55,perfect,781,823,X,https://en.wikisource.org/wiki/Sanskrit_Grammar_(Whitney)/Chapter_X#781
55,aor_class,824,827,XI,https://en.wikisource.org/wiki/Sanskrit_Grammar_(Whitney)/Chapter_XI#824
55,aor_is,898,911,XI,https://en.wikisource.org/wiki/Sanskrit_Grammar_(Whitney)/Chapter_XI#898
55,s_future,931,940,XII,https://en.wikisource.org/wiki/Sanskrit_Grammar_(Whitney)/Chapter_XII#931
55,periphrastic_future,942,949,XII,https://en.wikisource.org/wiki/Sanskrit_Grammar_(Whitney)/Chapter_XII#942
55,causative,1041,1052,XIV,https://en.wikisource.org/wiki/Sanskrit_Grammar_(Whitney)/Chapter_XIV#1041
57,present_ya,759,767,IX,https://en.wikisource.org/wiki/Sanskrit_Grammar_(Whitney)/Chapter_IX#759
57,perfect,781,823,X,https://en.wikisource.org/wiki/Sanskrit_Grammar_(Whitney)/Chapter_X#781
57,aor_class,824,827,XI,https://en.wikisource.org/wiki/Sanskrit_Grammar_(Whitney)/Chapter_XI#824
57,s_future,931,940,XII,https://en.wikisource.org/wiki/Sanskrit_Grammar_(Whitney)/Chapter_XII#931
57,periphrastic_future,942,949,XII,https://en.wikisource.org/wiki/Sanskrit_Grammar_(Whitney)/Chapter_XII#942
57,ppp,952,958,XIII,https://en.wikisource.org/wiki/Sanskrit_Grammar_(Whitney)/Chapter_XIII#952
57,gerund,989,994,XIII,https://en.wikisource.org/wiki/Sanskrit_Grammar_(Whitney)/Chapter_XIII#989
59,present_acc_a,751,758,IX,https://en.wikisource.org/wiki/Sanskrit_Grammar_(Whitney)/Chapter_IX#751
59,perfect,781,823,X,https://en.wikisource.org/wiki/Sanskrit_Grammar_(Whitney)/Chapter_X#781
59,aor_class,824,827,XI,https://en.wikisource.org/wiki/Sanskrit_Grammar_(Whitney)/Chapter_XI#824
59,aor_is,898,911,XI,https://en.wikisource.org/wiki/Sanskrit_Grammar_(Whitney)/Chapter_XI#898
59,s_future,931,940,XII,https://en.wikisource.org/wiki/Sanskrit_Grammar_(Whitney)/Chapter_XII#931
59,periphrastic_future,942,949,XII,https://en.wikisource.org/wiki/Sanskrit_Grammar_(Whitney)/Chapter_XII#942
59,ppp,952,958,XIII,https://en.wikisource.org/wiki/Sanskrit_Grammar_(Whitney)/Chapter_XIII#952
59,infinitive,968,979,XIII,https://en.wikisource.org/wiki/Sanskrit_Grammar_(Whitney)/Chapter_XIII#968
59,gerund,989,994,XIII,https://en.wikisource.org/wiki/Sanskrit_Grammar_(Whitney)/Chapter_XIII#989
60,present_acc_a,751,758,IX,https://en.wikisource.org/wiki/Sanskrit_Grammar_(Whitney)/Chapter_IX#751
60,perfect,781,823,X,https://en.wikisource.org/wiki/Sanskrit_Grammar_(Whitney)/Chapter_X#781
60,aor_class,824,827,XI,https://en.wikisource.org/wiki/Sanskrit_Grammar_(Whitney)/Chapter_XI#824
60,aor_is,898,911,XI,https://en.wikisource.org/wiki/Sanskrit_Grammar_(Whitney)/Chapter_XI#898
60,s_future,931,940,XII,https://en.wikisource.org/wiki/Sanskrit_Grammar_(Whitney)/Chapter_XII#931
60,periphrastic_future,942,949,XII,https://en.wikisource.org/wiki/Sanskrit_Grammar_(Whitney)/Chapter_XII#942
60,causative,1041,1052,XIV,https://en.wikisource.org/wiki/Sanskrit_Grammar_(Whitney)/Chapter_XIV#1041
60,desiderative,1026,1040,XIV,https://en.wikisource.org/wiki/Sanskrit_Grammar_(Whitney)/Chapter_XIV#1026
60,infinitive,968,979,XIII,https://en.wikisource.org/wiki/Sanskrit_Grammar_(Whitney)/Chapter_XIII#968
60,gerund,989,994,XIII,https://en.wikisource.org/wiki/Sanskrit_Grammar_(Whitney)/Chapter_XIII#989
61,present_acc_a,751,758,IX,https://en.wikisource.org/wiki/Sanskrit_Grammar_(Whitney)/Chapter_IX#751
61,present_nasal,683,696,IX,https://en.wikisource.org/wiki/Sanskrit_Grammar_(Whitney)/Chapter_IX#683
61,passive_present,768,774,IX,https://en.wikisource.org/wiki/Sanskrit_Grammar_(Whitney)/Chapter_IX#768
61,perfect,781,823,X,https://en.wikisource.org/wiki/Sanskrit_Grammar_(Whitney)/Chapter_X#781
61,aor_class,824,827,XI,https://en.wikisource.org/wiki/Sanskrit_Grammar_(Whitney)/Chapter_XI#824
61,aor_redup,856,873,XI,https://en.wikisource.org/wiki/Sanskrit_Grammar_(Whitney)/Chapter_XI#856
61,aor_is,898,911,XI,https://en.wikisource.org/wiki/Sanskrit_Grammar_(Whitney)/Chapter_XI#898
61,s_future,931,940,XII,https://en.wikisource.org/wiki/Sanskrit_Grammar_(Whitney)/Chapter_XII#931
61,periphrastic_future,942,949,XII,https://en.wikisource.org/wiki/Sanskrit_Grammar_(Whitney)/Chapter_XII#942
61,causative,1041,1052,XIV,https://en.wikisource.org/wiki/Sanskrit_Grammar_(Whitney)/Chapter_XIV#1041
61,desiderative,1026,1040,XIV,https://en.wikisource.org/wiki/Sanskrit_Grammar_(Whitney)/Chapter_XIV#1026
61,ppp,952,958,XIII,https://en.wikisource.org/wiki/Sanskrit_Grammar_(Whitney)/Chapter_XIII#952
61,gerund,989,994,XIII,https://en.wikisource.org/wiki/Sanskrit_Grammar_(Whitney)/Chapter_XIII#989
62,present_acc_a,751,758,IX,https://en.wikisource.org/wiki/Sanskrit_Grammar_(Whitney)/Chapter_IX#751
62,perfect,781,823,X,https://en.wikisource.org/wiki/Sanskrit_Grammar_(Whitney)/Chapter_X#781
62,aor_class,824,827,XI,https://en.wikisource.org/wiki/Sanskrit_Grammar_(Whitney)/Chapter_XI#824
62,aor_redup,856,873,XI,https://en.wikisource.org/wiki/Sanskrit_Grammar_(Whitney)/Chapter_XI#856
62,aor_is,898,911,XI,https://en.wikisource.org/wiki/Sanskrit_Grammar_(Whitney)/Chapter_XI#898
62,s_future,931,940,XII,https://en.wikisource.org/wiki/Sanskrit_Grammar_(Whitney)/Chapter_XII#931
62,periphrastic_future,942,949,XII,https://en.wikisource.org/wiki/Sanskrit_Grammar_(Whitney)/Chapter_XII#942
62,causative,1041,1052,XIV,https://en.wikisource.org/wiki/Sanskrit_Grammar_(Whitney)/Chapter_XIV#1041
62,desiderative,1026,1040,XIV,https://en.wikisource.org/wiki/Sanskrit_Grammar_(Whitney)/Chapter_XIV#1026
62,ppp,952,958,XIII,https://en.wikisource.org/wiki/Sanskrit_Grammar_(Whitney)/Chapter_XIII#952
62,gerund,989,994,XIII,https://en.wikisource.org/wiki/Sanskrit_Grammar_(Whitney)/Chapter_XIII#989
63,present_acc_a,751,758,IX,https://en.wikisource.org/wiki/Sanskrit_Grammar_(Whitney)/Chapter_IX#751
63,present_nasal,683,696,IX,https://en.wikisource.org/wiki/Sanskrit_Grammar_(Whitney)/Chapter_IX#683
63,present_na,717,732,IX,https://en.wikisource.org/wiki/Sanskrit_Grammar_(Whitney)/Chapter_IX#717
63,perfect,781,823,X,https://en.wikisource.org/wiki/Sanskrit_Grammar_(Whitney)/Chapter_X#781
63,aor_class,824,827,XI,https://en.wikisource.org/wiki/Sanskrit_Grammar_(Whitney)/Chapter_XI#824
63,aor_is,898,911,XI,https://en.wikisource.org/wiki/Sanskrit_Grammar_(Whitney)/Chapter_XI#898
63,s_future,931,940,XII,https://en.wikisource.org/wiki/Sanskrit_Grammar_(Whitney)/Chapter_XII#931
63,periphrastic_future,942,949,XII,https://en.wikisource.org/wiki/Sanskrit_Grammar_(Whitney)/Chapter_XII#942
63,ppp,952,958,XIII,https://en.wikisource.org/wiki/Sanskrit_Grammar_(Whitney)/Chapter_XIII#952
63,gerund,989,994,XIII,https://en.wikisource.org/wiki/Sanskrit_Grammar_(Whitney)/Chapter_XIII#989
65,present_a,733,750,IX,https://en.wikisource.org/wiki/Sanskrit_Grammar_(Whitney)/Chapter_IX#733
65,present_na,717,732,IX,https://en.wikisource.org/wiki/Sanskrit_Grammar_(Whitney)/Chapter_IX#717
65,passive_present,768,774,IX,https://en.wikisource.org/wiki/Sanskrit_Grammar_(Whitney)/Chapter_IX#768
65,perfect,781,823,X,https://en.wikisource.org/wiki/Sanskrit_Grammar_(Whitney)/Chapter_X#781
65,aor_class,824,827,XI,https://en.wikisource.org/wiki/Sanskrit_Grammar_(Whitney)/Chapter_XI#824
65,aor_is,898,911,XI,https://en.wikisource.org/wiki/Sanskrit_Grammar_(Whitney)/Chapter_XI#898
65,s_future,931,940,XII,https://en.wikisource.org/wiki/Sanskrit_Grammar_(Whitney)/Chapter_XII#931
65,periphrastic_future,942,949,XII,https://en.wikisource.org/wiki/Sanskrit_Grammar_(Whitney)/Chapter_XII#942
65,causative,1041,1052,XIV,https://en.wikisource.org/wiki/Sanskrit_Grammar_(Whitney)/Chapter_XIV#1041
65,desiderative,1026,1040,XIV,https://en.wikisource.org/wiki/Sanskrit_Grammar_(Whitney)/Chapter_XIV#1026
65,ppp,952,958,XIII,https://en.wikisource.org/wiki/Sanskrit_Grammar_(Whitney)/Chapter_XIII#952
65,gerund,989,994,XIII,https://en.wikisource.org/wiki/Sanskrit_Grammar_(Whitney)/Chapter_XIII#989
67,present_a,733,750,IX,https://en.wikisource.org/wiki/Sanskrit_Grammar_(Whitney)/Chapter_IX#733
67,passive_present,768,774,IX,https://en.wikisource.org/wiki/Sanskrit_Grammar_(Whitney)/Chapter_IX#768
67,perfect,781,823,X,https://en.wikisource.org/wiki/Sanskrit_Grammar_(Whitney)/Chapter_X#781
67,aor_class,824,827,XI,https://en.wikisource.org/wiki/Sanskrit_Grammar_(Whitney)/Chapter_XI#824
67,aor_root,828,846,XI,https://en.wikisource.org/wiki/Sanskrit_Grammar_(Whitney)/Chapter_XI#828
67,aor_redup,856,873,XI,https://en.wikisource.org/wiki/Sanskrit_Grammar_(Whitney)/Chapter_XI#856
67,aor_is,898,911,XI,https://en.wikisource.org/wiki/Sanskrit_Grammar_(Whitney)/Chapter_XI#898
67,causative,1041,1052,XIV,https://en.wikisource.org/wiki/Sanskrit_Grammar_(Whitney)/Chapter_XIV#1041
67,ppp,952,958,XIII,https://en.wikisource.org/wiki/Sanskrit_Grammar_(Whitney)/Chapter_XIII#952
67,infinitive,968,979,XIII,https://en.wikisource.org/wiki/Sanskrit_Grammar_(Whitney)/Chapter_XIII#968
67,gerund,989,994,XIII,https://en.wikisource.org/wiki/Sanskrit_Grammar_(Whitney)/Chapter_XIII#989
68,present_a,733,750,IX,https://en.wikisource.org/wiki/Sanskrit_Grammar_(Whitney)/Chapter_IX#733
68,present_root,611,641,IX,https://en.wikisource.org/wiki/Sanskrit_Grammar_(Whitney)/Chapter_IX#611
68,perfect,781,823,X,https://en.wikisource.org/wiki/Sanskrit_Grammar_(Whitney)/Chapter_X#781
68,aor_class,824,827,XI,https://en.wikisource.org/wiki/Sanskrit_Grammar_(Whitney)/Chapter_XI#824
68,aor_redup,856,873,XI,https://en.wikisource.org/wiki/Sanskrit_Grammar_(Whitney)/Chapter_XI#856
68,aor_is,898,911,XI,https://en.wikisource.org/wiki/Sanskrit_Grammar_(Whitney)/Chapter_XI#898
68,s_future,931,940,XII,https://en.wikisource.org/wiki/Sanskrit_Grammar_(Whitney)/Chapter_XII#931
68,periphrastic_future,942,949,XII,https://en.wikisource.org/wiki/Sanskrit_Grammar_(Whitney)/Chapter_XII#942
68,causative,1041,1052,XIV,https://en.wikisource.org/wiki/Sanskrit_Grammar_(Whitney)/Chapter_XIV#1041
68,desiderative,1026,1040,XIV,https://en.wikisource.org/wiki/Sanskrit_Grammar_(Whitney)/Chapter_XIV#1026
68,infinitive,968,979,XIII,https://en.wikisource.org/wiki/Sanskrit_Grammar_(Whitney)/Chapter_XIII#968
68,gerund,989,994,XIII,https://en.wikisource.org/wiki/Sanskrit_Grammar_(Whitney)/Chapter_XIII#989
69,present_root,611,641,IX,https://en.wikisource.org/wiki/Sanskrit_Grammar_(Whitney)/Chapter_IX#611
69,present_redup,642,682,IX,https://en.wikisource.org/wiki/Sanskrit_Grammar_(Whitney)/Chapter_IX#642
69,present_nu_u,697,716,IX,https://en.wikisource.org/wiki/Sanskrit_Grammar_(Whitney)/Chapter_IX#697
69,present_acc_a,751,758,IX,https://en.wikisource.org/wiki/Sanskrit_Grammar_(Whitney)/Chapter_IX#751
69,present_na,717,732,IX,https://en.wikisource.org/wiki/Sanskrit_Grammar_(Whitney)/Chapter_IX#717
69,passive_present,768,774,IX,https://en.wikisource.org/wiki/Sanskrit_Grammar_(Whitney)/Chapter_IX#768
69,perfect,781,823,X,https://en.wikisource.org/wiki/Sanskrit_Grammar_(Whitney)/Chapter_X#781
69,aor_class,824,827,XI,https://en.wikisource.org/wiki/Sanskrit_Grammar_(Whitney)/Chapter_XI#824
69,aor_root,828,846,XI,https://en.wikisource.org/wiki/Sanskrit_Grammar_(Whitney)/Chapter_XI#828
69,aor_a,847,855,XI,https://en.wikisource.org/wiki/Sanskrit_Grammar_(Whitney)/Chapter_XI#847
69,aor_s,878,897,XI,https://en.wikisource.org/wiki/Sanskrit_Grammar_(Whitney)/Chapter_XI#878
69,s_future,931,940,XII,https://en.wikisource.org/wiki/Sanskrit_Grammar_(Whitney)/Chapter_XII#931
69,periphrastic_future,942,949,XII,https://en.wikisource.org/wiki/Sanskrit_Grammar_(Whitney)/Chapter_XII#942
69,causative,1041,1052,XIV,https://en.wikisource.org/wiki/Sanskrit_Grammar_(Whitney)/Chapter_XIV#1041
69,desiderative,1026,1040,XIV,https://en.wikisource.org/wiki/Sanskrit_Grammar_(Whitney)/Chapter_XIV#1026
69,intensive,1000,1025,XIV,https://en.wikisource.org/wiki/Sanskrit_Grammar_(Whitney)/Chapter_XIV#1000
69,ppp,952,958,XIII,https://en.wikisource.org/wiki/Sanskrit_Grammar_(Whitney)/Chapter_XIII#952
69,gerund,989,994,XIII,https://en.wikisource.org/wiki/Sanskrit_Grammar_(Whitney)/Chapter_XIII#989
73,aor_class,824,827,XI,https://en.wikisource.org/wiki/Sanskrit_Grammar_(Whitney)/Chapter_XI#824
73,aor_is,898,911,XI,https://en.wikisource.org/wiki/Sanskrit_Grammar_(Whitney)/Chapter_XI#898
73,s_future,931,940,XII,https://en.wikisource.org/wiki/Sanskrit_Grammar_(Whitney)/Chapter_XII#931
74,present_a,733,750,IX,https://en.wikisource.org/wiki/Sanskrit_Grammar_(Whitney)/Chapter_IX#733
74,present_acc_a,751,758,IX,https://en.wikisource.org/wiki/Sanskrit_Grammar_(Whitney)/Chapter_IX#751
74,present_nasal,683,696,IX,https://en.wikisource.org/wiki/Sanskrit_Grammar_(Whitney)/Chapter_IX#683
74,perfect,781,823,X,https://en.wikisource.org/wiki/Sanskrit_Grammar_(Whitney)/Chapter_X#781
74,aor_class,824,827,XI,https://en.wikisource.org/wiki/Sanskrit_Grammar_(Whitney)/Chapter_XI#824
74,aor_redup,856,873,XI,https://en.wikisource.org/wiki/Sanskrit_Grammar_(Whitney)/Chapter_XI#856
74,aor_is,898,911,XI,https://en.wikisource.org/wiki/Sanskrit_Grammar_(Whitney)/Chapter_XI#898
74,s_future,931,940,XII,https://en.wikisource.org/wiki/Sanskrit_Grammar_(Whitney)/Chapter_XII#931
74,periphrastic_future,942,949,XII,https://en.wikisource.org/wiki/Sanskrit_Grammar_(Whitney)/Chapter_XII#942
74,causative,1041,1052,XIV,https://en.wikisource.org/wiki/Sanskrit_Grammar_(Whitney)/Chapter_XIV#1041
74,desiderative,1026,1040,XIV,https://en.wikisource.org/wiki/Sanskrit_Grammar_(Whitney)/Chapter_XIV#1026
75,present_ya,759,767,IX,https://en.wikisource.org/wiki/Sanskrit_Grammar_(Whitney)/Chapter_IX#759
75,present_nu_u,697,716,IX,https://en.wikisource.org/wiki/Sanskrit_Grammar_(Whitney)/Chapter_IX#697
75,present_nasal,683,696,IX,https://en.wikisource.org/wiki/Sanskrit_Grammar_(Whitney)/Chapter_IX#683
75,passive_present,768,774,IX,https://en.wikisource.org/wiki/Sanskrit_Grammar_(Whitney)/Chapter_IX#768
75,perfect,781,823,X,https://en.wikisource.org/wiki/Sanskrit_Grammar_(Whitney)/Chapter_X#781
75,aor_class,824,827,XI,https://en.wikisource.org/wiki/Sanskrit_Grammar_(Whitney)/Chapter_XI#824
75,aor_root,828,846,XI,https://en.wikisource.org/wiki/Sanskrit_Grammar_(Whitney)/Chapter_XI#828
75,aor_a,847,855,XI,https://en.wikisource.org/wiki/Sanskrit_Grammar_(Whitney)/Chapter_XI#847
75,aor_redup,856,873,XI,https://en.wikisource.org/wiki/Sanskrit_Grammar_(Whitney)/Chapter_XI#856
75,aor_is,898,911,XI,https://en.wikisource.org/wiki/Sanskrit_Grammar_(Whitney)/Chapter_XI#898
75,s_future,931,940,XII,https://en.wikisource.org/wiki/Sanskrit_Grammar_(Whitney)/Chapter_XII#931
75,periphrastic_future,942,949,XII,https://en.wikisource.org/wiki/Sanskrit_Grammar_(Whitney)/Chapter_XII#942
75,causative,1041,1052,XIV,https://en.wikisource.org/wiki/Sanskrit_Grammar_(Whitney)/Chapter_XIV#1041
75,desiderative,1026,1040,XIV,https://en.wikisource.org/wiki/Sanskrit_Grammar_(Whitney)/Chapter_XIV#1026
75,ppp,952,958,XIII,https://en.wikisource.org/wiki/Sanskrit_Grammar_(Whitney)/Chapter_XIII#952
75,gerund,989,994,XIII,https://en.wikisource.org/wiki/Sanskrit_Grammar_(Whitney)/Chapter_XIII#989
77,present_a,733,750,IX,https://en.wikisource.org/wiki/Sanskrit_Grammar_(Whitney)/Chapter_IX#733
77,present_acc_a,751,758,IX,https://en.wikisource.org/wiki/Sanskrit_Grammar_(Whitney)/Chapter_IX#751
77,perfect,781,823,X,https://en.wikisource.org/wiki/Sanskrit_Grammar_(Whitney)/Chapter_X#781
77,aor_class,824,827,XI,https://en.wikisource.org/wiki/Sanskrit_Grammar_(Whitney)/Chapter_XI#824
77,aor_is,898,911,XI,https://en.wikisource.org/wiki/Sanskrit_Grammar_(Whitney)/Chapter_XI#898
77,s_future,931,940,XII,https://en.wikisource.org/wiki/Sanskrit_Grammar_(Whitney)/Chapter_XII#931
77,periphrastic_future,942,949,XII,https://en.wikisource.org/wiki/Sanskrit_Grammar_(Whitney)/Chapter_XII#942
77,causative,1041,1052,XIV,https://en.wikisource.org/wiki/Sanskrit_Grammar_(Whitney)/Chapter_XIV#1041
77,desiderative,1026,1040,XIV,https://en.wikisource.org/wiki/Sanskrit_Grammar_(Whitney)/Chapter_XIV#1026
78,present_a,733,750,IX,https://en.wikisource.org/wiki/Sanskrit_Grammar_(Whitney)/Chapter_IX#733
78,perfect,781,823,X,https://en.wikisource.org/wiki/Sanskrit_Grammar_(Whitney)/Chapter_X#781
78,aor_class,824,827,XI,https://en.wikisource.org/wiki/Sanskrit_Grammar_(Whitney)/Chapter_XI#824
78,aor_redup,856,873,XI,https://en.wikisource.org/wiki/Sanskrit_Grammar_(Whitney)/Chapter_XI#856
78,s_future,931,940,XII,https://en.wikisource.org/wiki/Sanskrit_Grammar_(Whitney)/Chapter_XII#931
78,periphrastic_future,942,949,XII,https://en.wikisource.org/wiki/Sanskrit_Grammar_(Whitney)/Chapter_XII#942
78,causative,1041,1052,XIV,https://en.wikisource.org/wiki/Sanskrit_Grammar_(Whitney)/Chapter_XIV#1041
78,desiderative,1026,1040,XIV,https://en.wikisource.org/wiki/Sanskrit_Grammar_(Whitney)/Chapter_XIV#1026
79,present_a,733,750,IX,https://en.wikisource.org/wiki/Sanskrit_Grammar_(Whitney)/Chapter_IX#733
79,perfect,781,823,X,https://en.wikisource.org/wiki/Sanskrit_Grammar_(Whitney)/Chapter_X#781
79,aor_class,824,827,XI,https://en.wikisource.org/wiki/Sanskrit_Grammar_(Whitney)/Chapter_XI#824
79,aor_redup,856,873,XI,https://en.wikisource.org/wiki/Sanskrit_Grammar_(Whitney)/Chapter_XI#856
79,aor_is,898,911,XI,https://en.wikisource.org/wiki/Sanskrit_Grammar_(Whitney)/Chapter_XI#898
79,s_future,931,940,XII,https://en.wikisource.org/wiki/Sanskrit_Grammar_(Whitney)/Chapter_XII#931
79,periphrastic_future,942,949,XII,https://en.wikisource.org/wiki/Sanskrit_Grammar_(Whitney)/Chapter_XII#942
79,causative,1041,1052,XIV,https://en.wikisource.org/wiki/Sanskrit_Grammar_(Whitney)/Chapter_XIV#1041
79,desiderative,1026,1040,XIV,https://en.wikisource.org/wiki/Sanskrit_Grammar_(Whitney)/Chapter_XIV#1026
79,ppp,952,958,XIII,https://en.wikisource.org/wiki/Sanskrit_Grammar_(Whitney)/Chapter_XIII#952
79,infinitive,968,979,XIII,https://en.wikisource.org/wiki/Sanskrit_Grammar_(Whitney)/Chapter_XIII#968
80,present_a,733,750,IX,https://en.wikisource.org/wiki/Sanskrit_Grammar_(Whitney)/Chapter_IX#733
80,perfect,781,823,X,https://en.wikisource.org/wiki/Sanskrit_Grammar_(Whitney)/Chapter_X#781
80,aor_class,824,827,XI,https://en.wikisource.org/wiki/Sanskrit_Grammar_(Whitney)/Chapter_XI#824
80,aor_is,898,911,XI,https://en.wikisource.org/wiki/Sanskrit_Grammar_(Whitney)/Chapter_XI#898
80,s_future,931,940,XII,https://en.wikisource.org/wiki/Sanskrit_Grammar_(Whitney)/Chapter_XII#931
80,periphrastic_future,942,949,XII,https://en.wikisource.org/wiki/Sanskrit_Grammar_(Whitney)/Chapter_XII#942
80,causative,1041,1052,XIV,https://en.wikisource.org/wiki/Sanskrit_Grammar_(Whitney)/Chapter_XIV#1041
80,ppp,952,958,XIII,https://en.wikisource.org/wiki/Sanskrit_Grammar_(Whitney)/Chapter_XIII#952
80,infinitive,968,979,XIII,https://en.wikisource.org/wiki/Sanskrit_Grammar_(Whitney)/Chapter_XIII#968
81,present_cur,775,775,IX,https://en.wikisource.org/wiki/Sanskrit_Grammar_(Whitney)/Chapter_IX#775
81,aor_class,824,827,XI,https://en.wikisource.org/wiki/Sanskrit_Grammar_(Whitney)/Chapter_XI#824
81,aor_redup,856,873,XI,https://en.wikisource.org/wiki/Sanskrit_Grammar_(Whitney)/Chapter_XI#856
83,present_ya,759,767,IX,https://en.wikisource.org/wiki/Sanskrit_Grammar_(Whitney)/Chapter_IX#759
83,perfect,781,823,X,https://en.wikisource.org/wiki/Sanskrit_Grammar_(Whitney)/Chapter_X#781
83,aor_class,824,827,XI,https://en.wikisource.org/wiki/Sanskrit_Grammar_(Whitney)/Chapter_XI#824
83,aor_is,898,911,XI,https://en.wikisource.org/wiki/Sanskrit_Grammar_(Whitney)/Chapter_XI#898
84,perfect,781,823,X,https://en.wikisource.org/wiki/Sanskrit_Grammar_(Whitney)/Chapter_X#781
84,aor_class,824,827,XI,https://en.wikisource.org/wiki/Sanskrit_Grammar_(Whitney)/Chapter_XI#824
84,aor_redup,856,873,XI,https://en.wikisource.org/wiki/Sanskrit_Grammar_(Whitney)/Chapter_XI#856
84,aor_is,898,911,XI,https://en.wikisource.org/wiki/Sanskrit_Grammar_(Whitney)/Chapter_XI#898
84,s_future,931,940,XII,https://en.wikisource.org/wiki/Sanskrit_Grammar_(Whitney)/Chapter_XII#931
84,periphrastic_future,942,949,XII,https://en.wikisource.org/wiki/Sanskrit_Grammar_(Whitney)/Chapter_XII#942
84,causative,1041,1052,XIV,https://en.wikisource.org/wiki/Sanskrit_Grammar_(Whitney)/Chapter_XIV#1041
84,desiderative,1026,1040,XIV,https://en.wikisource.org/wiki/Sanskrit_Grammar_(Whitney)/Chapter_XIV#1026
84,intensive,1000,1025,XIV,https://en.wikisource.org/wiki/Sanskrit_Grammar_(Whitney)/Chapter_XIV#1000
84,ppp,952,958,XIII,https://en.wikisource.org/wiki/Sanskrit_Grammar_(Whitney)/Chapter_XIII#952
84,gerund,989,994,XIII,https://en.wikisource.org/wiki/Sanskrit_Grammar_(Whitney)/Chapter_XIII#989
85,present_a,733,750,IX,https://en.wikisource.org/wiki/Sanskrit_Grammar_(Whitney)/Chapter_IX#733
85,perfect,781,823,X,https://en.wikisource.org/wiki/Sanskrit_Grammar_(Whitney)/Chapter_X#781
85,aor_class,824,827,XI,https://en.wikisource.org/wiki/Sanskrit_Grammar_(Whitney)/Chapter_XI#824
85,aor_redup,856,873,XI,https://en.wikisource.org/wiki/Sanskrit_Grammar_(Whitney)/Chapter_XI#856
85,aor_is,898,911,XI,https://en.wikisource.org/wiki/Sanskrit_Grammar_(Whitney)/Chapter_XI#898
85,s_future,931,940,XII,https://en.wikisource.org/wiki/Sanskrit_Grammar_(Whitney)/Chapter_XII#931
85,periphrastic_future,942,949,XII,https://en.wikisource.org/wiki/Sanskrit_Grammar_(Whitney)/Chapter_XII#942
85,causative,1041,1052,XIV,https://en.wikisource.org/wiki/Sanskrit_Grammar_(Whitney)/Chapter_XIV#1041
85,desiderative,1026,1040,XIV,https://en.wikisource.org/wiki/Sanskrit_Grammar_(Whitney)/Chapter_XIV#1026
85,intensive,1000,1025,XIV,https://en.wikisource.org/wiki/Sanskrit_Grammar_(Whitney)/Chapter_XIV#1000
85,ppp,952,958,XIII,https://en.wikisource.org/wiki/Sanskrit_Grammar_(Whitney)/Chapter_XIII#952
85,infinitive,968,979,XIII,https://en.wikisource.org/wiki/Sanskrit_Grammar_(Whitney)/Chapter_XIII#968
85,gerund,989,994,XIII,https://en.wikisource.org/wiki/Sanskrit_Grammar_(Whitney)/Chapter_XIII#989
86,present_a,733,750,IX,https://en.wikisource.org/wiki/Sanskrit_Grammar_(Whitney)/Chapter_IX#733
86,present_redup,642,682,IX,https://en.wikisource.org/wiki/Sanskrit_Grammar_(Whitney)/Chapter_IX#642
86,causative,1041,1052,XIV,https://en.wikisource.org/wiki/Sanskrit_Grammar_(Whitney)/Chapter_XIV#1041
87,present_a,733,750,IX,https://en.wikisource.org/wiki/Sanskrit_Grammar_(Whitney)/Chapter_IX#733
87,perfect,781,823,X,https://en.wikisource.org/wiki/Sanskrit_Grammar_(Whitney)/Chapter_X#781
87,aor_class,824,827,XI,https://en.wikisource.org/wiki/Sanskrit_Grammar_(Whitney)/Chapter_XI#824
87,aor_is,898,911,XI,https://en.wikisource.org/wiki/Sanskrit_Grammar_(Whitney)/Chapter_XI#898
87,s_future,931,940,XII,https://en.wikisource.org/wiki/Sanskrit_Grammar_(Whitney)/Chapter_XII#931
87,periphrastic_future,942,949,XII,https://en.wikisource.org/wiki/Sanskrit_Grammar_(Whitney)/Chapter_XII#942
87,ppp,952,958,XIII,https://en.wikisource.org/wiki/Sanskrit_Grammar_(Whitney)/Chapter_XIII#952
88,present_a,733,750,IX,https://en.wikisource.org/wiki/Sanskrit_Grammar_(Whitney)/Chapter_IX#733
88,perfect,781,823,X,https://en.wikisource.org/wiki/Sanskrit_Grammar_(Whitney)/Chapter_X#781
88,aor_class,824,827,XI,https://en.wikisource.org/wiki/Sanskrit_Grammar_(Whitney)/Chapter_XI#824
88,aor_redup,856,873,XI,https://en.wikisource.org/wiki/Sanskrit_Grammar_(Whitney)/Chapter_XI#856
88,s_future,931,940,XII,https://en.wikisource.org/wiki/Sanskrit_Grammar_(Whitney)/Chapter_XII#931
88,periphrastic_future,942,949,XII,https://en.wikisource.org/wiki/Sanskrit_Grammar_(Whitney)/Chapter_XII#942
88,causative,1041,1052,XIV,https://en.wikisource.org/wiki/Sanskrit_Grammar_(Whitney)/Chapter_XIV#1041
88,desiderative,1026,1040,XIV,https://en.wikisource.org/wiki/Sanskrit_Grammar_(Whitney)/Chapter_XIV#1026
88,intensive,1000,1025,XIV,https://en.wikisource.org/wiki/Sanskrit_Grammar_(Whitney)/Chapter_XIV#1000
88,ppp,952,958,XIII,https://en.wikisource.org/wiki/Sanskrit_Grammar_(Whitney)/Chapter_XIII#952
90,present_a,733,750,IX,https://en.wikisource.org/wiki/Sanskrit_Grammar_(Whitney)/Chapter_IX#733
90,perfect,781,823,X,https://en.wikisource.org/wiki/Sanskrit_Grammar_(Whitney)/Chapter_X#781
90,aor_class,824,827,XI,https://en.wikisource.org/wiki/Sanskrit_Grammar_(Whitney)/Chapter_XI#824
90,aor_redup,856,873,XI,https://en.wikisource.org/wiki/Sanskrit_Grammar_(Whitney)/Chapter_XI#856
90,aor_is,898,911,XI,https://en.wikisource.org/wiki/Sanskrit_Grammar_(Whitney)/Chapter_XI#898
90,s_future,931,940,XII,https://en.wikisource.org/wiki/Sanskrit_Grammar_(Whitney)/Chapter_XII#931
90,periphrastic_future,942,949,XII,https://en.wikisource.org/wiki/Sanskrit_Grammar_(Whitney)/Chapter_XII#942
90,causative,1041,1052,XIV,https://en.wikisource.org/wiki/Sanskrit_Grammar_(Whitney)/Chapter_XIV#1041
90,desiderative,1026,1040,XIV,https://en.wikisource.org/wiki/Sanskrit_Grammar_(Whitney)/Chapter_XIV#1026
90,intensive,1000,1025,XIV,https://en.wikisource.org/wiki/Sanskrit_Grammar_(Whitney)/Chapter_XIV#1000
90,ppp,952,958,XIII,https://en.wikisource.org/wiki/Sanskrit_Grammar_(Whitney)/Chapter_XIII#952
91,present_a,733,750,IX,https://en.wikisource.org/wiki/Sanskrit_Grammar_(Whitney)/Chapter_IX#733
91,perfect,781,823,X,https://en.wikisource.org/wiki/Sanskrit_Grammar_(Whitney)/Chapter_X#781
91,aor_class,824,827,XI,https://en.wikisource.org/wiki/Sanskrit_Grammar_(Whitney)/Chapter_XI#824
91,aor_redup,856,873,XI,https://en.wikisource.org/wiki/Sanskrit_Grammar_(Whitney)/Chapter_XI#856
91,aor_is,898,911,XI,https://en.wikisource.org/wiki/Sanskrit_Grammar_(Whitney)/Chapter_XI#898
91,s_future,931,940,XII,https://en.wikisource.org/wiki/Sanskrit_Grammar_(Whitney)/Chapter_XII#931
91,periphrastic_future,942,949,XII,https://en.wikisource.org/wiki/Sanskrit_Grammar_(Whitney)/Chapter_XII#942
91,causative,1041,1052,XIV,https://en.wikisource.org/wiki/Sanskrit_Grammar_(Whitney)/Chapter_XIV#1041
91,desiderative,1026,1040,XIV,https://en.wikisource.org/wiki/Sanskrit_Grammar_(Whitney)/Chapter_XIV#1026
91,intensive,1000,1025,XIV,https://en.wikisource.org/wiki/Sanskrit_Grammar_(Whitney)/Chapter_XIV#1000
91,ppp,952,958,XIII,https://en.wikisource.org/wiki/Sanskrit_Grammar_(Whitney)/Chapter_XIII#952
91,gerund,989,994,XIII,https://en.wikisource.org/wiki/Sanskrit_Grammar_(Whitney)/Chapter_XIII#989
92,present_a,733,750,IX,https://en.wikisource.org/wiki/Sanskrit_Grammar_(Whitney)/Chapter_IX#733
92,perfect,781,823,X,https://en.wikisource.org/wiki/Sanskrit_Grammar_(Whitney)/Chapter_X#781
92,aor_class,824,827,XI,https://en.wikisource.org/wiki/Sanskrit_Grammar_(Whitney)/Chapter_XI#824
92,aor_redup,856,873,XI,https://en.wikisource.org/wiki/Sanskrit_Grammar_(Whitney)/Chapter_XI#856
92,aor_is,898,911,XI,https://en.wikisource.org/wiki/Sanskrit_Grammar_(Whitney)/Chapter_XI#898
92,s_future,931,940,XII,https://en.wikisource.org/wiki/Sanskrit_Grammar_(Whitney)/Chapter_XII#931
92,periphrastic_future,942,949,XII,https://en.wikisource.org/wiki/Sanskrit_Grammar_(Whitney)/Chapter_XII#942
92,causative,1041,1052,XIV,https://en.wikisource.org/wiki/Sanskrit_Grammar_(Whitney)/Chapter_XIV#1041
92,desiderative,1026,1040,XIV,https://en.wikisource.org/wiki/Sanskrit_Grammar_(Whitney)/Chapter_XIV#1026
92,intensive,1000,1025,XIV,https://en.wikisource.org/wiki/Sanskrit_Grammar_(Whitney)/Chapter_XIV#1000
94,present_a,733,750,IX,https://en.wikisource.org/wiki/Sanskrit_Grammar_(Whitney)/Chapter_IX#733
94,present_acc_a,751,758,IX,https://en.wikisource.org/wiki/Sanskrit_Grammar_(Whitney)/Chapter_IX#751
94,passive_present,768,774,IX,https://en.wikisource.org/wiki/Sanskrit_Grammar_(Whitney)/Chapter_IX#768
94,perfect,781,823,X,https://en.wikisource.org/wiki/Sanskrit_Grammar_(Whitney)/Chapter_X#781
94,aor_class,824,827,XI,https://en.wikisource.org/wiki/Sanskrit_Grammar_(Whitney)/Chapter_XI#824
94,aor_is,898,911,XI,https://en.wikisource.org/wiki/Sanskrit_Grammar_(Whitney)/Chapter_XI#898
94,s_future,931,940,XII,https://en.wikisource.org/wiki/Sanskrit_Grammar_(Whitney)/Chapter_XII#931
94,periphrastic_future,942,949,XII,https://en.wikisource.org/wiki/Sanskrit_Grammar_(Whitney)/Chapter_XII#942
94,causative,1041,1052,XIV,https://en.wikisource.org/wiki/Sanskrit_Grammar_(Whitney)/Chapter_XIV#1041
94,desiderative,1026,1040,XIV,https://en.wikisource.org/wiki/Sanskrit_Grammar_(Whitney)/Chapter_XIV#1026
94,intensive,1000,1025,XIV,https://en.wikisource.org/wiki/Sanskrit_Grammar_(Whitney)/Chapter_XIV#1000
94,ppp,952,958,XIII,https://en.wikisource.org/wiki/Sanskrit_Grammar_(Whitney)/Chapter_XIII#952
95,present_a,733,750,IX,https://en.wikisource.org/wiki/Sanskrit_Grammar_(Whitney)/Chapter_IX#733
96,causative,1041,1052,XIV,https://en.wikisource.org/wiki/Sanskrit_Grammar_(Whitney)/Chapter_XIV#1041
98,causative,1041,1052,XIV,https://en.wikisource.org/wiki/Sanskrit_Grammar_(Whitney)/Chapter_XIV#1041
98,ppp,952,958,XIII,https://en.wikisource.org/wiki/Sanskrit_Grammar_(Whitney)/Chapter_XIII#952
99,present_ya,759,767,IX,https://en.wikisource.org/wiki/Sanskrit_Grammar_(Whitney)/Chapter_IX#759
99,perfect,781,823,X,https://en.wikisource.org/wiki/Sanskrit_Grammar_(Whitney)/Chapter_X#781
99,aor_class,824,827,XI,https://en.wikisource.org/wiki/Sanskrit_Grammar_(Whitney)/Chapter_XI#824
99,aor_a,847,855,XI,https://en.wikisource.org/wiki/Sanskrit_Grammar_(Whitney)/Chapter_XI#847
99,aor_redup,856,873,XI,https://en.wikisource.org/wiki/Sanskrit_Grammar_(Whitney)/Chapter_XI#856
99,aor_is,898,911,XI,https://en.wikisource.org/wiki/Sanskrit_Grammar_(Whitney)/Chapter_XI#898
99,s_future,931,940,XII,https://en.wikisource.org/wiki/Sanskrit_Grammar_(Whitney)/Chapter_XII#931
99,periphrastic_future,942,949,XII,https://en.wikisource.org/wiki/Sanskrit_Grammar_(Whitney)/Chapter_XII#942
99,causative,1041,1052,XIV,https://en.wikisource.org/wiki/Sanskrit_Grammar_(Whitney)/Chapter_XIV#1041
99,desiderative,1026,1040,XIV,https://en.wikisource.org/wiki/Sanskrit_Grammar_(Whitney)/Chapter_XIV#1026
99,intensive,1000,1025,XIV,https://en.wikisource.org/wiki/Sanskrit_Grammar_(Whitney)/Chapter_XIV#1000
99,ppp,952,958,XIII,https://en.wikisource.org/wiki/Sanskrit_Grammar_(Whitney)/Chapter_XIII#952
100,present_acc_a,751,758,IX,https://en.wikisource.org/wiki/Sanskrit_Grammar_(Whitney)/Chapter_IX#751
100,present_na,717,732,IX,https://en.wikisource.org/wiki/Sanskrit_Grammar_(Whitney)/Chapter_IX#717
100,perfect,781,823,X,https://en.wikisource.org/wiki/Sanskrit_Grammar_(Whitney)/Chapter_X#781
100,aor_class,824,827,XI,https://en.wikisource.org/wiki/Sanskrit_Grammar_(Whitney)/Chapter_XI#824
100,aor_is,898,911,XI,https://en.wikisource.org/wiki/Sanskrit_Grammar_(Whitney)/Chapter_XI#898
100,s_future,931,940,XII,https://en.wikisource.org/wiki/Sanskrit_Grammar_(Whitney)/Chapter_XII#931
100,periphrastic_future,942,949,XII,https://en.wikisource.org/wiki/Sanskrit_Grammar_(Whitney)/Chapter_XII#942
100,causative,1041,1052,XIV,https://en.wikisource.org/wiki/Sanskrit_Grammar_(Whitney)/Chapter_XIV#1041
100,desiderative,1026,1040,XIV,https://en.wikisource.org/wiki/Sanskrit_Grammar_(Whitney)/Chapter_XIV#1026
100,intensive,1000,1025,XIV,https://en.wikisource.org/wiki/Sanskrit_Grammar_(Whitney)/Chapter_XIV#1000
101,present_root,611,641,IX,https://en.wikisource.org/wiki/Sanskrit_Grammar_(Whitney)/Chapter_IX#611
101,present_acc_a,751,758,IX,https://en.wikisource.org/wiki/Sanskrit_Grammar_(Whitney)/Chapter_IX#751
101,ppp,952,958,XIII,https://en.wikisource.org/wiki/Sanskrit_Grammar_(Whitney)/Chapter_XIII#952
102,present_a,733,750,IX,https://en.wikisource.org/wiki/Sanskrit_Grammar_(Whitney)/Chapter_IX#733
102,perfect,781,823,X,https://en.wikisource.org/wiki/Sanskrit_Grammar_(Whitney)/Chapter_X#781
102,aor_class,824,827,XI,https://en.wikisource.org/wiki/Sanskrit_Grammar_(Whitney)/Chapter_XI#824
102,aor_root,828,846,XI,https://en.wikisource.org/wiki/Sanskrit_Grammar_(Whitney)/Chapter_XI#828
102,s_future,931,940,XII,https://en.wikisource.org/wiki/Sanskrit_Grammar_(Whitney)/Chapter_XII#931
102,periphrastic_future,942,949,XII,https://en.wikisource.org/wiki/Sanskrit_Grammar_(Whitney)/Chapter_XII#942
102,causative,1041,1052,XIV,https://en.wikisource.org/wiki/Sanskrit_Grammar_(Whitney)/Chapter_XIV#1041
102,desiderative,1026,1040,XIV,https://en.wikisource.org/wiki/Sanskrit_Grammar_(Whitney)/Chapter_XIV#1026
102,intensive,1000,1025,XIV,https://en.wikisource.org/wiki/Sanskrit_Grammar_(Whitney)/Chapter_XIV#1000
102,ppp,952,958,XIII,https://en.wikisource.org/wiki/Sanskrit_Grammar_(Whitney)/Chapter_XIII#952
102,gerund,989,994,XIII,https://en.wikisource.org/wiki/Sanskrit_Grammar_(Whitney)/Chapter_XIII#989
103,causative,1041,1052,XIV,https://en.wikisource.org/wiki/Sanskrit_Grammar_(Whitney)/Chapter_XIV#1041
104,present_a,733,750,IX,https://en.wikisource.org/wiki/Sanskrit_Grammar_(Whitney)/Chapter_IX#733
104,causative,1041,1052,XIV,https://en.wikisource.org/wiki/Sanskrit_Grammar_(Whitney)/Chapter_XIV#1041
105,present_a,733,750,IX,https://en.wikisource.org/wiki/Sanskrit_Grammar_(Whitney)/Chapter_IX#733
105,perfect,781,823,X,https://en.wikisource.org/wiki/Sanskrit_Grammar_(Whitney)/Chapter_X#781
105,aor_class,824,827,XI,https://en.wikisource.org/wiki/Sanskrit_Grammar_(Whitney)/Chapter_XI#824
105,aor_is,898,911,XI,https://en.wikisource.org/wiki/Sanskrit_Grammar_(Whitney)/Chapter_XI#898
105,s_future,931,940,XII,https://en.wikisource.org/wiki/Sanskrit_Grammar_(Whitney)/Chapter_XII#931
105,periphrastic_future,942,949,XII,https://en.wikisource.org/wiki/Sanskrit_Grammar_(Whitney)/Chapter_XII#942
105,ppp,952,958,XIII,https://en.wikisource.org/wiki/Sanskrit_Grammar_(Whitney)/Chapter_XIII#952
106,present_a,733,750,IX,https://en.wikisource.org/wiki/Sanskrit_Grammar_(Whitney)/Chapter_IX#733
106,present_root,611,641,IX,https://en.wikisource.org/wiki/Sanskrit_Grammar_(Whitney)/Chapter_IX#611
106,present_nu_u,697,716,IX,https://en.wikisource.org/wiki/Sanskrit_Grammar_(Whitney)/Chapter_IX#697
106,passive_present,768,774,IX,https://en.wikisource.org/wiki/Sanskrit_Grammar_(Whitney)/Chapter_IX#768
106,perfect,781,823,X,https://en.wikisource.org/wiki/Sanskrit_Grammar_(Whitney)/Chapter_X#781
106,aor_class,824,827,XI,https://en.wikisource.org/wiki/Sanskrit_Grammar_(Whitney)/Chapter_XI#824
106,aor_root,828,846,XI,https://en.wikisource.org/wiki/Sanskrit_Grammar_(Whitney)/Chapter_XI#828
106,aor_a,847,855,XI,https://en.wikisource.org/wiki/Sanskrit_Grammar_(Whitney)/Chapter_XI#847
106,s_future,931,940,XII,https://en.wikisource.org/wiki/Sanskrit_Grammar_(Whitney)/Chapter_XII#931
106,periphrastic_future,942,949,XII,https://en.wikisource.org/wiki/Sanskrit_Grammar_(Whitney)/Chapter_XII#942
106,causative,1041,1052,XIV,https://en.wikisource.org/wiki/Sanskrit_Grammar_(Whitney)/Chapter_XIV#1041
106,desiderative,1026,1040,XIV,https://en.wikisource.org/wiki/Sanskrit_Grammar_(Whitney)/Chapter_XIV#1026
106,intensive,1000,1025,XIV,https://en.wikisource.org/wiki/Sanskrit_Grammar_(Whitney)/Chapter_XIV#1000
106,ppp,952,958,XIII,https://en.wikisource.org/wiki/Sanskrit_Grammar_(Whitney)/Chapter_XIII#952
106,infinitive,968,979,XIII,https://en.wikisource.org/wiki/Sanskrit_Grammar_(Whitney)/Chapter_XIII#968
106,gerund,989,994,XIII,https://en.wikisource.org/wiki/Sanskrit_Grammar_(Whitney)/Chapter_XIII#989
107,present_acc_a,751,758,IX,https://en.wikisource.org/wiki/Sanskrit_Grammar_(Whitney)/Chapter_IX#751
107,passive_present,768,774,IX,https://en.wikisource.org/wiki/Sanskrit_Grammar_(Whitney)/Chapter_IX#768
107,perfect,781,823,X,https://en.wikisource.org/wiki/Sanskrit_Grammar_(Whitney)/Chapter_X#781
107,aor_class,824,827,XI,https://en.wikisource.org/wiki/Sanskrit_Grammar_(Whitney)/Chapter_XI#824
107,aor_root,828,846,XI,https://en.wikisource.org/wiki/Sanskrit_Grammar_(Whitney)/Chapter_XI#828
107,aor_s,878,897,XI,https://en.wikisource.org/wiki/Sanskrit_Grammar_(Whitney)/Chapter_XI#878
107,aor_is,898,911,XI,https://en.wikisource.org/wiki/Sanskrit_Grammar_(Whitney)/Chapter_XI#898
107,s_future,931,940,XII,https://en.wikisource.org/wiki/Sanskrit_Grammar_(Whitney)/Chapter_XII#931
107,periphrastic_future,942,949,XII,https://en.wikisource.org/wiki/Sanskrit_Grammar_(Whitney)/Chapter_XII#942
107,causative,1041,1052,XIV,https://en.wikisource.org/wiki/Sanskrit_Grammar_(Whitney)/Chapter_XIV#1041
107,desiderative,1026,1040,XIV,https://en.wikisource.org/wiki/Sanskrit_Grammar_(Whitney)/Chapter_XIV#1026
107,intensive,1000,1025,XIV,https://en.wikisource.org/wiki/Sanskrit_Grammar_(Whitney)/Chapter_XIV#1000
108,aor_class,824,827,XI,https://en.wikisource.org/wiki/Sanskrit_Grammar_(Whitney)/Chapter_XI#824
108,aor_s,878,897,XI,https://en.wikisource.org/wiki/Sanskrit_Grammar_(Whitney)/Chapter_XI#878
108,aor_is,898,911,XI,https://en.wikisource.org/wiki/Sanskrit_Grammar_(Whitney)/Chapter_XI#898
108,intensive,1000,1025,XIV,https://en.wikisource.org/wiki/Sanskrit_Grammar_(Whitney)/Chapter_XIV#1000
109,present_a,733,750,IX,https://en.wikisource.org/wiki/Sanskrit_Grammar_(Whitney)/Chapter_IX#733
109,present_acc_a,751,758,IX,https://en.wikisource.org/wiki/Sanskrit_Grammar_(Whitney)/Chapter_IX#751
109,passive_present,768,774,IX,https://en.wikisource.org/wiki/Sanskrit_Grammar_(Whitney)/Chapter_IX#768
109,perfect,781,823,X,https://en.wikisource.org/wiki/Sanskrit_Grammar_(Whitney)/Chapter_X#781
109,aor_class,824,827,XI,https://en.wikisource.org/wiki/Sanskrit_Grammar_(Whitney)/Chapter_XI#824
109,aor_a,847,855,XI,https://en.wikisource.org/wiki/Sanskrit_Grammar_(Whitney)/Chapter_XI#847
109,aor_redup,856,873,XI,https://en.wikisource.org/wiki/Sanskrit_Grammar_(Whitney)/Chapter_XI#856
109,aor_is,898,911,XI,https://en.wikisource.org/wiki/Sanskrit_Grammar_(Whitney)/Chapter_XI#898
109,s_future,931,940,XII,https://en.wikisource.org/wiki/Sanskrit_Grammar_(Whitney)/Chapter_XII#931
109,periphrastic_future,942,949,XII,https://en.wikisource.org/wiki/Sanskrit_Grammar_(Whitney)/Chapter_XII#942
109,causative,1041,1052,XIV,https://en.wikisource.org/wiki/Sanskrit_Grammar_(Whitney)/Chapter_XIV#1041
109,desiderative,1026,1040,XIV,https://en.wikisource.org/wiki/Sanskrit_Grammar_(Whitney)/Chapter_XIV#1026
109,intensive,1000,1025,XIV,https://en.wikisource.org/wiki/Sanskrit_Grammar_(Whitney)/Chapter_XIV#1000
109,ppp,952,958,XIII,https://en.wikisource.org/wiki/Sanskrit_Grammar_(Whitney)/Chapter_XIII#952
109,gerund,989,994,XIII,https://en.wikisource.org/wiki/Sanskrit_Grammar_(Whitney)/Chapter_XIII#989
110,present_nasal,683,696,IX,https://en.wikisource.org/wiki/Sanskrit_Grammar_(Whitney)/Chapter_IX#683
110,causative,1041,1052,XIV,https://en.wikisource.org/wiki/Sanskrit_Grammar_(Whitney)/Chapter_XIV#1041
111,present_a,733,750,IX,https://en.wikisource.org/wiki/Sanskrit_Grammar_(Whitney)/Chapter_IX#733
111,perfect,781,823,X,https://en.wikisource.org/wiki/Sanskrit_Grammar_(Whitney)/Chapter_X#781
111,aor_class,824,827,XI,https://en.wikisource.org/wiki/Sanskrit_Grammar_(Whitney)/Chapter_XI#824
111,aor_root,828,846,XI,https://en.wikisource.org/wiki/Sanskrit_Grammar_(Whitney)/Chapter_XI#828
111,aor_is,898,911,XI,https://en.wikisource.org/wiki/Sanskrit_Grammar_(Whitney)/Chapter_XI#898
111,causative,1041,1052,XIV,https://en.wikisource.org/wiki/Sanskrit_Grammar_(Whitney)/Chapter_XIV#1041
112,present_ya,759,767,IX,https://en.wikisource.org/wiki/Sanskrit_Grammar_(Whitney)/Chapter_IX#759
112,perfect,781,823,X,https://en.wikisource.org/wiki/Sanskrit_Grammar_(Whitney)/Chapter_X#781
112,aor_class,824,827,XI,https://en.wikisource.org/wiki/Sanskrit_Grammar_(Whitney)/Chapter_XI#824
112,aor_a,847,855,XI,https://en.wikisource.org/wiki/Sanskrit_Grammar_(Whitney)/Chapter_XI#847
112,s_future,931,940,XII,https://en.wikisource.org/wiki/Sanskrit_Grammar_(Whitney)/Chapter_XII#931
112,periphrastic_future,942,949,XII,https://en.wikisource.org/wiki/Sanskrit_Grammar_(Whitney)/Chapter_XII#942
112,causative,1041,1052,XIV,https://en.wikisource.org/wiki/Sanskrit_Grammar_(Whitney)/Chapter_XIV#1041
112,ppp,952,958,XIII,https://en.wikisource.org/wiki/Sanskrit_Grammar_(Whitney)/Chapter_XIII#952
112,gerund,989,994,XIII,https://en.wikisource.org/wiki/Sanskrit_Grammar_(Whitney)/Chapter_XIII#989
113,present_a,733,750,IX,https://en.wikisource.org/wiki/Sanskrit_Grammar_(Whitney)/Chapter_IX#733
113,present_acc_a,751,758,IX,https://en.wikisource.org/wiki/Sanskrit_Grammar_(Whitney)/Chapter_IX#751
113,passive_present,768,774,IX,https://en.wikisource.org/wiki/Sanskrit_Grammar_(Whitney)/Chapter_IX#768
113,perfect,781,823,X,https://en.wikisource.org/wiki/Sanskrit_Grammar_(Whitney)/Chapter_X#781
113,aor_class,824,827,XI,https://en.wikisource.org/wiki/Sanskrit_Grammar_(Whitney)/Chapter_XI#824
113,aor_redup,856,873,XI,https://en.wikisource.org/wiki/Sanskrit_Grammar_(Whitney)/Chapter_XI#856
113,aor_s,878,897,XI,https://en.wikisource.org/wiki/Sanskrit_Grammar_(Whitney)/Chapter_XI#878
113,s_future,931,940,XII,https://en.wikisource.org/wiki/Sanskrit_Grammar_(Whitney)/Chapter_XII#931
113,periphrastic_future,942,949,XII,https://en.wikisource.org/wiki/Sanskrit_Grammar_(Whitney)/Chapter_XII#942
113,causative,1041,1052,XIV,https://en.wikisource.org/wiki/Sanskrit_Grammar_(Whitney)/Chapter_XIV#1041
113,desiderative,1026,1040,XIV,https://en.wikisource.org/wiki/Sanskrit_Grammar_(Whitney)/Chapter_XIV#1026
113,intensive,1000,1025,XIV,https://en.wikisource.org/wiki/Sanskrit_Grammar_(Whitney)/Chapter_XIV#1000
113,ppp,952,958,XIII,https://en.wikisource.org/wiki/Sanskrit_Grammar_(Whitney)/Chapter_XIII#952
113,infinitive,968,979,XIII,https://en.wikisource.org/wiki/Sanskrit_Grammar_(Whitney)/Chapter_XIII#968
113,gerund,989,994,XIII,https://en.wikisource.org/wiki/Sanskrit_Grammar_(Whitney)/Chapter_XIII#989
114,present_a,733,750,IX,https://en.wikisource.org/wiki/Sanskrit_Grammar_(Whitney)/Chapter_IX#733
114,perfect,781,823,X,https://en.wikisource.org/wiki/Sanskrit_Grammar_(Whitney)/Chapter_X#781
114,aor_class,824,827,XI,https://en.wikisource.org/wiki/Sanskrit_Grammar_(Whitney)/Chapter_XI#824
114,aor_a,847,855,XI,https://en.wikisource.org/wiki/Sanskrit_Grammar_(Whitney)/Chapter_XI#847
114,s_future,931,940,XII,https://en.wikisource.org/wiki/Sanskrit_Grammar_(Whitney)/Chapter_XII#931
114,periphrastic_future,942,949,XII,https://en.wikisource.org/wiki/Sanskrit_Grammar_(Whitney)/Chapter_XII#942
114,causative,1041,1052,XIV,https://en.wikisource.org/wiki/Sanskrit_Grammar_(Whitney)/Chapter_XIV#1041
114,desiderative,1026,1040,XIV,https://en.wikisource.org/wiki/Sanskrit_Grammar_(Whitney)/Chapter_XIV#1026
114,intensive,1000,1025,XIV,https://en.wikisource.org/wiki/Sanskrit_Grammar_(Whitney)/Chapter_XIV#1000
114,ppp,952,958,XIII,https://en.wikisource.org/wiki/Sanskrit_Grammar_(Whitney)/Chapter_XIII#952
114,infinitive,968,979,XIII,https://en.wikisource.org/wiki/Sanskrit_Grammar_(Whitney)/Chapter_XIII#968
114,gerund,989,994,XIII,https://en.wikisource.org/wiki/Sanskrit_Grammar_(Whitney)/Chapter_XIII#989
115,present_ya,759,767,IX,https://en.wikisource.org/wiki/Sanskrit_Grammar_(Whitney)/Chapter_IX#759
115,perfect,781,823,X,https://en.wikisource.org/wiki/Sanskrit_Grammar_(Whitney)/Chapter_X#781
115,aor_class,824,827,XI,https://en.wikisource.org/wiki/Sanskrit_Grammar_(Whitney)/Chapter_XI#824
115,s_future,931,940,XII,https://en.wikisource.org/wiki/Sanskrit_Grammar_(Whitney)/Chapter_XII#931
115,periphrastic_future,942,949,XII,https://en.wikisource.org/wiki/Sanskrit_Grammar_(Whitney)/Chapter_XII#942
115,causative,1041,1052,XIV,https://en.wikisource.org/wiki/Sanskrit_Grammar_(Whitney)/Chapter_XIV#1041
116,present_a,733,750,IX,https://en.wikisource.org/wiki/Sanskrit_Grammar_(Whitney)/Chapter_IX#733
117,present_a,733,750,IX,https://en.wikisource.org/wiki/Sanskrit_Grammar_(Whitney)/Chapter_IX#733
117,causative,1041,1052,XIV,https://en.wikisource.org/wiki/Sanskrit_Grammar_(Whitney)/Chapter_XIV#1041
118,present_a,733,750,IX,https://en.wikisource.org/wiki/Sanskrit_Grammar_(Whitney)/Chapter_IX#733
118,perfect,781,823,X,https://en.wikisource.org/wiki/Sanskrit_Grammar_(Whitney)/Chapter_X#781
118,aor_class,824,827,XI,https://en.wikisource.org/wiki/Sanskrit_Grammar_(Whitney)/Chapter_XI#824
118,aor_a,847,855,XI,https://en.wikisource.org/wiki/Sanskrit_Grammar_(Whitney)/Chapter_XI#847
118,aor_redup,856,873,XI,https://en.wikisource.org/wiki/Sanskrit_Grammar_(Whitney)/Chapter_XI#856
118,aor_s,878,897,XI,https://en.wikisource.org/wiki/Sanskrit_Grammar_(Whitney)/Chapter_XI#878
118,aor_is,898,911,XI,https://en.wikisource.org/wiki/Sanskrit_Grammar_(Whitney)/Chapter_XI#898
118,s_future,931,940,XII,https://en.wikisource.org/wiki/Sanskrit_Grammar_(Whitney)/Chapter_XII#931
118,periphrastic_future,942,949,XII,https://en.wikisource.org/wiki/Sanskrit_Grammar_(Whitney)/Chapter_XII#942
118,causative,1041,1052,XIV,https://en.wikisource.org/wiki/Sanskrit_Grammar_(Whitney)/Chapter_XIV#1041
118,desiderative,1026,1040,XIV,https://en.wikisource.org/wiki/Sanskrit_Grammar_(Whitney)/Chapter_XIV#1026
118,intensive,1000,1025,XIV,https://en.wikisource.org/wiki/Sanskrit_Grammar_(Whitney)/Chapter_XIV#1000
118,ppp,952,958,XIII,https://en.wikisource.org/wiki/Sanskrit_Grammar_(Whitney)/Chapter_XIII#952
118,infinitive,968,979,XIII,https://en.wikisource.org/wiki/Sanskrit_Grammar_(Whitney)/Chapter_XIII#968
119,present_a,733,750,IX,https://en.wikisource.org/wiki/Sanskrit_Grammar_(Whitney)/Chapter_IX#733
119,present_ya,759,767,IX,https://en.wikisource.org/wiki/Sanskrit_Grammar_(Whitney)/Chapter_IX#759
119,passive_present,768,774,IX,https://en.wikisource.org/wiki/Sanskrit_Grammar_(Whitney)/Chapter_IX#768
119,perfect,781,823,X,https://en.wikisource.org/wiki/Sanskrit_Grammar_(Whitney)/Chapter_X#781
119,aor_class,824,827,XI,https://en.wikisource.org/wiki/Sanskrit_Grammar_(Whitney)/Chapter_XI#824
119,aor_root,828,846,XI,https://en.wikisource.org/wiki/Sanskrit_Grammar_(Whitney)/Chapter_XI#828
119,aor_a,847,855,XI,https://en.wikisource.org/wiki/Sanskrit_Grammar_(Whitney)/Chapter_XI#847
119,aor_redup,856,873,XI,https://en.wikisource.org/wiki/Sanskrit_Grammar_(Whitney)/Chapter_XI#856
119,aor_s,878,897,XI,https://en.wikisource.org/wiki/Sanskrit_Grammar_(Whitney)/Chapter_XI#878
119,aor_is,898,911,XI,https://en.wikisource.org/wiki/Sanskrit_Grammar_(Whitney)/Chapter_XI#898
119,s_future,931,940,XII,https://en.wikisource.org/wiki/Sanskrit_Grammar_(Whitney)/Chapter_XII#931
119,periphrastic_future,942,949,XII,https://en.wikisource.org/wiki/Sanskrit_Grammar_(Whitney)/Chapter_XII#942
119,causative,1041,1052,XIV,https://en.wikisource.org/wiki/Sanskrit_Grammar_(Whitney)/Chapter_XIV#1041
119,desiderative,1026,1040,XIV,https://en.wikisource.org/wiki/Sanskrit_Grammar_(Whitney)/Chapter_XIV#1026
119,intensive,1000,1025,XIV,https://en.wikisource.org/wiki/Sanskrit_Grammar_(Whitney)/Chapter_XIV#1000
119,ppp,952,958,XIII,https://en.wikisource.org/wiki/Sanskrit_Grammar_(Whitney)/Chapter_XIII#952
119,infinitive,968,979,XIII,https://en.wikisource.org/wiki/Sanskrit_Grammar_(Whitney)/Chapter_XIII#968
119,gerund,989,994,XIII,https://en.wikisource.org/wiki/Sanskrit_Grammar_(Whitney)/Chapter_XIII#989
120,present_na,717,732,IX,https://en.wikisource.org/wiki/Sanskrit_Grammar_(Whitney)/Chapter_IX#717
120,passive_present,768,774,IX,https://en.wikisource.org/wiki/Sanskrit_Grammar_(Whitney)/Chapter_IX#768
120,perfect,781,823,X,https://en.wikisource.org/wiki/Sanskrit_Grammar_(Whitney)/Chapter_X#781
120,aor_class,824,827,XI,https://en.wikisource.org/wiki/Sanskrit_Grammar_(Whitney)/Chapter_XI#824
120,s_future,931,940,XII,https://en.wikisource.org/wiki/Sanskrit_Grammar_(Whitney)/Chapter_XII#931
120,periphrastic_future,942,949,XII,https://en.wikisource.org/wiki/Sanskrit_Grammar_(Whitney)/Chapter_XII#942
120,causative,1041,1052,XIV,https://en.wikisource.org/wiki/Sanskrit_Grammar_(Whitney)/Chapter_XIV#1041
120,desiderative,1026,1040,XIV,https://en.wikisource.org/wiki/Sanskrit_Grammar_(Whitney)/Chapter_XIV#1026
120,intensive,1000,1025,XIV,https://en.wikisource.org/wiki/Sanskrit_Grammar_(Whitney)/Chapter_XIV#1000
120,ppp,952,958,XIII,https://en.wikisource.org/wiki/Sanskrit_Grammar_(Whitney)/Chapter_XIII#952
120,infinitive,968,979,XIII,https://en.wikisource.org/wiki/Sanskrit_Grammar_(Whitney)/Chapter_XIII#968
120,gerund,989,994,XIII,https://en.wikisource.org/wiki/Sanskrit_Grammar_(Whitney)/Chapter_XIII#989
121,present_a,733,750,IX,https://en.wikisource.org/wiki/Sanskrit_Grammar_(Whitney)/Chapter_IX#733
121,perfect,781,823,X,https://en.wikisource.org/wiki/Sanskrit_Grammar_(Whitney)/Chapter_X#781
121,aor_class,824,827,XI,https://en.wikisource.org/wiki/Sanskrit_Grammar_(Whitney)/Chapter_XI#824
121,aor_redup,856,873,XI,https://en.wikisource.org/wiki/Sanskrit_Grammar_(Whitney)/Chapter_XI#856
121,aor_is,898,911,XI,https://en.wikisource.org/wiki/Sanskrit_Grammar_(Whitney)/Chapter_XI#898
121,s_future,931,940,XII,https://en.wikisource.org/wiki/Sanskrit_Grammar_(Whitney)/Chapter_XII#931
121,periphrastic_future,942,949,XII,https://en.wikisource.org/wiki/Sanskrit_Grammar_(Whitney)/Chapter_XII#942
121,causative,1041,1052,XIV,https://en.wikisource.org/wiki/Sanskrit_Grammar_(Whitney)/Chapter_XIV#1041
121,desiderative,1026,1040,XIV,https://en.wikisource.org/wiki/Sanskrit_Grammar_(Whitney)/Chapter_XIV#1026
121,intensive,1000,1025,XIV,https://en.wikisource.org/wiki/Sanskrit_Grammar_(Whitney)/Chapter_XIV#1000
121,ppp,952,958,XIII,https://en.wikisource.org/wiki/Sanskrit_Grammar_(Whitney)/Chapter_XIII#952
121,infinitive,968,979,XIII,https://en.wikisource.org/wiki/Sanskrit_Grammar_(Whitney)/Chapter_XIII#968
121,gerund,989,994,XIII,https://en.wikisource.org/wiki/Sanskrit_Grammar_(Whitney)/Chapter_XIII#989
123,present_ya,759,767,IX,https://en.wikisource.org/wiki/Sanskrit_Grammar_(Whitney)/Chapter_IX#759
123,perfect,781,823,X,https://en.wikisource.org/wiki/Sanskrit_Grammar_(Whitney)/Chapter_X#781
123,aor_class,824,827,XI,https://en.wikisource.org/wiki/Sanskrit_Grammar_(Whitney)/Chapter_XI#824
123,aor_a,847,855,XI,https://en.wikisource.org/wiki/Sanskrit_Grammar_(Whitney)/Chapter_XI#847
123,aor_redup,856,873,XI,https://en.wikisource.org/wiki/Sanskrit_Grammar_(Whitney)/Chapter_XI#856
123,s_future,931,940,XII,https://en.wikisource.org/wiki/Sanskrit_Grammar_(Whitney)/Chapter_XII#931
123,periphrastic_future,942,949,XII,https://en.wikisource.org/wiki/Sanskrit_Grammar_(Whitney)/Chapter_XII#942
123,causative,1041,1052,XIV,https://en.wikisource.org/wiki/Sanskrit_Grammar_(Whitney)/Chapter_XIV#1041
123,desiderative,1026,1040,XIV,https://en.wikisource.org/wiki/Sanskrit_Grammar_(Whitney)/Chapter_XIV#1026
123,intensive,1000,1025,XIV,https://en.wikisource.org/wiki/Sanskrit_Grammar_(Whitney)/Chapter_XIV#1000
123,ppp,952,958,XIII,https://en.wikisource.org/wiki/Sanskrit_Grammar_(Whitney)/Chapter_XIII#952
123,infinitive,968,979,XIII,https://en.wikisource.org/wiki/Sanskrit_Grammar_(Whitney)/Chapter_XIII#968
123,gerund,989,994,XIII,https://en.wikisource.org/wiki/Sanskrit_Grammar_(Whitney)/Chapter_XIII#989
124,present_a,733,750,IX,https://en.wikisource.org/wiki/Sanskrit_Grammar_(Whitney)/Chapter_IX#733
124,passive_present,768,774,IX,https://en.wikisource.org/wiki/Sanskrit_Grammar_(Whitney)/Chapter_IX#768
124,perfect,781,823,X,https://en.wikisource.org/wiki/Sanskrit_Grammar_(Whitney)/Chapter_X#781
124,aor_class,824,827,XI,https://en.wikisource.org/wiki/Sanskrit_Grammar_(Whitney)/Chapter_XI#824
124,s_future,931,940,XII,https://en.wikisource.org/wiki/Sanskrit_Grammar_(Whitney)/Chapter_XII#931
124,periphrastic_future,942,949,XII,https://en.wikisource.org/wiki/Sanskrit_Grammar_(Whitney)/Chapter_XII#942
124,causative,1041,1052,XIV,https://en.wikisource.org/wiki/Sanskrit_Grammar_(Whitney)/Chapter_XIV#1041
124,desiderative,1026,1040,XIV,https://en.wikisource.org/wiki/Sanskrit_Grammar_(Whitney)/Chapter_XIV#1026
124,intensive,1000,1025,XIV,https://en.wikisource.org/wiki/Sanskrit_Grammar_(Whitney)/Chapter_XIV#1000
124,ppp,952,958,XIII,https://en.wikisource.org/wiki/Sanskrit_Grammar_(Whitney)/Chapter_XIII#952
124,infinitive,968,979,XIII,https://en.wikisource.org/wiki/Sanskrit_Grammar_(Whitney)/Chapter_XIII#968
124,gerund,989,994,XIII,https://en.wikisource.org/wiki/Sanskrit_Grammar_(Whitney)/Chapter_XIII#989
125,causative,1041,1052,XIV,https://en.wikisource.org/wiki/Sanskrit_Grammar_(Whitney)/Chapter_XIV#1041
126,present_a,733,750,IX,https://en.wikisource.org/wiki/Sanskrit_Grammar_(Whitney)/Chapter_IX#733
128,present_ya,759,767,IX,https://en.wikisource.org/wiki/Sanskrit_Grammar_(Whitney)/Chapter_IX#759
128,perfect,781,823,X,https://en.wikisource.org/wiki/Sanskrit_Grammar_(Whitney)/Chapter_X#781
128,aor_class,824,827,XI,https://en.wikisource.org/wiki/Sanskrit_Grammar_(Whitney)/Chapter_XI#824
128,aor_is,898,911,XI,https://en.wikisource.org/wiki/Sanskrit_Grammar_(Whitney)/Chapter_XI#898
128,s_future,931,940,XII,https://en.wikisource.org/wiki/Sanskrit_Grammar_(Whitney)/Chapter_XII#931
128,periphrastic_future,942,949,XII,https://en.wikisource.org/wiki/Sanskrit_Grammar_(Whitney)/Chapter_XII#942
128,causative,1041,1052,XIV,https://en.wikisource.org/wiki/Sanskrit_Grammar_(Whitney)/Chapter_XIV#1041
128,ppp,952,958,XIII,https://en.wikisource.org/wiki/Sanskrit_Grammar_(Whitney)/Chapter_XIII#952
130,present_a,733,750,IX,https://en.wikisource.org/wiki/Sanskrit_Grammar_(Whitney)/Chapter_IX#733
130,present_ya,759,767,IX,https://en.wikisource.org/wiki/Sanskrit_Grammar_(Whitney)/Chapter_IX#759
130,perfect,781,823,X,https://en.wikisource.org/wiki/Sanskrit_Grammar_(Whitney)/Chapter_X#781
130,aor_class,824,827,XI,https://en.wikisource.org/wiki/Sanskrit_Grammar_(Whitney)/Chapter_XI#824
130,aor_root,828,846,XI,https://en.wikisource.org/wiki/Sanskrit_Grammar_(Whitney)/Chapter_XI#828
130,aor_redup,856,873,XI,https://en.wikisource.org/wiki/Sanskrit_Grammar_(Whitney)/Chapter_XI#856
130,s_future,931,940,XII,https://en.wikisource.org/wiki/Sanskrit_Grammar_(Whitney)/Chapter_XII#931
130,periphrastic_future,942,949,XII,https://en.wikisource.org/wiki/Sanskrit_Grammar_(Whitney)/Chapter_XII#942
130,causative,1041,1052,XIV,https://en.wikisource.org/wiki/Sanskrit_Grammar_(Whitney)/Chapter_XIV#1041
130,desiderative,1026,1040,XIV,https://en.wikisource.org/wiki/Sanskrit_Grammar_(Whitney)/Chapter_XIV#1026
130,intensive,1000,1025,XIV,https://en.wikisource.org/wiki/Sanskrit_Grammar_(Whitney)/Chapter_XIV#1000
130,ppp,952,958,XIII,https://en.wikisource.org/wiki/Sanskrit_Grammar_(Whitney)/Chapter_XIII#952
130,gerund,989,994,XIII,https://en.wikisource.org/wiki/Sanskrit_Grammar_(Whitney)/Chapter_XIII#989
131,present_ya,759,767,IX,https://en.wikisource.org/wiki/Sanskrit_Grammar_(Whitney)/Chapter_IX#759
131,present_na,717,732,IX,https://en.wikisource.org/wiki/Sanskrit_Grammar_(Whitney)/Chapter_IX#717
131,perfect,781,823,X,https://en.wikisource.org/wiki/Sanskrit_Grammar_(Whitney)/Chapter_X#781
131,aor_class,824,827,XI,https://en.wikisource.org/wiki/Sanskrit_Grammar_(Whitney)/Chapter_XI#824
131,aor_redup,856,873,XI,https://en.wikisource.org/wiki/Sanskrit_Grammar_(Whitney)/Chapter_XI#856
131,aor_is,898,911,XI,https://en.wikisource.org/wiki/Sanskrit_Grammar_(Whitney)/Chapter_XI#898
131,s_future,931,940,XII,https://en.wikisource.org/wiki/Sanskrit_Grammar_(Whitney)/Chapter_XII#931
131,periphrastic_future,942,949,XII,https://en.wikisource.org/wiki/Sanskrit_Grammar_(Whitney)/Chapter_XII#942
131,causative,1041,1052,XIV,https://en.wikisource.org/wiki/Sanskrit_Grammar_(Whitney)/Chapter_XIV#1041
131,desiderative,1026,1040,XIV,https://en.wikisource.org/wiki/Sanskrit_Grammar_(Whitney)/Chapter_XIV#1026
131,intensive,1000,1025,XIV,https://en.wikisource.org/wiki/Sanskrit_Grammar_(Whitney)/Chapter_XIV#1000
131,ppp,952,958,XIII,https://en.wikisource.org/wiki/Sanskrit_Grammar_(Whitney)/Chapter_XIII#952
131,infinitive,968,979,XIII,https://en.wikisource.org/wiki/Sanskrit_Grammar_(Whitney)/Chapter_XIII#968
131,gerund,989,994,XIII,https://en.wikisource.org/wiki/Sanskrit_Grammar_(Whitney)/Chapter_XIII#989
132,present_a,733,750,IX,https://en.wikisource.org/wiki/Sanskrit_Grammar_(Whitney)/Chapter_IX#733
132,perfect,781,823,X,https://en.wikisource.org/wiki/Sanskrit_Grammar_(Whitney)/Chapter_X#781
132,aor_class,824,827,XI,https://en.wikisource.org/wiki/Sanskrit_Grammar_(Whitney)/Chapter_XI#824
132,aor_is,898,911,XI,https://en.wikisource.org/wiki/Sanskrit_Grammar_(Whitney)/Chapter_XI#898
132,s_future,931,940,XII,https://en.wikisource.org/wiki/Sanskrit_Grammar_(Whitney)/Chapter_XII#931
132,periphrastic_future,942,949,XII,https://en.wikisource.org/wiki/Sanskrit_Grammar_(Whitney)/Chapter_XII#942
132,causative,1041,1052,XIV,https://en.wikisource.org/wiki/Sanskrit_Grammar_(Whitney)/Chapter_XIV#1041
133,present_a,733,750,IX,https://en.wikisource.org/wiki/Sanskrit_Grammar_(Whitney)/Chapter_IX#733
133,perfect,781,823,X,https://en.wikisource.org/wiki/Sanskrit_Grammar_(Whitney)/Chapter_X#781
133,aor_class,824,827,XI,https://en.wikisource.org/wiki/Sanskrit_Grammar_(Whitney)/Chapter_XI#824
133,aor_is,898,911,XI,https://en.wikisource.org/wiki/Sanskrit_Grammar_(Whitney)/Chapter_XI#898
133,s_future,931,940,XII,https://en.wikisource.org/wiki/Sanskrit_Grammar_(Whitney)/Chapter_XII#931
133,periphrastic_future,942,949,XII,https://en.wikisource.org/wiki/Sanskrit_Grammar_(Whitney)/Chapter_XII#942
133,causative,1041,1052,XIV,https://en.wikisource.org/wiki/Sanskrit_Grammar_(Whitney)/Chapter_XIV#1041
134,present_a,733,750,IX,https://en.wikisource.org/wiki/Sanskrit_Grammar_(Whitney)/Chapter_IX#733
134,perfect,781,823,X,https://en.wikisource.org/wiki/Sanskrit_Grammar_(Whitney)/Chapter_X#781
135,present_nu_u,697,716,IX,https://en.wikisource.org/wiki/Sanskrit_Grammar_(Whitney)/Chapter_IX#697
135,perfect,781,823,X,https://en.wikisource.org/wiki/Sanskrit_Grammar_(Whitney)/Chapter_X#781
135,aor_class,824,827,XI,https://en.wikisource.org/wiki/Sanskrit_Grammar_(Whitney)/Chapter_XI#824
135,aor_root,828,846,XI,https://en.wikisource.org/wiki/Sanskrit_Grammar_(Whitney)/Chapter_XI#828
135,aor_is,898,911,XI,https://en.wikisource.org/wiki/Sanskrit_Grammar_(Whitney)/Chapter_XI#898
135,s_future,931,940,XII,https://en.wikisource.org/wiki/Sanskrit_Grammar_(Whitney)/Chapter_XII#931
135,periphrastic_future,942,949,XII,https://en.wikisource.org/wiki/Sanskrit_Grammar_(Whitney)/Chapter_XII#942
135,causative,1041,1052,XIV,https://en.wikisource.org/wiki/Sanskrit_Grammar_(Whitney)/Chapter_XIV#1041
135,desiderative,1026,1040,XIV,https://en.wikisource.org/wiki/Sanskrit_Grammar_(Whitney)/Chapter_XIV#1026
135,intensive,1000,1025,XIV,https://en.wikisource.org/wiki/Sanskrit_Grammar_(Whitney)/Chapter_XIV#1000
136,present_a,733,750,IX,https://en.wikisource.org/wiki/Sanskrit_Grammar_(Whitney)/Chapter_IX#733
137,present_a,733,750,IX,https://en.wikisource.org/wiki/Sanskrit_Grammar_(Whitney)/Chapter_IX#733
137,present_ya,759,767,IX,https://en.wikisource.org/wiki/Sanskrit_Grammar_(Whitney)/Chapter_IX#759
137,passive_present,768,774,IX,https://en.wikisource.org/wiki/Sanskrit_Grammar_(Whitney)/Chapter_IX#768
137,perfect,781,823,X,https://en.wikisource.org/wiki/Sanskrit_Grammar_(Whitney)/Chapter_X#781
137,aor_class,824,827,XI,https://en.wikisource.org/wiki/Sanskrit_Grammar_(Whitney)/Chapter_XI#824
137,aor_a,847,855,XI,https://en.wikisource.org/wiki/Sanskrit_Grammar_(Whitney)/Chapter_XI#847
137,aor_redup,856,873,XI,https://en.wikisource.org/wiki/Sanskrit_Grammar_(Whitney)/Chapter_XI#856
137,aor_s,878,897,XI,https://en.wikisource.org/wiki/Sanskrit_Grammar_(Whitney)/Chapter_XI#878
137,aor_is,898,911,XI,https://en.wikisource.org/wiki/Sanskrit_Grammar_(Whitney)/Chapter_XI#898
137,s_future,931,940,XII,https://en.wikisource.org/wiki/Sanskrit_Grammar_(Whitney)/Chapter_XII#931
137,periphrastic_future,942,949,XII,https://en.wikisource.org/wiki/Sanskrit_Grammar_(Whitney)/Chapter_XII#942
137,causative,1041,1052,XIV,https://en.wikisource.org/wiki/Sanskrit_Grammar_(Whitney)/Chapter_XIV#1041
137,desiderative,1026,1040,XIV,https://en.wikisource.org/wiki/Sanskrit_Grammar_(Whitney)/Chapter_XIV#1026
137,intensive,1000,1025,XIV,https://en.wikisource.org/wiki/Sanskrit_Grammar_(Whitney)/Chapter_XIV#1000
137,ppp,952,958,XIII,https://en.wikisource.org/wiki/Sanskrit_Grammar_(Whitney)/Chapter_XIII#952
137,infinitive,968,979,XIII,https://en.wikisource.org/wiki/Sanskrit_Grammar_(Whitney)/Chapter_XIII#968
138,present_a,733,750,IX,https://en.wikisource.org/wiki/Sanskrit_Grammar_(Whitney)/Chapter_IX#733
138,perfect,781,823,X,https://en.wikisource.org/wiki/Sanskrit_Grammar_(Whitney)/Chapter_X#781
138,aor_class,824,827,XI,https://en.wikisource.org/wiki/Sanskrit_Grammar_(Whitney)/Chapter_XI#824
138,s_future,931,940,XII,https://en.wikisource.org/wiki/Sanskrit_Grammar_(Whitney)/Chapter_XII#931
138,periphrastic_future,942,949,XII,https://en.wikisource.org/wiki/Sanskrit_Grammar_(Whitney)/Chapter_XII#942
138,causative,1041,1052,XIV,https://en.wikisource.org/wiki/Sanskrit_Grammar_(Whitney)/Chapter_XIV#1041
138,desiderative,1026,1040,XIV,https://en.wikisource.org/wiki/Sanskrit_Grammar_(Whitney)/Chapter_XIV#1026
138,intensive,1000,1025,XIV,https://en.wikisource.org/wiki/Sanskrit_Grammar_(Whitney)/Chapter_XIV#1000
138,ppp,952,958,XIII,https://en.wikisource.org/wiki/Sanskrit_Grammar_(Whitney)/Chapter_XIII#952
139,causative,1041,1052,XIV,https://en.wikisource.org/wiki/Sanskrit_Grammar_(Whitney)/Chapter_XIV#1041
140,present_ya,759,767,IX,https://en.wikisource.org/wiki/Sanskrit_Grammar_(Whitney)/Chapter_IX#759
140,causative,1041,1052,XIV,https://en.wikisource.org/wiki/Sanskrit_Grammar_(Whitney)/Chapter_XIV#1041
140,ppp,952,958,XIII,https://en.wikisource.org/wiki/Sanskrit_Grammar_(Whitney)/Chapter_XIII#952
141,present_a,733,750,IX,https://en.wikisource.org/wiki/Sanskrit_Grammar_(Whitney)/Chapter_IX#733
141,present_root,611,641,IX,https://en.wikisource.org/wiki/Sanskrit_Grammar_(Whitney)/Chapter_IX#611
141,present_acc_a,751,758,IX,https://en.wikisource.org/wiki/Sanskrit_Grammar_(Whitney)/Chapter_IX#751
141,perfect,781,823,X,https://en.wikisource.org/wiki/Sanskrit_Grammar_(Whitney)/Chapter_X#781
141,aor_class,824,827,XI,https://en.wikisource.org/wiki/Sanskrit_Grammar_(Whitney)/Chapter_XI#824
141,aor_s,878,897,XI,https://en.wikisource.org/wiki/Sanskrit_Grammar_(Whitney)/Chapter_XI#878
141,s_future,931,940,XII,https://en.wikisource.org/wiki/Sanskrit_Grammar_(Whitney)/Chapter_XII#931
141,causative,1041,1052,XIV,https://en.wikisource.org/wiki/Sanskrit_Grammar_(Whitney)/Chapter_XIV#1041
142,present_a,733,750,IX,https://en.wikisource.org/wiki/Sanskrit_Grammar_(Whitney)/Chapter_IX#733
142,present_root,611,641,IX,https://en.wikisource.org/wiki/Sanskrit_Grammar_(Whitney)/Chapter_IX#611
142,present_ya,759,767,IX,https://en.wikisource.org/wiki/Sanskrit_Grammar_(Whitney)/Chapter_IX#759
142,present_nu_u,697,716,IX,https://en.wikisource.org/wiki/Sanskrit_Grammar_(Whitney)/Chapter_IX#697
142,present_na,717,732,IX,https://en.wikisource.org/wiki/Sanskrit_Grammar_(Whitney)/Chapter_IX#717
142,passive_present,768,774,IX,https://en.wikisource.org/wiki/Sanskrit_Grammar_(Whitney)/Chapter_IX#768
142,perfect,781,823,X,https://en.wikisource.org/wiki/Sanskrit_Grammar_(Whitney)/Chapter_X#781
142,aor_class,824,827,XI,https://en.wikisource.org/wiki/Sanskrit_Grammar_(Whitney)/Chapter_XI#824
142,aor_root,828,846,XI,https://en.wikisource.org/wiki/Sanskrit_Grammar_(Whitney)/Chapter_XI#828
142,aor_s,878,897,XI,https://en.wikisource.org/wiki/Sanskrit_Grammar_(Whitney)/Chapter_XI#878
142,s_future,931,940,XII,https://en.wikisource.org/wiki/Sanskrit_Grammar_(Whitney)/Chapter_XII#931
142,periphrastic_future,942,949,XII,https://en.wikisource.org/wiki/Sanskrit_Grammar_(Whitney)/Chapter_XII#942
142,causative,1041,1052,XIV,https://en.wikisource.org/wiki/Sanskrit_Grammar_(Whitney)/Chapter_XIV#1041
142,desiderative,1026,1040,XIV,https://en.wikisource.org/wiki/Sanskrit_Grammar_(Whitney)/Chapter_XIV#1026
142,intensive,1000,1025,XIV,https://en.wikisource.org/wiki/Sanskrit_Grammar_(Whitney)/Chapter_XIV#1000
142,ppp,952,958,XIII,https://en.wikisource.org/wiki/Sanskrit_Grammar_(Whitney)/Chapter_XIII#952
142,gerund,989,994,XIII,https://en.wikisource.org/wiki/Sanskrit_Grammar_(Whitney)/Chapter_XIII#989
143,present_acc_a,751,758,IX,https://en.wikisource.org/wiki/Sanskrit_Grammar_(Whitney)/Chapter_IX#751
143,passive_present,768,774,IX,https://en.wikisource.org/wiki/Sanskrit_Grammar_(Whitney)/Chapter_IX#768
143,perfect,781,823,X,https://en.wikisource.org/wiki/Sanskrit_Grammar_(Whitney)/Chapter_X#781
143,aor_class,824,827,XI,https://en.wikisource.org/wiki/Sanskrit_Grammar_(Whitney)/Chapter_XI#824
143,aor_root,828,846,XI,https://en.wikisource.org/wiki/Sanskrit_Grammar_(Whitney)/Chapter_XI#828
143,aor_redup,856,873,XI,https://en.wikisource.org/wiki/Sanskrit_Grammar_(Whitney)/Chapter_XI#856
143,aor_s,878,897,XI,https://en.wikisource.org/wiki/Sanskrit_Grammar_(Whitney)/Chapter_XI#878
143,s_future,931,940,XII,https://en.wikisource.org/wiki/Sanskrit_Grammar_(Whitney)/Chapter_XII#931
143,periphrastic_future,942,949,XII,https://en.wikisource.org/wiki/Sanskrit_Grammar_(Whitney)/Chapter_XII#942
143,causative,1041,1052,XIV,https://en.wikisource.org/wiki/Sanskrit_Grammar_(Whitney)/Chapter_XIV#1041
143,desiderative,1026,1040,XIV,https://en.wikisource.org/wiki/Sanskrit_Grammar_(Whitney)/Chapter_XIV#1026
143,intensive,1000,1025,XIV,https://en.wikisource.org/wiki/Sanskrit_Grammar_(Whitney)/Chapter_XIV#1000
143,ppp,952,958,XIII,https://en.wikisource.org/wiki/Sanskrit_Grammar_(Whitney)/Chapter_XIII#952
143,infinitive,968,979,XIII,https://en.wikisource.org/wiki/Sanskrit_Grammar_(Whitney)/Chapter_XIII#968
143,gerund,989,994,XIII,https://en.wikisource.org/wiki/Sanskrit_Grammar_(Whitney)/Chapter_XIII#989
144,present_root,611,641,IX,https://en.wikisource.org/wiki/Sanskrit_Grammar_(Whitney)/Chapter_IX#611
144,perfect,781,823,X,https://en.wikisource.org/wiki/Sanskrit_Grammar_(Whitney)/Chapter_X#781
144,aor_class,824,827,XI,https://en.wikisource.org/wiki/Sanskrit_Grammar_(Whitney)/Chapter_XI#824
144,aor_is,898,911,XI,https://en.wikisource.org/wiki/Sanskrit_Grammar_(Whitney)/Chapter_XI#898
144,s_future,931,940,XII,https://en.wikisource.org/wiki/Sanskrit_Grammar_(Whitney)/Chapter_XII#931
144,periphrastic_future,942,949,XII,https://en.wikisource.org/wiki/Sanskrit_Grammar_(Whitney)/Chapter_XII#942
144,desiderative,1026,1040,XIV,https://en.wikisource.org/wiki/Sanskrit_Grammar_(Whitney)/Chapter_XIV#1026
144,ppp,952,958,XIII,https://en.wikisource.org/wiki/Sanskrit_Grammar_(Whitney)/Chapter_XIII#952
144,gerund,989,994,XIII,https://en.wikisource.org/wiki/Sanskrit_Grammar_(Whitney)/Chapter_XIII#989
145,present_a,733,750,IX,https://en.wikisource.org/wiki/Sanskrit_Grammar_(Whitney)/Chapter_IX#733
145,present_nasal,683,696,IX,https://en.wikisource.org/wiki/Sanskrit_Grammar_(Whitney)/Chapter_IX#683
145,perfect,781,823,X,https://en.wikisource.org/wiki/Sanskrit_Grammar_(Whitney)/Chapter_X#781
145,aor_class,824,827,XI,https://en.wikisource.org/wiki/Sanskrit_Grammar_(Whitney)/Chapter_XI#824
145,aor_a,847,855,XI,https://en.wikisource.org/wiki/Sanskrit_Grammar_(Whitney)/Chapter_XI#847
145,aor_sis,912,915,XI,https://en.wikisource.org/wiki/Sanskrit_Grammar_(Whitney)/Chapter_XI#912
145,s_future,931,940,XII,https://en.wikisource.org/wiki/Sanskrit_Grammar_(Whitney)/Chapter_XII#931
145,periphrastic_future,942,949,XII,https://en.wikisource.org/wiki/Sanskrit_Grammar_(Whitney)/Chapter_XII#942
145,causative,1041,1052,XIV,https://en.wikisource.org/wiki/Sanskrit_Grammar_(Whitney)/Chapter_XIV#1041
145,ppp,952,958,XIII,https://en.wikisource.org/wiki/Sanskrit_Grammar_(Whitney)/Chapter_XIII#952
145,gerund,989,994,XIII,https://en.wikisource.org/wiki/Sanskrit_Grammar_(Whitney)/Chapter_XIII#989
146,present_ya,759,767,IX,https://en.wikisource.org/wiki/Sanskrit_Grammar_(Whitney)/Chapter_IX#759
146,perfect,781,823,X,https://en.wikisource.org/wiki/Sanskrit_Grammar_(Whitney)/Chapter_X#781
146,aor_class,824,827,XI,https://en.wikisource.org/wiki/Sanskrit_Grammar_(Whitney)/Chapter_XI#824
146,aor_a,847,855,XI,https://en.wikisource.org/wiki/Sanskrit_Grammar_(Whitney)/Chapter_XI#847
146,s_future,931,940,XII,https://en.wikisource.org/wiki/Sanskrit_Grammar_(Whitney)/Chapter_XII#931
146,periphrastic_future,942,949,XII,https://en.wikisource.org/wiki/Sanskrit_Grammar_(Whitney)/Chapter_XII#942
146,ppp,952,958,XIII,https://en.wikisource.org/wiki/Sanskrit_Grammar_(Whitney)/Chapter_XIII#952
146,gerund,989,994,XIII,https://en.wikisource.org/wiki/Sanskrit_Grammar_(Whitney)/Chapter_XIII#989
147,present_acc_a,751,758,IX,https://en.wikisource.org/wiki/Sanskrit_Grammar_(Whitney)/Chapter_IX#751
148,present_a,733,750,IX,https://en.wikisource.org/wiki/Sanskrit_Grammar_(Whitney)/Chapter_IX#733
148,present_ya,759,767,IX,https://en.wikisource.org/wiki/Sanskrit_Grammar_(Whitney)/Chapter_IX#759
148,present_nu_u,697,716,IX,https://en.wikisource.org/wiki/Sanskrit_Grammar_(Whitney)/Chapter_IX#697
148,present_na,717,732,IX,https://en.wikisource.org/wiki/Sanskrit_Grammar_(Whitney)/Chapter_IX#717
148,perfect,781,823,X,https://en.wikisource.org/wiki/Sanskrit_Grammar_(Whitney)/Chapter_X#781
148,aor_class,824,827,XI,https://en.wikisource.org/wiki/Sanskrit_Grammar_(Whitney)/Chapter_XI#824
148,aor_a,847,855,XI,https://en.wikisource.org/wiki/Sanskrit_Grammar_(Whitney)/Chapter_XI#847
148,aor_redup,856,873,XI,https://en.wikisource.org/wiki/Sanskrit_Grammar_(Whitney)/Chapter_XI#856
148,aor_is,898,911,XI,https://en.wikisource.org/wiki/Sanskrit_Grammar_(Whitney)/Chapter_XI#898
148,s_future,931,940,XII,https://en.wikisource.org/wiki/Sanskrit_Grammar_(Whitney)/Chapter_XII#931
148,periphrastic_future,942,949,XII,https://en.wikisource.org/wiki/Sanskrit_Grammar_(Whitney)/Chapter_XII#942
148,causative,1041,1052,XIV,https://en.wikisource.org/wiki/Sanskrit_Grammar_(Whitney)/Chapter_XIV#1041
148,desiderative,1026,1040,XIV,https://en.wikisource.org/wiki/Sanskrit_Grammar_(Whitney)/Chapter_XIV#1026
148,intensive,1000,1025,XIV,https://en.wikisource.org/wiki/Sanskrit_Grammar_(Whitney)/Chapter_XIV#1000
148,ppp,952,958,XIII,https://en.wikisource.org/wiki/Sanskrit_Grammar_(Whitney)/Chapter_XIII#952
148,infinitive,968,979,XIII,https://en.wikisource.org/wiki/Sanskrit_Grammar_(Whitney)/Chapter_XIII#968
148,gerund,989,994,XIII,https://en.wikisource.org/wiki/Sanskrit_Grammar_(Whitney)/Chapter_XIII#989
149,present_root,611,641,IX,https://en.wikisource.org/wiki/Sanskrit_Grammar_(Whitney)/Chapter_IX#611
149,perfect,781,823,X,https://en.wikisource.org/wiki/Sanskrit_Grammar_(Whitney)/Chapter_X#781
149,aor_class,824,827,XI,https://en.wikisource.org/wiki/Sanskrit_Grammar_(Whitney)/Chapter_XI#824
149,aor_is,898,911,XI,https://en.wikisource.org/wiki/Sanskrit_Grammar_(Whitney)/Chapter_XI#898
149,s_future,931,940,XII,https://en.wikisource.org/wiki/Sanskrit_Grammar_(Whitney)/Chapter_XII#931
149,periphrastic_future,942,949,XII,https://en.wikisource.org/wiki/Sanskrit_Grammar_(Whitney)/Chapter_XII#942
149,ppp,952,958,XIII,https://en.wikisource.org/wiki/Sanskrit_Grammar_(Whitney)/Chapter_XIII#952
149,gerund,989,994,XIII,https://en.wikisource.org/wiki/Sanskrit_Grammar_(Whitney)/Chapter_XIII#989
150,present_ya,759,767,IX,https://en.wikisource.org/wiki/Sanskrit_Grammar_(Whitney)/Chapter_IX#759
150,perfect,781,823,X,https://en.wikisource.org/wiki/Sanskrit_Grammar_(Whitney)/Chapter_X#781
150,causative,1041,1052,XIV,https://en.wikisource.org/wiki/Sanskrit_Grammar_(Whitney)/Chapter_XIV#1041
151,present_a,733,750,IX,https://en.wikisource.org/wiki/Sanskrit_Grammar_(Whitney)/Chapter_IX#733
151,causative,1041,1052,XIV,https://en.wikisource.org/wiki/Sanskrit_Grammar_(Whitney)/Chapter_XIV#1041
151,ppp,952,958,XIII,https://en.wikisource.org/wiki/Sanskrit_Grammar_(Whitney)/Chapter_XIII#952
152,present_a,733,750,IX,https://en.wikisource.org/wiki/Sanskrit_Grammar_(Whitney)/Chapter_IX#733
152,ppp,952,958,XIII,https://en.wikisource.org/wiki/Sanskrit_Grammar_(Whitney)/Chapter_XIII#952
153,present_a,733,750,IX,https://en.wikisource.org/wiki/Sanskrit_Grammar_(Whitney)/Chapter_IX#733
153,ppp,952,958,XIII,https://en.wikisource.org/wiki/Sanskrit_Grammar_(Whitney)/Chapter_XIII#952
154,present_a,733,750,IX,https://en.wikisource.org/wiki/Sanskrit_Grammar_(Whitney)/Chapter_IX#733
154,ppp,952,958,XIII,https://en.wikisource.org/wiki/Sanskrit_Grammar_(Whitney)/Chapter_XIII#952
155,present_a,733,750,IX,https://en.wikisource.org/wiki/Sanskrit_Grammar_(Whitney)/Chapter_IX#733
155,perfect,781,823,X,https://en.wikisource.org/wiki/Sanskrit_Grammar_(Whitney)/Chapter_X#781
156,present_acc_a,751,758,IX,https://en.wikisource.org/wiki/Sanskrit_Grammar_(Whitney)/Chapter_IX#751
156,perfect,781,823,X,https://en.wikisource.org/wiki/Sanskrit_Grammar_(Whitney)/Chapter_X#781
157,present_a,733,750,IX,https://en.wikisource.org/wiki/Sanskrit_Grammar_(Whitney)/Chapter_IX#733
157,passive_present,768,774,IX,https://en.wikisource.org/wiki/Sanskrit_Grammar_(Whitney)/Chapter_IX#768
157,perfect,781,823,X,https://en.wikisource.org/wiki/Sanskrit_Grammar_(Whitney)/Chapter_X#781
157,aor_class,824,827,XI,https://en.wikisource.org/wiki/Sanskrit_Grammar_(Whitney)/Chapter_XI#824
157,aor_root,828,846,XI,https://en.wikisource.org/wiki/Sanskrit_Grammar_(Whitney)/Chapter_XI#828
157,aor_redup,856,873,XI,https://en.wikisource.org/wiki/Sanskrit_Grammar_(Whitney)/Chapter_XI#856
157,aor_s,878,897,XI,https://en.wikisource.org/wiki/Sanskrit_Grammar_(Whitney)/Chapter_XI#878
157,aor_is,898,911,XI,https://en.wikisource.org/wiki/Sanskrit_Grammar_(Whitney)/Chapter_XI#898
157,s_future,931,940,XII,https://en.wikisource.org/wiki/Sanskrit_Grammar_(Whitney)/Chapter_XII#931
157,periphrastic_future,942,949,XII,https://en.wikisource.org/wiki/Sanskrit_Grammar_(Whitney)/Chapter_XII#942
157,causative,1041,1052,XIV,https://en.wikisource.org/wiki/Sanskrit_Grammar_(Whitney)/Chapter_XIV#1041
157,desiderative,1026,1040,XIV,https://en.wikisource.org/wiki/Sanskrit_Grammar_(Whitney)/Chapter_XIV#1026
157,intensive,1000,1025,XIV,https://en.wikisource.org/wiki/Sanskrit_Grammar_(Whitney)/Chapter_XIV#1000
157,ppp,952,958,XIII,https://en.wikisource.org/wiki/Sanskrit_Grammar_(Whitney)/Chapter_XIII#952
157,infinitive,968,979,XIII,https://en.wikisource.org/wiki/Sanskrit_Grammar_(Whitney)/Chapter_XIII#968
157,gerund,989,994,XIII,https://en.wikisource.org/wiki/Sanskrit_Grammar_(Whitney)/Chapter_XIII#989
158,present_a,733,750,IX,https://en.wikisource.org/wiki/Sanskrit_Grammar_(Whitney)/Chapter_IX#733
159,present_a,733,750,IX,https://en.wikisource.org/wiki/Sanskrit_Grammar_(Whitney)/Chapter_IX#733
161,present_a,733,750,IX,https://en.wikisource.org/wiki/Sanskrit_Grammar_(Whitney)/Chapter_IX#733
161,passive_present,768,774,IX,https://en.wikisource.org/wiki/Sanskrit_Grammar_(Whitney)/Chapter_IX#768
161,perfect,781,823,X,https://en.wikisource.org/wiki/Sanskrit_Grammar_(Whitney)/Chapter_X#781
161,aor_class,824,827,XI,https://en.wikisource.org/wiki/Sanskrit_Grammar_(Whitney)/Chapter_XI#824
161,aor_redup,856,873,XI,https://en.wikisource.org/wiki/Sanskrit_Grammar_(Whitney)/Chapter_XI#856
161,aor_is,898,911,XI,https://en.wikisource.org/wiki/Sanskrit_Grammar_(Whitney)/Chapter_XI#898
161,s_future,931,940,XII,https://en.wikisource.org/wiki/Sanskrit_Grammar_(Whitney)/Chapter_XII#931
161,periphrastic_future,942,949,XII,https://en.wikisource.org/wiki/Sanskrit_Grammar_(Whitney)/Chapter_XII#942
161,causative,1041,1052,XIV,https://en.wikisource.org/wiki/Sanskrit_Grammar_(Whitney)/Chapter_XIV#1041
161,desiderative,1026,1040,XIV,https://en.wikisource.org/wiki/Sanskrit_Grammar_(Whitney)/Chapter_XIV#1026
161,intensive,1000,1025,XIV,https://en.wikisource.org/wiki/Sanskrit_Grammar_(Whitney)/Chapter_XIV#1000
162,present_ya,759,767,IX,https://en.wikisource.org/wiki/Sanskrit_Grammar_(Whitney)/Chapter_IX#759
162,present_acc_a,751,758,IX,https://en.wikisource.org/wiki/Sanskrit_Grammar_(Whitney)/Chapter_IX#751
162,present_nasal,683,696,IX,https://en.wikisource.org/wiki/Sanskrit_Grammar_(Whitney)/Chapter_IX#683
162,passive_present,768,774,IX,https://en.wikisource.org/wiki/Sanskrit_Grammar_(Whitney)/Chapter_IX#768
162,perfect,781,823,X,https://en.wikisource.org/wiki/Sanskrit_Grammar_(Whitney)/Chapter_X#781
162,aor_class,824,827,XI,https://en.wikisource.org/wiki/Sanskrit_Grammar_(Whitney)/Chapter_XI#824
162,aor_redup,856,873,XI,https://en.wikisource.org/wiki/Sanskrit_Grammar_(Whitney)/Chapter_XI#856
162,aor_sis,912,915,XI,https://en.wikisource.org/wiki/Sanskrit_Grammar_(Whitney)/Chapter_XI#912
162,s_future,931,940,XII,https://en.wikisource.org/wiki/Sanskrit_Grammar_(Whitney)/Chapter_XII#931
162,periphrastic_future,942,949,XII,https://en.wikisource.org/wiki/Sanskrit_Grammar_(Whitney)/Chapter_XII#942
162,causative,1041,1052,XIV,https://en.wikisource.org/wiki/Sanskrit_Grammar_(Whitney)/Chapter_XIV#1041
162,desiderative,1026,1040,XIV,https://en.wikisource.org/wiki/Sanskrit_Grammar_(Whitney)/Chapter_XIV#1026
162,intensive,1000,1025,XIV,https://en.wikisource.org/wiki/Sanskrit_Grammar_(Whitney)/Chapter_XIV#1000
162,ppp,952,958,XIII,https://en.wikisource.org/wiki/Sanskrit_Grammar_(Whitney)/Chapter_XIII#952
162,gerund,989,994,XIII,https://en.wikisource.org/wiki/Sanskrit_Grammar_(Whitney)/Chapter_XIII#989
163,present_acc_a,751,758,IX,https://en.wikisource.org/wiki/Sanskrit_Grammar_(Whitney)/Chapter_IX#751
163,intensive,1000,1025,XIV,https://en.wikisource.org/wiki/Sanskrit_Grammar_(Whitney)/Chapter_XIV#1000
164,present_a,733,750,IX,https://en.wikisource.org/wiki/Sanskrit_Grammar_(Whitney)/Chapter_IX#733
164,causative,1041,1052,XIV,https://en.wikisource.org/wiki/Sanskrit_Grammar_(Whitney)/Chapter_XIV#1041
164,ppp,952,958,XIII,https://en.wikisource.org/wiki/Sanskrit_Grammar_(Whitney)/Chapter_XIII#952
165,present_root,611,641,IX,https://en.wikisource.org/wiki/Sanskrit_Grammar_(Whitney)/Chapter_IX#611
165,passive_present,768,774,IX,https://en.wikisource.org/wiki/Sanskrit_Grammar_(Whitney)/Chapter_IX#768
165,perfect,781,823,X,https://en.wikisource.org/wiki/Sanskrit_Grammar_(Whitney)/Chapter_X#781
165,aor_class,824,827,XI,https://en.wikisource.org/wiki/Sanskrit_Grammar_(Whitney)/Chapter_XI#824
165,aor_root,828,846,XI,https://en.wikisource.org/wiki/Sanskrit_Grammar_(Whitney)/Chapter_XI#828
165,aor_a,847,855,XI,https://en.wikisource.org/wiki/Sanskrit_Grammar_(Whitney)/Chapter_XI#847
165,aor_s,878,897,XI,https://en.wikisource.org/wiki/Sanskrit_Grammar_(Whitney)/Chapter_XI#878
165,s_future,931,940,XII,https://en.wikisource.org/wiki/Sanskrit_Grammar_(Whitney)/Chapter_XII#931
165,periphrastic_future,942,949,XII,https://en.wikisource.org/wiki/Sanskrit_Grammar_(Whitney)/Chapter_XII#942
165,causative,1041,1052,XIV,https://en.wikisource.org/wiki/Sanskrit_Grammar_(Whitney)/Chapter_XIV#1041
165,desiderative,1026,1040,XIV,https://en.wikisource.org/wiki/Sanskrit_Grammar_(Whitney)/Chapter_XIV#1026
165,intensive,1000,1025,XIV,https://en.wikisource.org/wiki/Sanskrit_Grammar_(Whitney)/Chapter_XIV#1000
165,ppp,952,958,XIII,https://en.wikisource.org/wiki/Sanskrit_Grammar_(Whitney)/Chapter_XIII#952
165,infinitive,968,979,XIII,https://en.wikisource.org/wiki/Sanskrit_Grammar_(Whitney)/Chapter_XIII#968
165,gerund,989,994,XIII,https://en.wikisource.org/wiki/Sanskrit_Grammar_(Whitney)/Chapter_XIII#989
167,present_a,733,750,IX,https://en.wikisource.org/wiki/Sanskrit_Grammar_(Whitney)/Chapter_IX#733
167,passive_present,768,774,IX,https://en.wikisource.org/wiki/Sanskrit_Grammar_(Whitney)/Chapter_IX#768
167,perfect,781,823,X,https://en.wikisource.org/wiki/Sanskrit_Grammar_(Whitney)/Chapter_X#781
167,aor_class,824,827,XI,https://en.wikisource.org/wiki/Sanskrit_Grammar_(Whitney)/Chapter_XI#824
167,aor_root,828,846,XI,https://en.wikisource.org/wiki/Sanskrit_Grammar_(Whitney)/Chapter_XI#828
167,aor_is,898,911,XI,https://en.wikisource.org/wiki/Sanskrit_Grammar_(Whitney)/Chapter_XI#898
167,s_future,931,940,XII,https://en.wikisource.org/wiki/Sanskrit_Grammar_(Whitney)/Chapter_XII#931
167,periphrastic_future,942,949,XII,https://en.wikisource.org/wiki/Sanskrit_Grammar_(Whitney)/Chapter_XII#942
167,causative,1041,1052,XIV,https://en.wikisource.org/wiki/Sanskrit_Grammar_(Whitney)/Chapter_XIV#1041
167,desiderative,1026,1040,XIV,https://en.wikisource.org/wiki/Sanskrit_Grammar_(Whitney)/Chapter_XIV#1026
167,intensive,1000,1025,XIV,https://en.wikisource.org/wiki/Sanskrit_Grammar_(Whitney)/Chapter_XIV#1000
167,ppp,952,958,XIII,https://en.wikisource.org/wiki/Sanskrit_Grammar_(Whitney)/Chapter_XIII#952
167,infinitive,968,979,XIII,https://en.wikisource.org/wiki/Sanskrit_Grammar_(Whitney)/Chapter_XIII#968
167,gerund,989,994,XIII,https://en.wikisource.org/wiki/Sanskrit_Grammar_(Whitney)/Chapter_XIII#989
168,ppp,952,958,XIII,https://en.wikisource.org/wiki/Sanskrit_Grammar_(Whitney)/Chapter_XIII#952
170,present_a,733,750,IX,https://en.wikisource.org/wiki/Sanskrit_Grammar_(Whitney)/Chapter_IX#733
170,present_root,611,641,IX,https://en.wikisource.org/wiki/Sanskrit_Grammar_(Whitney)/Chapter_IX#611
170,passive_present,768,774,IX,https://en.wikisource.org/wiki/Sanskrit_Grammar_(Whitney)/Chapter_IX#768
170,perfect,781,823,X,https://en.wikisource.org/wiki/Sanskrit_Grammar_(Whitney)/Chapter_X#781
170,aor_class,824,827,XI,https://en.wikisource.org/wiki/Sanskrit_Grammar_(Whitney)/Chapter_XI#824
170,aor_root,828,846,XI,https://en.wikisource.org/wiki/Sanskrit_Grammar_(Whitney)/Chapter_XI#828
170,aor_a,847,855,XI,https://en.wikisource.org/wiki/Sanskrit_Grammar_(Whitney)/Chapter_XI#847
170,s_future,931,940,XII,https://en.wikisource.org/wiki/Sanskrit_Grammar_(Whitney)/Chapter_XII#931
170,periphrastic_future,942,949,XII,https://en.wikisource.org/wiki/Sanskrit_Grammar_(Whitney)/Chapter_XII#942
170,causative,1041,1052,XIV,https://en.wikisource.org/wiki/Sanskrit_Grammar_(Whitney)/Chapter_XIV#1041
170,desiderative,1026,1040,XIV,https://en.wikisource.org/wiki/Sanskrit_Grammar_(Whitney)/Chapter_XIV#1026
170,intensive,1000,1025,XIV,https://en.wikisource.org/wiki/Sanskrit_Grammar_(Whitney)/Chapter_XIV#1000
170,ppp,952,958,XIII,https://en.wikisource.org/wiki/Sanskrit_Grammar_(Whitney)/Chapter_XIII#952
170,infinitive,968,979,XIII,https://en.wikisource.org/wiki/Sanskrit_Grammar_(Whitney)/Chapter_XIII#968
170,gerund,989,994,XIII,https://en.wikisource.org/wiki/Sanskrit_Grammar_(Whitney)/Chapter_XIII#989
171,present_a,733,750,IX,https://en.wikisource.org/wiki/Sanskrit_Grammar_(Whitney)/Chapter_IX#733
171,perfect,781,823,X,https://en.wikisource.org/wiki/Sanskrit_Grammar_(Whitney)/Chapter_X#781
171,aor_class,824,827,XI,https://en.wikisource.org/wiki/Sanskrit_Grammar_(Whitney)/Chapter_XI#824
171,aor_is,898,911,XI,https://en.wikisource.org/wiki/Sanskrit_Grammar_(Whitney)/Chapter_XI#898
171,s_future,931,940,XII,https://en.wikisource.org/wiki/Sanskrit_Grammar_(Whitney)/Chapter_XII#931
171,periphrastic_future,942,949,XII,https://en.wikisource.org/wiki/Sanskrit_Grammar_(Whitney)/Chapter_XII#942
172,present_a,733,750,IX,https://en.wikisource.org/wiki/Sanskrit_Grammar_(Whitney)/Chapter_IX#733
173,present_a,733,750,IX,https://en.wikisource.org/wiki/Sanskrit_Grammar_(Whitney)/Chapter_IX#733
173,passive_present,768,774,IX,https://en.wikisource.org/wiki/Sanskrit_Grammar_(Whitney)/Chapter_IX#768
173,perfect,781,823,X,https://en.wikisource.org/wiki/Sanskrit_Grammar_(Whitney)/Chapter_X#781
173,aor_class,824,827,XI,https://en.wikisource.org/wiki/Sanskrit_Grammar_(Whitney)/Chapter_XI#824
173,aor_is,898,911,XI,https://en.wikisource.org/wiki/Sanskrit_Grammar_(Whitney)/Chapter_XI#898
173,s_future,931,940,XII,https://en.wikisource.org/wiki/Sanskrit_Grammar_(Whitney)/Chapter_XII#931
173,periphrastic_future,942,949,XII,https://en.wikisource.org/wiki/Sanskrit_Grammar_(Whitney)/Chapter_XII#942
173,causative,1041,1052,XIV,https://en.wikisource.org/wiki/Sanskrit_Grammar_(Whitney)/Chapter_XIV#1041
173,desiderative,1026,1040,XIV,https://en.wikisource.org/wiki/Sanskrit_Grammar_(Whitney)/Chapter_XIV#1026
173,intensive,1000,1025,XIV,https://en.wikisource.org/wiki/Sanskrit_Grammar_(Whitney)/Chapter_XIV#1000
173,ppp,952,958,XIII,https://en.wikisource.org/wiki/Sanskrit_Grammar_(Whitney)/Chapter_XIII#952
173,infinitive,968,979,XIII,https://en.wikisource.org/wiki/Sanskrit_Grammar_(Whitney)/Chapter_XIII#968
173,gerund,989,994,XIII,https://en.wikisource.org/wiki/Sanskrit_Grammar_(Whitney)/Chapter_XIII#989
174,present_a,733,750,IX,https://en.wikisource.org/wiki/Sanskrit_Grammar_(Whitney)/Chapter_IX#733
174,perfect,781,823,X,https://en.wikisource.org/wiki/Sanskrit_Grammar_(Whitney)/Chapter_X#781
174,aor_class,824,827,XI,https://en.wikisource.org/wiki/Sanskrit_Grammar_(Whitney)/Chapter_XI#824
174,aor_is,898,911,XI,https://en.wikisource.org/wiki/Sanskrit_Grammar_(Whitney)/Chapter_XI#898
174,causative,1041,1052,XIV,https://en.wikisource.org/wiki/Sanskrit_Grammar_(Whitney)/Chapter_XIV#1041
174,intensive,1000,1025,XIV,https://en.wikisource.org/wiki/Sanskrit_Grammar_(Whitney)/Chapter_XIV#1000
174,ppp,952,958,XIII,https://en.wikisource.org/wiki/Sanskrit_Grammar_(Whitney)/Chapter_XIII#952
175,present_a,733,750,IX,https://en.wikisource.org/wiki/Sanskrit_Grammar_(Whitney)/Chapter_IX#733
175,perfect,781,823,X,https://en.wikisource.org/wiki/Sanskrit_Grammar_(Whitney)/Chapter_X#781
176,present_a,733,750,IX,https://en.wikisource.org/wiki/Sanskrit_Grammar_(Whitney)/Chapter_IX#733
176,present_root,611,641,IX,https://en.wikisource.org/wiki/Sanskrit_Grammar_(Whitney)/Chapter_IX#611
176,passive_present,768,774,IX,https://en.wikisource.org/wiki/Sanskrit_Grammar_(Whitney)/Chapter_IX#768
176,perfect,781,823,X,https://en.wikisource.org/wiki/Sanskrit_Grammar_(Whitney)/Chapter_X#781
176,aor_class,824,827,XI,https://en.wikisource.org/wiki/Sanskrit_Grammar_(Whitney)/Chapter_XI#824
176,aor_root,828,846,XI,https://en.wikisource.org/wiki/Sanskrit_Grammar_(Whitney)/Chapter_XI#828
176,aor_redup,856,873,XI,https://en.wikisource.org/wiki/Sanskrit_Grammar_(Whitney)/Chapter_XI#856
176,s_future,931,940,XII,https://en.wikisource.org/wiki/Sanskrit_Grammar_(Whitney)/Chapter_XII#931
176,periphrastic_future,942,949,XII,https://en.wikisource.org/wiki/Sanskrit_Grammar_(Whitney)/Chapter_XII#942
176,causative,1041,1052,XIV,https://en.wikisource.org/wiki/Sanskrit_Grammar_(Whitney)/Chapter_XIV#1041
176,desiderative,1026,1040,XIV,https://en.wikisource.org/wiki/Sanskrit_Grammar_(Whitney)/Chapter_XIV#1026
176,intensive,1000,1025,XIV,https://en.wikisource.org/wiki/Sanskrit_Grammar_(Whitney)/Chapter_XIV#1000
177,present_a,733,750,IX,https://en.wikisource.org/wiki/Sanskrit_Grammar_(Whitney)/Chapter_IX#733
177,present_ya,759,767,IX,https://en.wikisource.org/wiki/Sanskrit_Grammar_(Whitney)/Chapter_IX#759
177,passive_present,768,774,IX,https://en.wikisource.org/wiki/Sanskrit_Grammar_(Whitney)/Chapter_IX#768
177,perfect,781,823,X,https://en.wikisource.org/wiki/Sanskrit_Grammar_(Whitney)/Chapter_X#781
177,aor_class,824,827,XI,https://en.wikisource.org/wiki/Sanskrit_Grammar_(Whitney)/Chapter_XI#824
177,aor_root,828,846,XI,https://en.wikisource.org/wiki/Sanskrit_Grammar_(Whitney)/Chapter_XI#828
177,aor_s,878,897,XI,https://en.wikisource.org/wiki/Sanskrit_Grammar_(Whitney)/Chapter_XI#878
177,aor_sis,912,915,XI,https://en.wikisource.org/wiki/Sanskrit_Grammar_(Whitney)/Chapter_XI#912
177,s_future,931,940,XII,https://en.wikisource.org/wiki/Sanskrit_Grammar_(Whitney)/Chapter_XII#931
177,periphrastic_future,942,949,XII,https://en.wikisource.org/wiki/Sanskrit_Grammar_(Whitney)/Chapter_XII#942
177,causative,1041,1052,XIV,https://en.wikisource.org/wiki/Sanskrit_Grammar_(Whitney)/Chapter_XIV#1041
177,desiderative,1026,1040,XIV,https://en.wikisource.org/wiki/Sanskrit_Grammar_(Whitney)/Chapter_XIV#1026
177,intensive,1000,1025,XIV,https://en.wikisource.org/wiki/Sanskrit_Grammar_(Whitney)/Chapter_XIV#1000
177,ppp,952,958,XIII,https://en.wikisource.org/wiki/Sanskrit_Grammar_(Whitney)/Chapter_XIII#952
177,infinitive,968,979,XIII,https://en.wikisource.org/wiki/Sanskrit_Grammar_(Whitney)/Chapter_XIII#968
177,gerund,989,994,XIII,https://en.wikisource.org/wiki/Sanskrit_Grammar_(Whitney)/Chapter_XIII#989
178,present_a,733,750,IX,https://en.wikisource.org/wiki/Sanskrit_Grammar_(Whitney)/Chapter_IX#733
178,passive_present,768,774,IX,https://en.wikisource.org/wiki/Sanskrit_Grammar_(Whitney)/Chapter_IX#768
178,perfect,781,823,X,https://en.wikisource.org/wiki/Sanskrit_Grammar_(Whitney)/Chapter_X#781
178,aor_class,824,827,XI,https://en.wikisource.org/wiki/Sanskrit_Grammar_(Whitney)/Chapter_XI#824
178,aor_redup,856,873,XI,https://en.wikisource.org/wiki/Sanskrit_Grammar_(Whitney)/Chapter_XI#856
178,aor_s,878,897,XI,https://en.wikisource.org/wiki/Sanskrit_Grammar_(Whitney)/Chapter_XI#878
178,aor_is,898,911,XI,https://en.wikisource.org/wiki/Sanskrit_Grammar_(Whitney)/Chapter_XI#898
178,s_future,931,940,XII,https://en.wikisource.org/wiki/Sanskrit_Grammar_(Whitney)/Chapter_XII#931
178,periphrastic_future,942,949,XII,https://en.wikisource.org/wiki/Sanskrit_Grammar_(Whitney)/Chapter_XII#942
178,causative,1041,1052,XIV,https://en.wikisource.org/wiki/Sanskrit_Grammar_(Whitney)/Chapter_XIV#1041
178,desiderative,1026,1040,XIV,https://en.wikisource.org/wiki/Sanskrit_Grammar_(Whitney)/Chapter_XIV#1026
178,intensive,1000,1025,XIV,https://en.wikisource.org/wiki/Sanskrit_Grammar_(Whitney)/Chapter_XIV#1000
178,ppp,952,958,XIII,https://en.wikisource.org/wiki/Sanskrit_Grammar_(Whitney)/Chapter_XIII#952
178,infinitive,968,979,XIII,https://en.wikisource.org/wiki/Sanskrit_Grammar_(Whitney)/Chapter_XIII#968
178,gerund,989,994,XIII,https://en.wikisource.org/wiki/Sanskrit_Grammar_(Whitney)/Chapter_XIII#989
180,present_a,733,750,IX,https://en.wikisource.org/wiki/Sanskrit_Grammar_(Whitney)/Chapter_IX#733
180,perfect,781,823,X,https://en.wikisource.org/wiki/Sanskrit_Grammar_(Whitney)/Chapter_X#781
180,aor_class,824,827,XI,https://en.wikisource.org/wiki/Sanskrit_Grammar_(Whitney)/Chapter_XI#824
180,aor_is,898,911,XI,https://en.wikisource.org/wiki/Sanskrit_Grammar_(Whitney)/Chapter_XI#898
180,s_future,931,940,XII,https://en.wikisource.org/wiki/Sanskrit_Grammar_(Whitney)/Chapter_XII#931
180,periphrastic_future,942,949,XII,https://en.wikisource.org/wiki/Sanskrit_Grammar_(Whitney)/Chapter_XII#942
180,intensive,1000,1025,XIV,https://en.wikisource.org/wiki/Sanskrit_Grammar_(Whitney)/Chapter_XIV#1000
181,present_a,733,750,IX,https://en.wikisource.org/wiki/Sanskrit_Grammar_(Whitney)/Chapter_IX#733
181,perfect,781,823,X,https://en.wikisource.org/wiki/Sanskrit_Grammar_(Whitney)/Chapter_X#781
181,aor_class,824,827,XI,https://en.wikisource.org/wiki/Sanskrit_Grammar_(Whitney)/Chapter_XI#824
181,aor_is,898,911,XI,https://en.wikisource.org/wiki/Sanskrit_Grammar_(Whitney)/Chapter_XI#898
181,s_future,931,940,XII,https://en.wikisource.org/wiki/Sanskrit_Grammar_(Whitney)/Chapter_XII#931
181,periphrastic_future,942,949,XII,https://en.wikisource.org/wiki/Sanskrit_Grammar_(Whitney)/Chapter_XII#942
181,ppp,952,958,XIII,https://en.wikisource.org/wiki/Sanskrit_Grammar_(Whitney)/Chapter_XIII#952
182,causative,1041,1052,XIV,https://en.wikisource.org/wiki/Sanskrit_Grammar_(Whitney)/Chapter_XIV#1041
183,present_a,733,750,IX,https://en.wikisource.org/wiki/Sanskrit_Grammar_(Whitney)/Chapter_IX#733
183,passive_present,768,774,IX,https://en.wikisource.org/wiki/Sanskrit_Grammar_(Whitney)/Chapter_IX#768
183,perfect,781,823,X,https://en.wikisource.org/wiki/Sanskrit_Grammar_(Whitney)/Chapter_X#781
183,aor_class,824,827,XI,https://en.wikisource.org/wiki/Sanskrit_Grammar_(Whitney)/Chapter_XI#824
183,aor_redup,856,873,XI,https://en.wikisource.org/wiki/Sanskrit_Grammar_(Whitney)/Chapter_XI#856
183,aor_s,878,897,XI,https://en.wikisource.org/wiki/Sanskrit_Grammar_(Whitney)/Chapter_XI#878
183,aor_is,898,911,XI,https://en.wikisource.org/wiki/Sanskrit_Grammar_(Whitney)/Chapter_XI#898
183,s_future,931,940,XII,https://en.wikisource.org/wiki/Sanskrit_Grammar_(Whitney)/Chapter_XII#931
183,periphrastic_future,942,949,XII,https://en.wikisource.org/wiki/Sanskrit_Grammar_(Whitney)/Chapter_XII#942
183,causative,1041,1052,XIV,https://en.wikisource.org/wiki/Sanskrit_Grammar_(Whitney)/Chapter_XIV#1041
183,desiderative,1026,1040,XIV,https://en.wikisource.org/wiki/Sanskrit_Grammar_(Whitney)/Chapter_XIV#1026
183,intensive,1000,1025,XIV,https://en.wikisource.org/wiki/Sanskrit_Grammar_(Whitney)/Chapter_XIV#1000
183,ppp,952,958,XIII,https://en.wikisource.org/wiki/Sanskrit_Grammar_(Whitney)/Chapter_XIII#952
183,infinitive,968,979,XIII,https://en.wikisource.org/wiki/Sanskrit_Grammar_(Whitney)/Chapter_XIII#968
184,present_a,733,750,IX,https://en.wikisource.org/wiki/Sanskrit_Grammar_(Whitney)/Chapter_IX#733
184,causative,1041,1052,XIV,https://en.wikisource.org/wiki/Sanskrit_Grammar_(Whitney)/Chapter_XIV#1041
185,present_acc_a,751,758,IX,https://en.wikisource.org/wiki/Sanskrit_Grammar_(Whitney)/Chapter_IX#751
185,perfect,781,823,X,https://en.wikisource.org/wiki/Sanskrit_Grammar_(Whitney)/Chapter_X#781
185,aor_class,824,827,XI,https://en.wikisource.org/wiki/Sanskrit_Grammar_(Whitney)/Chapter_XI#824
185,aor_root,828,846,XI,https://en.wikisource.org/wiki/Sanskrit_Grammar_(Whitney)/Chapter_XI#828
185,aor_is,898,911,XI,https://en.wikisource.org/wiki/Sanskrit_Grammar_(Whitney)/Chapter_XI#898
185,s_future,931,940,XII,https://en.wikisource.org/wiki/Sanskrit_Grammar_(Whitney)/Chapter_XII#931
185,periphrastic_future,942,949,XII,https://en.wikisource.org/wiki/Sanskrit_Grammar_(Whitney)/Chapter_XII#942
185,causative,1041,1052,XIV,https://en.wikisource.org/wiki/Sanskrit_Grammar_(Whitney)/Chapter_XIV#1041
185,intensive,1000,1025,XIV,https://en.wikisource.org/wiki/Sanskrit_Grammar_(Whitney)/Chapter_XIV#1000
185,ppp,952,958,XIII,https://en.wikisource.org/wiki/Sanskrit_Grammar_(Whitney)/Chapter_XIII#952
185,gerund,989,994,XIII,https://en.wikisource.org/wiki/Sanskrit_Grammar_(Whitney)/Chapter_XIII#989
186,causative,1041,1052,XIV,https://en.wikisource.org/wiki/Sanskrit_Grammar_(Whitney)/Chapter_XIV#1041
187,present_a,733,750,IX,https://en.wikisource.org/wiki/Sanskrit_Grammar_(Whitney)/Chapter_IX#733
187,passive_present,768,774,IX,https://en.wikisource.org/wiki/Sanskrit_Grammar_(Whitney)/Chapter_IX#768
187,perfect,781,823,X,https://en.wikisource.org/wiki/Sanskrit_Grammar_(Whitney)/Chapter_X#781
187,aor_class,824,827,XI,https://en.wikisource.org/wiki/Sanskrit_Grammar_(Whitney)/Chapter_XI#824
187,aor_root,828,846,XI,https://en.wikisource.org/wiki/Sanskrit_Grammar_(Whitney)/Chapter_XI#828
187,aor_a,847,855,XI,https://en.wikisource.org/wiki/Sanskrit_Grammar_(Whitney)/Chapter_XI#847
187,aor_redup,856,873,XI,https://en.wikisource.org/wiki/Sanskrit_Grammar_(Whitney)/Chapter_XI#856
187,aor_s,878,897,XI,https://en.wikisource.org/wiki/Sanskrit_Grammar_(Whitney)/Chapter_XI#878
187,aor_is,898,911,XI,https://en.wikisource.org/wiki/Sanskrit_Grammar_(Whitney)/Chapter_XI#898
187,s_future,931,940,XII,https://en.wikisource.org/wiki/Sanskrit_Grammar_(Whitney)/Chapter_XII#931
187,periphrastic_future,942,949,XII,https://en.wikisource.org/wiki/Sanskrit_Grammar_(Whitney)/Chapter_XII#942
187,causative,1041,1052,XIV,https://en.wikisource.org/wiki/Sanskrit_Grammar_(Whitney)/Chapter_XIV#1041
187,desiderative,1026,1040,XIV,https://en.wikisource.org/wiki/Sanskrit_Grammar_(Whitney)/Chapter_XIV#1026
187,intensive,1000,1025,XIV,https://en.wikisource.org/wiki/Sanskrit_Grammar_(Whitney)/Chapter_XIV#1000
187,ppp,952,958,XIII,https://en.wikisource.org/wiki/Sanskrit_Grammar_(Whitney)/Chapter_XIII#952
187,infinitive,968,979,XIII,https://en.wikisource.org/wiki/Sanskrit_Grammar_(Whitney)/Chapter_XIII#968
187,gerund,989,994,XIII,https://en.wikisource.org/wiki/Sanskrit_Grammar_(Whitney)/Chapter_XIII#989
188,present_a,733,750,IX,https://en.wikisource.org/wiki/Sanskrit_Grammar_(Whitney)/Chapter_IX#733
189,causative,1041,1052,XIV,https://en.wikisource.org/wiki/Sanskrit_Grammar_(Whitney)/Chapter_XIV#1041
190,present_acc_a,751,758,IX,https://en.wikisource.org/wiki/Sanskrit_Grammar_(Whitney)/Chapter_IX#751
190,present_na,717,732,IX,https://en.wikisource.org/wiki/Sanskrit_Grammar_(Whitney)/Chapter_IX#717
190,perfect,781,823,X,https://en.wikisource.org/wiki/Sanskrit_Grammar_(Whitney)/Chapter_X#781
190,aor_class,824,827,XI,https://en.wikisource.org/wiki/Sanskrit_Grammar_(Whitney)/Chapter_XI#824
190,aor_is,898,911,XI,https://en.wikisource.org/wiki/Sanskrit_Grammar_(Whitney)/Chapter_XI#898
190,s_future,931,940,XII,https://en.wikisource.org/wiki/Sanskrit_Grammar_(Whitney)/Chapter_XII#931
190,periphrastic_future,942,949,XII,https://en.wikisource.org/wiki/Sanskrit_Grammar_(Whitney)/Chapter_XII#942
191,present_acc_a,751,758,IX,https://en.wikisource.org/wiki/Sanskrit_Grammar_(Whitney)/Chapter_IX#751
191,present_na,717,732,IX,https://en.wikisource.org/wiki/Sanskrit_Grammar_(Whitney)/Chapter_IX#717
191,passive_present,768,774,IX,https://en.wikisource.org/wiki/Sanskrit_Grammar_(Whitney)/Chapter_IX#768
191,perfect,781,823,X,https://en.wikisource.org/wiki/Sanskrit_Grammar_(Whitney)/Chapter_X#781
191,aor_class,824,827,XI,https://en.wikisource.org/wiki/Sanskrit_Grammar_(Whitney)/Chapter_XI#824
191,aor_root,828,846,XI,https://en.wikisource.org/wiki/Sanskrit_Grammar_(Whitney)/Chapter_XI#828
191,aor_a,847,855,XI,https://en.wikisource.org/wiki/Sanskrit_Grammar_(Whitney)/Chapter_XI#847
191,aor_redup,856,873,XI,https://en.wikisource.org/wiki/Sanskrit_Grammar_(Whitney)/Chapter_XI#856
191,aor_s,878,897,XI,https://en.wikisource.org/wiki/Sanskrit_Grammar_(Whitney)/Chapter_XI#878
191,aor_is,898,911,XI,https://en.wikisource.org/wiki/Sanskrit_Grammar_(Whitney)/Chapter_XI#898
191,s_future,931,940,XII,https://en.wikisource.org/wiki/Sanskrit_Grammar_(Whitney)/Chapter_XII#931
191,periphrastic_future,942,949,XII,https://en.wikisource.org/wiki/Sanskrit_Grammar_(Whitney)/Chapter_XII#942
191,causative,1041,1052,XIV,https://en.wikisource.org/wiki/Sanskrit_Grammar_(Whitney)/Chapter_XIV#1041
191,desiderative,1026,1040,XIV,https://en.wikisource.org/wiki/Sanskrit_Grammar_(Whitney)/Chapter_XIV#1026
191,intensive,1000,1025,XIV,https://en.wikisource.org/wiki/Sanskrit_Grammar_(Whitney)/Chapter_XIV#1000
191,ppp,952,958,XIII,https://en.wikisource.org/wiki/Sanskrit_Grammar_(Whitney)/Chapter_XIII#952
191,infinitive,968,979,XIII,https://en.wikisource.org/wiki/Sanskrit_Grammar_(Whitney)/Chapter_XIII#968
191,gerund,989,994,XIII,https://en.wikisource.org/wiki/Sanskrit_Grammar_(Whitney)/Chapter_XIII#989
192,present_root,611,641,IX,https://en.wikisource.org/wiki/Sanskrit_Grammar_(Whitney)/Chapter_IX#611
192,present_acc_a,751,758,IX,https://en.wikisource.org/wiki/Sanskrit_Grammar_(Whitney)/Chapter_IX#751
192,perfect,781,823,X,https://en.wikisource.org/wiki/Sanskrit_Grammar_(Whitney)/Chapter_X#781
192,aor_class,824,827,XI,https://en.wikisource.org/wiki/Sanskrit_Grammar_(Whitney)/Chapter_XI#824
192,aor_redup,856,873,XI,https://en.wikisource.org/wiki/Sanskrit_Grammar_(Whitney)/Chapter_XI#856
192,s_future,931,940,XII,https://en.wikisource.org/wiki/Sanskrit_Grammar_(Whitney)/Chapter_XII#931
192,periphrastic_future,942,949,XII,https://en.wikisource.org/wiki/Sanskrit_Grammar_(Whitney)/Chapter_XII#942
192,causative,1041,1052,XIV,https://en.wikisource.org/wiki/Sanskrit_Grammar_(Whitney)/Chapter_XIV#1041
192,intensive,1000,1025,XIV,https://en.wikisource.org/wiki/Sanskrit_Grammar_(Whitney)/Chapter_XIV#1000
193,present_ya,759,767,IX,https://en.wikisource.org/wiki/Sanskrit_Grammar_(Whitney)/Chapter_IX#759
193,perfect,781,823,X,https://en.wikisource.org/wiki/Sanskrit_Grammar_(Whitney)/Chapter_X#781
193,aor_class,824,827,XI,https://en.wikisource.org/wiki/Sanskrit_Grammar_(Whitney)/Chapter_XI#824
193,aor_a,847,855,XI,https://en.wikisource.org/wiki/Sanskrit_Grammar_(Whitney)/Chapter_XI#847
193,s_future,931,940,XII,https://en.wikisource.org/wiki/Sanskrit_Grammar_(Whitney)/Chapter_XII#931
193,periphrastic_future,942,949,XII,https://en.wikisource.org/wiki/Sanskrit_Grammar_(Whitney)/Chapter_XII#942
193,causative,1041,1052,XIV,https://en.wikisource.org/wiki/Sanskrit_Grammar_(Whitney)/Chapter_XIV#1041
193,desiderative,1026,1040,XIV,https://en.wikisource.org/wiki/Sanskrit_Grammar_(Whitney)/Chapter_XIV#1026
193,intensive,1000,1025,XIV,https://en.wikisource.org/wiki/Sanskrit_Grammar_(Whitney)/Chapter_XIV#1000
193,ppp,952,958,XIII,https://en.wikisource.org/wiki/Sanskrit_Grammar_(Whitney)/Chapter_XIII#952
193,gerund,989,994,XIII,https://en.wikisource.org/wiki/Sanskrit_Grammar_(Whitney)/Chapter_XIII#989
195,present_a,733,750,IX,https://en.wikisource.org/wiki/Sanskrit_Grammar_(Whitney)/Chapter_IX#733
195,present_nasal,683,696,IX,https://en.wikisource.org/wiki/Sanskrit_Grammar_(Whitney)/Chapter_IX#683
195,present_na,717,732,IX,https://en.wikisource.org/wiki/Sanskrit_Grammar_(Whitney)/Chapter_IX#717
195,passive_present,768,774,IX,https://en.wikisource.org/wiki/Sanskrit_Grammar_(Whitney)/Chapter_IX#768
195,perfect,781,823,X,https://en.wikisource.org/wiki/Sanskrit_Grammar_(Whitney)/Chapter_X#781
195,aor_class,824,827,XI,https://en.wikisource.org/wiki/Sanskrit_Grammar_(Whitney)/Chapter_XI#824
195,aor_redup,856,873,XI,https://en.wikisource.org/wiki/Sanskrit_Grammar_(Whitney)/Chapter_XI#856
195,aor_is,898,911,XI,https://en.wikisource.org/wiki/Sanskrit_Grammar_(Whitney)/Chapter_XI#898
195,s_future,931,940,XII,https://en.wikisource.org/wiki/Sanskrit_Grammar_(Whitney)/Chapter_XII#931
195,periphrastic_future,942,949,XII,https://en.wikisource.org/wiki/Sanskrit_Grammar_(Whitney)/Chapter_XII#942
195,causative,1041,1052,XIV,https://en.wikisource.org/wiki/Sanskrit_Grammar_(Whitney)/Chapter_XIV#1041
195,desiderative,1026,1040,XIV,https://en.wikisource.org/wiki/Sanskrit_Grammar_(Whitney)/Chapter_XIV#1026
195,intensive,1000,1025,XIV,https://en.wikisource.org/wiki/Sanskrit_Grammar_(Whitney)/Chapter_XIV#1000
195,ppp,952,958,XIII,https://en.wikisource.org/wiki/Sanskrit_Grammar_(Whitney)/Chapter_XIII#952
195,gerund,989,994,XIII,https://en.wikisource.org/wiki/Sanskrit_Grammar_(Whitney)/Chapter_XIII#989
196,present_a,733,750,IX,https://en.wikisource.org/wiki/Sanskrit_Grammar_(Whitney)/Chapter_IX#733
196,present_na,717,732,IX,https://en.wikisource.org/wiki/Sanskrit_Grammar_(Whitney)/Chapter_IX#717
196,passive_present,768,774,IX,https://en.wikisource.org/wiki/Sanskrit_Grammar_(Whitney)/Chapter_IX#768
196,perfect,781,823,X,https://en.wikisource.org/wiki/Sanskrit_Grammar_(Whitney)/Chapter_X#781
196,aor_class,824,827,XI,https://en.wikisource.org/wiki/Sanskrit_Grammar_(Whitney)/Chapter_XI#824
196,aor_root,828,846,XI,https://en.wikisource.org/wiki/Sanskrit_Grammar_(Whitney)/Chapter_XI#828
196,aor_a,847,855,XI,https://en.wikisource.org/wiki/Sanskrit_Grammar_(Whitney)/Chapter_XI#847
196,aor_redup,856,873,XI,https://en.wikisource.org/wiki/Sanskrit_Grammar_(Whitney)/Chapter_XI#856
196,aor_s,878,897,XI,https://en.wikisource.org/wiki/Sanskrit_Grammar_(Whitney)/Chapter_XI#878
196,aor_is,898,911,XI,https://en.wikisource.org/wiki/Sanskrit_Grammar_(Whitney)/Chapter_XI#898
196,s_future,931,940,XII,https://en.wikisource.org/wiki/Sanskrit_Grammar_(Whitney)/Chapter_XII#931
196,periphrastic_future,942,949,XII,https://en.wikisource.org/wiki/Sanskrit_Grammar_(Whitney)/Chapter_XII#942
196,causative,1041,1052,XIV,https://en.wikisource.org/wiki/Sanskrit_Grammar_(Whitney)/Chapter_XIV#1041
196,desiderative,1026,1040,XIV,https://en.wikisource.org/wiki/Sanskrit_Grammar_(Whitney)/Chapter_XIV#1026
196,intensive,1000,1025,XIV,https://en.wikisource.org/wiki/Sanskrit_Grammar_(Whitney)/Chapter_XIV#1000
196,ppp,952,958,XIII,https://en.wikisource.org/wiki/Sanskrit_Grammar_(Whitney)/Chapter_XIII#952
196,infinitive,968,979,XIII,https://en.wikisource.org/wiki/Sanskrit_Grammar_(Whitney)/Chapter_XIII#968
196,gerund,989,994,XIII,https://en.wikisource.org/wiki/Sanskrit_Grammar_(Whitney)/Chapter_XIII#989
197,present_a,733,750,IX,https://en.wikisource.org/wiki/Sanskrit_Grammar_(Whitney)/Chapter_IX#733
197,passive_present,768,774,IX,https://en.wikisource.org/wiki/Sanskrit_Grammar_(Whitney)/Chapter_IX#768
197,perfect,781,823,X,https://en.wikisource.org/wiki/Sanskrit_Grammar_(Whitney)/Chapter_X#781
197,aor_class,824,827,XI,https://en.wikisource.org/wiki/Sanskrit_Grammar_(Whitney)/Chapter_XI#824
197,aor_is,898,911,XI,https://en.wikisource.org/wiki/Sanskrit_Grammar_(Whitney)/Chapter_XI#898
197,s_future,931,940,XII,https://en.wikisource.org/wiki/Sanskrit_Grammar_(Whitney)/Chapter_XII#931
197,periphrastic_future,942,949,XII,https://en.wikisource.org/wiki/Sanskrit_Grammar_(Whitney)/Chapter_XII#942
197,causative,1041,1052,XIV,https://en.wikisource.org/wiki/Sanskrit_Grammar_(Whitney)/Chapter_XIV#1041
197,desiderative,1026,1040,XIV,https://en.wikisource.org/wiki/Sanskrit_Grammar_(Whitney)/Chapter_XIV#1026
197,intensive,1000,1025,XIV,https://en.wikisource.org/wiki/Sanskrit_Grammar_(Whitney)/Chapter_XIV#1000
197,ppp,952,958,XIII,https://en.wikisource.org/wiki/Sanskrit_Grammar_(Whitney)/Chapter_XIII#952
197,gerund,989,994,XIII,https://en.wikisource.org/wiki/Sanskrit_Grammar_(Whitney)/Chapter_XIII#989
199,present_a,733,750,IX,https://en.wikisource.org/wiki/Sanskrit_Grammar_(Whitney)/Chapter_IX#733
199,perfect,781,823,X,https://en.wikisource.org/wiki/Sanskrit_Grammar_(Whitney)/Chapter_X#781
199,aor_class,824,827,XI,https://en.wikisource.org/wiki/Sanskrit_Grammar_(Whitney)/Chapter_XI#824
199,aor_is,898,911,XI,https://en.wikisource.org/wiki/Sanskrit_Grammar_(Whitney)/Chapter_XI#898
199,s_future,931,940,XII,https://en.wikisource.org/wiki/Sanskrit_Grammar_(Whitney)/Chapter_XII#931
199,periphrastic_future,942,949,XII,https://en.wikisource.org/wiki/Sanskrit_Grammar_(Whitney)/Chapter_XII#942
200,present_root,611,641,IX,https://en.wikisource.org/wiki/Sanskrit_Grammar_(Whitney)/Chapter_IX#611
200,present_ya,759,767,IX,https://en.wikisource.org/wiki/Sanskrit_Grammar_(Whitney)/Chapter_IX#759
200,perfect,781,823,X,https://en.wikisource.org/wiki/Sanskrit_Grammar_(Whitney)/Chapter_X#781
200,aor_class,824,827,XI,https://en.wikisource.org/wiki/Sanskrit_Grammar_(Whitney)/Chapter_XI#824
200,aor_root,828,846,XI,https://en.wikisource.org/wiki/Sanskrit_Grammar_(Whitney)/Chapter_XI#828
200,aor_s,878,897,XI,https://en.wikisource.org/wiki/Sanskrit_Grammar_(Whitney)/Chapter_XI#878
200,aor_sis,912,915,XI,https://en.wikisource.org/wiki/Sanskrit_Grammar_(Whitney)/Chapter_XI#912
200,s_future,931,940,XII,https://en.wikisource.org/wiki/Sanskrit_Grammar_(Whitney)/Chapter_XII#931
200,periphrastic_future,942,949,XII,https://en.wikisource.org/wiki/Sanskrit_Grammar_(Whitney)/Chapter_XII#942
200,causative,1041,1052,XIV,https://en.wikisource.org/wiki/Sanskrit_Grammar_(Whitney)/Chapter_XIV#1041
200,desiderative,1026,1040,XIV,https://en.wikisource.org/wiki/Sanskrit_Grammar_(Whitney)/Chapter_XIV#1026
200,intensive,1000,1025,XIV,https://en.wikisource.org/wiki/Sanskrit_Grammar_(Whitney)/Chapter_XIV#1000
200,ppp,952,958,XIII,https://en.wikisource.org/wiki/Sanskrit_Grammar_(Whitney)/Chapter_XIII#952
201,present_a,733,750,IX,https://en.wikisource.org/wiki/Sanskrit_Grammar_(Whitney)/Chapter_IX#733
201,perfect,781,823,X,https://en.wikisource.org/wiki/Sanskrit_Grammar_(Whitney)/Chapter_X#781
201,aor_class,824,827,XI,https://en.wikisource.org/wiki/Sanskrit_Grammar_(Whitney)/Chapter_XI#824
201,aor_redup,856,873,XI,https://en.wikisource.org/wiki/Sanskrit_Grammar_(Whitney)/Chapter_XI#856
201,aor_is,898,911,XI,https://en.wikisource.org/wiki/Sanskrit_Grammar_(Whitney)/Chapter_XI#898
201,s_future,931,940,XII,https://en.wikisource.org/wiki/Sanskrit_Grammar_(Whitney)/Chapter_XII#931
201,periphrastic_future,942,949,XII,https://en.wikisource.org/wiki/Sanskrit_Grammar_(Whitney)/Chapter_XII#942
201,causative,1041,1052,XIV,https://en.wikisource.org/wiki/Sanskrit_Grammar_(Whitney)/Chapter_XIV#1041
201,desiderative,1026,1040,XIV,https://en.wikisource.org/wiki/Sanskrit_Grammar_(Whitney)/Chapter_XIV#1026
201,intensive,1000,1025,XIV,https://en.wikisource.org/wiki/Sanskrit_Grammar_(Whitney)/Chapter_XIV#1000
201,ppp,952,958,XIII,https://en.wikisource.org/wiki/Sanskrit_Grammar_(Whitney)/Chapter_XIII#952
201,infinitive,968,979,XIII,https://en.wikisource.org/wiki/Sanskrit_Grammar_(Whitney)/Chapter_XIII#968
202,present_a,733,750,IX,https://en.wikisource.org/wiki/Sanskrit_Grammar_(Whitney)/Chapter_IX#733
202,perfect,781,823,X,https://en.wikisource.org/wiki/Sanskrit_Grammar_(Whitney)/Chapter_X#781
202,s_future,931,940,XII,https://en.wikisource.org/wiki/Sanskrit_Grammar_(Whitney)/Chapter_XII#931
202,periphrastic_future,942,949,XII,https://en.wikisource.org/wiki/Sanskrit_Grammar_(Whitney)/Chapter_XII#942
202,causative,1041,1052,XIV,https://en.wikisource.org/wiki/Sanskrit_Grammar_(Whitney)/Chapter_XIV#1041
202,ppp,952,958,XIII,https://en.wikisource.org/wiki/Sanskrit_Grammar_(Whitney)/Chapter_XIII#952
204,present_a,733,750,IX,https://en.wikisource.org/wiki/Sanskrit_Grammar_(Whitney)/Chapter_IX#733
204,perfect,781,823,X,https://en.wikisource.org/wiki/Sanskrit_Grammar_(Whitney)/Chapter_X#781
204,aor_class,824,827,XI,https://en.wikisource.org/wiki/Sanskrit_Grammar_(Whitney)/Chapter_XI#824
204,aor_root,828,846,XI,https://en.wikisource.org/wiki/Sanskrit_Grammar_(Whitney)/Chapter_XI#828
204,aor_a,847,855,XI,https://en.wikisource.org/wiki/Sanskrit_Grammar_(Whitney)/Chapter_XI#847
204,aor_redup,856,873,XI,https://en.wikisource.org/wiki/Sanskrit_Grammar_(Whitney)/Chapter_XI#856
204,s_future,931,940,XII,https://en.wikisource.org/wiki/Sanskrit_Grammar_(Whitney)/Chapter_XII#931
204,periphrastic_future,942,949,XII,https://en.wikisource.org/wiki/Sanskrit_Grammar_(Whitney)/Chapter_XII#942
204,desiderative,1026,1040,XIV,https://en.wikisource.org/wiki/Sanskrit_Grammar_(Whitney)/Chapter_XIV#1026
205,present_a,733,750,IX,https://en.wikisource.org/wiki/Sanskrit_Grammar_(Whitney)/Chapter_IX#733
205,perfect,781,823,X,https://en.wikisource.org/wiki/Sanskrit_Grammar_(Whitney)/Chapter_X#781
205,aor_class,824,827,XI,https://en.wikisource.org/wiki/Sanskrit_Grammar_(Whitney)/Chapter_XI#824
205,aor_a,847,855,XI,https://en.wikisource.org/wiki/Sanskrit_Grammar_(Whitney)/Chapter_XI#847
205,aor_is,898,911,XI,https://en.wikisource.org/wiki/Sanskrit_Grammar_(Whitney)/Chapter_XI#898
205,s_future,931,940,XII,https://en.wikisource.org/wiki/Sanskrit_Grammar_(Whitney)/Chapter_XII#931
205,periphrastic_future,942,949,XII,https://en.wikisource.org/wiki/Sanskrit_Grammar_(Whitney)/Chapter_XII#942
205,ppp,952,958,XIII,https://en.wikisource.org/wiki/Sanskrit_Grammar_(Whitney)/Chapter_XIII#952
205,gerund,989,994,XIII,https://en.wikisource.org/wiki/Sanskrit_Grammar_(Whitney)/Chapter_XIII#989
206,present_a,733,750,IX,https://en.wikisource.org/wiki/Sanskrit_Grammar_(Whitney)/Chapter_IX#733
206,present_ya,759,767,IX,https://en.wikisource.org/wiki/Sanskrit_Grammar_(Whitney)/Chapter_IX#759
206,passive_present,768,774,IX,https://en.wikisource.org/wiki/Sanskrit_Grammar_(Whitney)/Chapter_IX#768
206,perfect,781,823,X,https://en.wikisource.org/wiki/Sanskrit_Grammar_(Whitney)/Chapter_X#781
206,aor_class,824,827,XI,https://en.wikisource.org/wiki/Sanskrit_Grammar_(Whitney)/Chapter_XI#824
206,aor_root,828,846,XI,https://en.wikisource.org/wiki/Sanskrit_Grammar_(Whitney)/Chapter_XI#828
206,aor_a,847,855,XI,https://en.wikisource.org/wiki/Sanskrit_Grammar_(Whitney)/Chapter_XI#847
206,aor_redup,856,873,XI,https://en.wikisource.org/wiki/Sanskrit_Grammar_(Whitney)/Chapter_XI#856
206,aor_is,898,911,XI,https://en.wikisource.org/wiki/Sanskrit_Grammar_(Whitney)/Chapter_XI#898
206,s_future,931,940,XII,https://en.wikisource.org/wiki/Sanskrit_Grammar_(Whitney)/Chapter_XII#931
206,periphrastic_future,942,949,XII,https://en.wikisource.org/wiki/Sanskrit_Grammar_(Whitney)/Chapter_XII#942
206,causative,1041,1052,XIV,https://en.wikisource.org/wiki/Sanskrit_Grammar_(Whitney)/Chapter_XIV#1041
206,desiderative,1026,1040,XIV,https://en.wikisource.org/wiki/Sanskrit_Grammar_(Whitney)/Chapter_XIV#1026
206,intensive,1000,1025,XIV,https://en.wikisource.org/wiki/Sanskrit_Grammar_(Whitney)/Chapter_XIV#1000
206,ppp,952,958,XIII,https://en.wikisource.org/wiki/Sanskrit_Grammar_(Whitney)/Chapter_XIII#952
206,gerund,989,994,XIII,https://en.wikisource.org/wiki/Sanskrit_Grammar_(Whitney)/Chapter_XIII#989
207,present_a,733,750,IX,https://en.wikisource.org/wiki/Sanskrit_Grammar_(Whitney)/Chapter_IX#733
207,present_acc_a,751,758,IX,https://en.wikisource.org/wiki/Sanskrit_Grammar_(Whitney)/Chapter_IX#751
207,perfect,781,823,X,https://en.wikisource.org/wiki/Sanskrit_Grammar_(Whitney)/Chapter_X#781
207,aor_class,824,827,XI,https://en.wikisource.org/wiki/Sanskrit_Grammar_(Whitney)/Chapter_XI#824
207,aor_is,898,911,XI,https://en.wikisource.org/wiki/Sanskrit_Grammar_(Whitney)/Chapter_XI#898
207,s_future,931,940,XII,https://en.wikisource.org/wiki/Sanskrit_Grammar_(Whitney)/Chapter_XII#931
207,periphrastic_future,942,949,XII,https://en.wikisource.org/wiki/Sanskrit_Grammar_(Whitney)/Chapter_XII#942
207,causative,1041,1052,XIV,https://en.wikisource.org/wiki/Sanskrit_Grammar_(Whitney)/Chapter_XIV#1041
207,ppp,952,958,XIII,https://en.wikisource.org/wiki/Sanskrit_Grammar_(Whitney)/Chapter_XIII#952
208,present_a,733,750,IX,https://en.wikisource.org/wiki/Sanskrit_Grammar_(Whitney)/Chapter_IX#733
208,present_redup,642,682,IX,https://en.wikisource.org/wiki/Sanskrit_Grammar_(Whitney)/Chapter_IX#642
208,passive_present,768,774,IX,https://en.wikisource.org/wiki/Sanskrit_Grammar_(Whitney)/Chapter_IX#768
208,perfect,781,823,X,https://en.wikisource.org/wiki/Sanskrit_Grammar_(Whitney)/Chapter_X#781
208,aor_class,824,827,XI,https://en.wikisource.org/wiki/Sanskrit_Grammar_(Whitney)/Chapter_XI#824
208,aor_sis,912,915,XI,https://en.wikisource.org/wiki/Sanskrit_Grammar_(Whitney)/Chapter_XI#912
208,s_future,931,940,XII,https://en.wikisource.org/wiki/Sanskrit_Grammar_(Whitney)/Chapter_XII#931
208,periphrastic_future,942,949,XII,https://en.wikisource.org/wiki/Sanskrit_Grammar_(Whitney)/Chapter_XII#942
208,causative,1041,1052,XIV,https://en.wikisource.org/wiki/Sanskrit_Grammar_(Whitney)/Chapter_XIV#1041
208,ppp,952,958,XIII,https://en.wikisource.org/wiki/Sanskrit_Grammar_(Whitney)/Chapter_XIII#952
209,present_a,733,750,IX,https://en.wikisource.org/wiki/Sanskrit_Grammar_(Whitney)/Chapter_IX#733
209,passive_present,768,774,IX,https://en.wikisource.org/wiki/Sanskrit_Grammar_(Whitney)/Chapter_IX#768
209,perfect,781,823,X,https://en.wikisource.org/wiki/Sanskrit_Grammar_(Whitney)/Chapter_X#781
209,aor_class,824,827,XI,https://en.wikisource.org/wiki/Sanskrit_Grammar_(Whitney)/Chapter_XI#824
209,aor_is,898,911,XI,https://en.wikisource.org/wiki/Sanskrit_Grammar_(Whitney)/Chapter_XI#898
209,s_future,931,940,XII,https://en.wikisource.org/wiki/Sanskrit_Grammar_(Whitney)/Chapter_XII#931
209,periphrastic_future,942,949,XII,https://en.wikisource.org/wiki/Sanskrit_Grammar_(Whitney)/Chapter_XII#942
209,causative,1041,1052,XIV,https://en.wikisource.org/wiki/Sanskrit_Grammar_(Whitney)/Chapter_XIV#1041
209,ppp,952,958,XIII,https://en.wikisource.org/wiki/Sanskrit_Grammar_(Whitney)/Chapter_XIII#952
209,gerund,989,994,XIII,https://en.wikisource.org/wiki/Sanskrit_Grammar_(Whitney)/Chapter_XIII#989
210,present_a,733,750,IX,https://en.wikisource.org/wiki/Sanskrit_Grammar_(Whitney)/Chapter_IX#733
210,present_root,611,641,IX,https://en.wikisource.org/wiki/Sanskrit_Grammar_(Whitney)/Chapter_IX#611
210,present_redup,642,682,IX,https://en.wikisource.org/wiki/Sanskrit_Grammar_(Whitney)/Chapter_IX#642
210,passive_present,768,774,IX,https://en.wikisource.org/wiki/Sanskrit_Grammar_(Whitney)/Chapter_IX#768
210,perfect,781,823,X,https://en.wikisource.org/wiki/Sanskrit_Grammar_(Whitney)/Chapter_X#781
210,aor_class,824,827,XI,https://en.wikisource.org/wiki/Sanskrit_Grammar_(Whitney)/Chapter_XI#824
210,aor_root,828,846,XI,https://en.wikisource.org/wiki/Sanskrit_Grammar_(Whitney)/Chapter_XI#828
210,aor_sis,912,915,XI,https://en.wikisource.org/wiki/Sanskrit_Grammar_(Whitney)/Chapter_XI#912
210,s_future,931,940,XII,https://en.wikisource.org/wiki/Sanskrit_Grammar_(Whitney)/Chapter_XII#931
210,periphrastic_future,942,949,XII,https://en.wikisource.org/wiki/Sanskrit_Grammar_(Whitney)/Chapter_XII#942
210,causative,1041,1052,XIV,https://en.wikisource.org/wiki/Sanskrit_Grammar_(Whitney)/Chapter_XIV#1041
210,desiderative,1026,1040,XIV,https://en.wikisource.org/wiki/Sanskrit_Grammar_(Whitney)/Chapter_XIV#1026
210,intensive,1000,1025,XIV,https://en.wikisource.org/wiki/Sanskrit_Grammar_(Whitney)/Chapter_XIV#1000
210,ppp,952,958,XIII,https://en.wikisource.org/wiki/Sanskrit_Grammar_(Whitney)/Chapter_XIII#952
210,gerund,989,994,XIII,https://en.wikisource.org/wiki/Sanskrit_Grammar_(Whitney)/Chapter_XIII#989
211,present_a,733,750,IX,https://en.wikisource.org/wiki/Sanskrit_Grammar_(Whitney)/Chapter_IX#733
211,ppp,952,958,XIII,https://en.wikisource.org/wiki/Sanskrit_Grammar_(Whitney)/Chapter_XIII#952
212,present_root,611,641,IX,https://en.wikisource.org/wiki/Sanskrit_Grammar_(Whitney)/Chapter_IX#611
212,perfect,781,823,X,https://en.wikisource.org/wiki/Sanskrit_Grammar_(Whitney)/Chapter_X#781
212,aor_class,824,827,XI,https://en.wikisource.org/wiki/Sanskrit_Grammar_(Whitney)/Chapter_XI#824
212,aor_redup,856,873,XI,https://en.wikisource.org/wiki/Sanskrit_Grammar_(Whitney)/Chapter_XI#856
212,causative,1041,1052,XIV,https://en.wikisource.org/wiki/Sanskrit_Grammar_(Whitney)/Chapter_XIV#1041
213,present_a,733,750,IX,https://en.wikisource.org/wiki/Sanskrit_Grammar_(Whitney)/Chapter_IX#733
213,present_root,611,641,IX,https://en.wikisource.org/wiki/Sanskrit_Grammar_(Whitney)/Chapter_IX#611
213,passive_present,768,774,IX,https://en.wikisource.org/wiki/Sanskrit_Grammar_(Whitney)/Chapter_IX#768
213,perfect,781,823,X,https://en.wikisource.org/wiki/Sanskrit_Grammar_(Whitney)/Chapter_X#781
213,causative,1041,1052,XIV,https://en.wikisource.org/wiki/Sanskrit_Grammar_(Whitney)/Chapter_XIV#1041
213,infinitive,968,979,XIII,https://en.wikisource.org/wiki/Sanskrit_Grammar_(Whitney)/Chapter_XIII#968
213,gerund,989,994,XIII,https://en.wikisource.org/wiki/Sanskrit_Grammar_(Whitney)/Chapter_XIII#989
214,present_a,733,750,IX,https://en.wikisource.org/wiki/Sanskrit_Grammar_(Whitney)/Chapter_IX#733
215,present_a,733,750,IX,https://en.wikisource.org/wiki/Sanskrit_Grammar_(Whitney)/Chapter_IX#733
215,perfect,781,823,X,https://en.wikisource.org/wiki/Sanskrit_Grammar_(Whitney)/Chapter_X#781
215,causative,1041,1052,XIV,https://en.wikisource.org/wiki/Sanskrit_Grammar_(Whitney)/Chapter_XIV#1041
215,ppp,952,958,XIII,https://en.wikisource.org/wiki/Sanskrit_Grammar_(Whitney)/Chapter_XIII#952
216,present_a,733,750,IX,https://en.wikisource.org/wiki/Sanskrit_Grammar_(Whitney)/Chapter_IX#733
216,perfect,781,823,X,https://en.wikisource.org/wiki/Sanskrit_Grammar_(Whitney)/Chapter_X#781
216,aor_class,824,827,XI,https://en.wikisource.org/wiki/Sanskrit_Grammar_(Whitney)/Chapter_XI#824
216,aor_redup,856,873,XI,https://en.wikisource.org/wiki/Sanskrit_Grammar_(Whitney)/Chapter_XI#856
216,aor_is,898,911,XI,https://en.wikisource.org/wiki/Sanskrit_Grammar_(Whitney)/Chapter_XI#898
216,s_future,931,940,XII,https://en.wikisource.org/wiki/Sanskrit_Grammar_(Whitney)/Chapter_XII#931
216,periphrastic_future,942,949,XII,https://en.wikisource.org/wiki/Sanskrit_Grammar_(Whitney)/Chapter_XII#942
216,causative,1041,1052,XIV,https://en.wikisource.org/wiki/Sanskrit_Grammar_(Whitney)/Chapter_XIV#1041
216,ppp,952,958,XIII,https://en.wikisource.org/wiki/Sanskrit_Grammar_(Whitney)/Chapter_XIII#952
217,aor_class,824,827,XI,https://en.wikisource.org/wiki/Sanskrit_Grammar_(Whitney)/Chapter_XI#824
217,aor_is,898,911,XI,https://en.wikisource.org/wiki/Sanskrit_Grammar_(Whitney)/Chapter_XI#898
219,present_a,733,750,IX,https://en.wikisource.org/wiki/Sanskrit_Grammar_(Whitney)/Chapter_IX#733
219,present_nu_u,697,716,IX,https://en.wikisource.org/wiki/Sanskrit_Grammar_(Whitney)/Chapter_IX#697
219,perfect,781,823,X,https://en.wikisource.org/wiki/Sanskrit_Grammar_(Whitney)/Chapter_X#781
219,aor_class,824,827,XI,https://en.wikisource.org/wiki/Sanskrit_Grammar_(Whitney)/Chapter_XI#824
219,aor_is,898,911,XI,https://en.wikisource.org/wiki/Sanskrit_Grammar_(Whitney)/Chapter_XI#898
219,s_future,931,940,XII,https://en.wikisource.org/wiki/Sanskrit_Grammar_(Whitney)/Chapter_XII#931
219,periphrastic_future,942,949,XII,https://en.wikisource.org/wiki/Sanskrit_Grammar_(Whitney)/Chapter_XII#942
219,causative,1041,1052,XIV,https://en.wikisource.org/wiki/Sanskrit_Grammar_(Whitney)/Chapter_XIV#1041
219,desiderative,1026,1040,XIV,https://en.wikisource.org/wiki/Sanskrit_Grammar_(Whitney)/Chapter_XIV#1026
219,intensive,1000,1025,XIV,https://en.wikisource.org/wiki/Sanskrit_Grammar_(Whitney)/Chapter_XIV#1000
219,ppp,952,958,XIII,https://en.wikisource.org/wiki/Sanskrit_Grammar_(Whitney)/Chapter_XIII#952
219,gerund,989,994,XIII,https://en.wikisource.org/wiki/Sanskrit_Grammar_(Whitney)/Chapter_XIII#989
220,present_a,733,750,IX,https://en.wikisource.org/wiki/Sanskrit_Grammar_(Whitney)/Chapter_IX#733
220,passive_present,768,774,IX,https://en.wikisource.org/wiki/Sanskrit_Grammar_(Whitney)/Chapter_IX#768
220,perfect,781,823,X,https://en.wikisource.org/wiki/Sanskrit_Grammar_(Whitney)/Chapter_X#781
220,aor_class,824,827,XI,https://en.wikisource.org/wiki/Sanskrit_Grammar_(Whitney)/Chapter_XI#824
220,aor_redup,856,873,XI,https://en.wikisource.org/wiki/Sanskrit_Grammar_(Whitney)/Chapter_XI#856
220,aor_s,878,897,XI,https://en.wikisource.org/wiki/Sanskrit_Grammar_(Whitney)/Chapter_XI#878
220,aor_is,898,911,XI,https://en.wikisource.org/wiki/Sanskrit_Grammar_(Whitney)/Chapter_XI#898
220,s_future,931,940,XII,https://en.wikisource.org/wiki/Sanskrit_Grammar_(Whitney)/Chapter_XII#931
220,periphrastic_future,942,949,XII,https://en.wikisource.org/wiki/Sanskrit_Grammar_(Whitney)/Chapter_XII#942
220,causative,1041,1052,XIV,https://en.wikisource.org/wiki/Sanskrit_Grammar_(Whitney)/Chapter_XIV#1041
220,desiderative,1026,1040,XIV,https://en.wikisource.org/wiki/Sanskrit_Grammar_(Whitney)/Chapter_XIV#1026
220,intensive,1000,1025,XIV,https://en.wikisource.org/wiki/Sanskrit_Grammar_(Whitney)/Chapter_XIV#1000
220,ppp,952,958,XIII,https://en.wikisource.org/wiki/Sanskrit_Grammar_(Whitney)/Chapter_XIII#952
220,infinitive,968,979,XIII,https://en.wikisource.org/wiki/Sanskrit_Grammar_(Whitney)/Chapter_XIII#968
220,gerund,989,994,XIII,https://en.wikisource.org/wiki/Sanskrit_Grammar_(Whitney)/Chapter_XIII#989
221,causative,1041,1052,XIV,https://en.wikisource.org/wiki/Sanskrit_Grammar_(Whitney)/Chapter_XIV#1041
222,present_ya,759,767,IX,https://en.wikisource.org/wiki/Sanskrit_Grammar_(Whitney)/Chapter_IX#759
222,passive_present,768,774,IX,https://en.wikisource.org/wiki/Sanskrit_Grammar_(Whitney)/Chapter_IX#768
222,causative,1041,1052,XIV,https://en.wikisource.org/wiki/Sanskrit_Grammar_(Whitney)/Chapter_XIV#1041
222,ppp,952,958,XIII,https://en.wikisource.org/wiki/Sanskrit_Grammar_(Whitney)/Chapter_XIII#952
222,infinitive,968,979,XIII,https://en.wikisource.org/wiki/Sanskrit_Grammar_(Whitney)/Chapter_XIII#968
223,present_a,733,750,IX,https://en.wikisource.org/wiki/Sanskrit_Grammar_(Whitney)/Chapter_IX#733
223,perfect,781,823,X,https://en.wikisource.org/wiki/Sanskrit_Grammar_(Whitney)/Chapter_X#781
223,aor_class,824,827,XI,https://en.wikisource.org/wiki/Sanskrit_Grammar_(Whitney)/Chapter_XI#824
223,aor_is,898,911,XI,https://en.wikisource.org/wiki/Sanskrit_Grammar_(Whitney)/Chapter_XI#898
223,s_future,931,940,XII,https://en.wikisource.org/wiki/Sanskrit_Grammar_(Whitney)/Chapter_XII#931
223,periphrastic_future,942,949,XII,https://en.wikisource.org/wiki/Sanskrit_Grammar_(Whitney)/Chapter_XII#942
223,causative,1041,1052,XIV,https://en.wikisource.org/wiki/Sanskrit_Grammar_(Whitney)/Chapter_XIV#1041
223,desiderative,1026,1040,XIV,https://en.wikisource.org/wiki/Sanskrit_Grammar_(Whitney)/Chapter_XIV#1026
223,intensive,1000,1025,XIV,https://en.wikisource.org/wiki/Sanskrit_Grammar_(Whitney)/Chapter_XIV#1000
223,ppp,952,958,XIII,https://en.wikisource.org/wiki/Sanskrit_Grammar_(Whitney)/Chapter_XIII#952
223,infinitive,968,979,XIII,https://en.wikisource.org/wiki/Sanskrit_Grammar_(Whitney)/Chapter_XIII#968
224,present_a,733,750,IX,https://en.wikisource.org/wiki/Sanskrit_Grammar_(Whitney)/Chapter_IX#733
224,passive_present,768,774,IX,https://en.wikisource.org/wiki/Sanskrit_Grammar_(Whitney)/Chapter_IX#768
224,perfect,781,823,X,https://en.wikisource.org/wiki/Sanskrit_Grammar_(Whitney)/Chapter_X#781
224,aor_class,824,827,XI,https://en.wikisource.org/wiki/Sanskrit_Grammar_(Whitney)/Chapter_XI#824
224,aor_is,898,911,XI,https://en.wikisource.org/wiki/Sanskrit_Grammar_(Whitney)/Chapter_XI#898
224,s_future,931,940,XII,https://en.wikisource.org/wiki/Sanskrit_Grammar_(Whitney)/Chapter_XII#931
224,periphrastic_future,942,949,XII,https://en.wikisource.org/wiki/Sanskrit_Grammar_(Whitney)/Chapter_XII#942
224,ppp,952,958,XIII,https://en.wikisource.org/wiki/Sanskrit_Grammar_(Whitney)/Chapter_XIII#952
224,gerund,989,994,XIII,https://en.wikisource.org/wiki/Sanskrit_Grammar_(Whitney)/Chapter_XIII#989
225,present_a,733,750,IX,https://en.wikisource.org/wiki/Sanskrit_Grammar_(Whitney)/Chapter_IX#733
225,present_root,611,641,IX,https://en.wikisource.org/wiki/Sanskrit_Grammar_(Whitney)/Chapter_IX#611
225,present_nu_u,697,716,IX,https://en.wikisource.org/wiki/Sanskrit_Grammar_(Whitney)/Chapter_IX#697
225,passive_present,768,774,IX,https://en.wikisource.org/wiki/Sanskrit_Grammar_(Whitney)/Chapter_IX#768
225,perfect,781,823,X,https://en.wikisource.org/wiki/Sanskrit_Grammar_(Whitney)/Chapter_X#781
225,aor_class,824,827,XI,https://en.wikisource.org/wiki/Sanskrit_Grammar_(Whitney)/Chapter_XI#824
225,aor_root,828,846,XI,https://en.wikisource.org/wiki/Sanskrit_Grammar_(Whitney)/Chapter_XI#828
225,aor_s,878,897,XI,https://en.wikisource.org/wiki/Sanskrit_Grammar_(Whitney)/Chapter_XI#878
225,aor_is,898,911,XI,https://en.wikisource.org/wiki/Sanskrit_Grammar_(Whitney)/Chapter_XI#898
225,s_future,931,940,XII,https://en.wikisource.org/wiki/Sanskrit_Grammar_(Whitney)/Chapter_XII#931
225,periphrastic_future,942,949,XII,https://en.wikisource.org/wiki/Sanskrit_Grammar_(Whitney)/Chapter_XII#942
225,causative,1041,1052,XIV,https://en.wikisource.org/wiki/Sanskrit_Grammar_(Whitney)/Chapter_XIV#1041
225,desiderative,1026,1040,XIV,https://en.wikisource.org/wiki/Sanskrit_Grammar_(Whitney)/Chapter_XIV#1026
225,intensive,1000,1025,XIV,https://en.wikisource.org/wiki/Sanskrit_Grammar_(Whitney)/Chapter_XIV#1000
225,ppp,952,958,XIII,https://en.wikisource.org/wiki/Sanskrit_Grammar_(Whitney)/Chapter_XIII#952
225,infinitive,968,979,XIII,https://en.wikisource.org/wiki/Sanskrit_Grammar_(Whitney)/Chapter_XIII#968
225,gerund,989,994,XIII,https://en.wikisource.org/wiki/Sanskrit_Grammar_(Whitney)/Chapter_XIII#989
226,present_a,733,750,IX,https://en.wikisource.org/wiki/Sanskrit_Grammar_(Whitney)/Chapter_IX#733
226,present_redup,642,682,IX,https://en.wikisource.org/wiki/Sanskrit_Grammar_(Whitney)/Chapter_IX#642
226,present_nu_u,697,716,IX,https://en.wikisource.org/wiki/Sanskrit_Grammar_(Whitney)/Chapter_IX#697
226,passive_present,768,774,IX,https://en.wikisource.org/wiki/Sanskrit_Grammar_(Whitney)/Chapter_IX#768
226,perfect,781,823,X,https://en.wikisource.org/wiki/Sanskrit_Grammar_(Whitney)/Chapter_X#781
226,aor_class,824,827,XI,https://en.wikisource.org/wiki/Sanskrit_Grammar_(Whitney)/Chapter_XI#824
226,aor_root,828,846,XI,https://en.wikisource.org/wiki/Sanskrit_Grammar_(Whitney)/Chapter_XI#828
226,aor_s,878,897,XI,https://en.wikisource.org/wiki/Sanskrit_Grammar_(Whitney)/Chapter_XI#878
226,s_future,931,940,XII,https://en.wikisource.org/wiki/Sanskrit_Grammar_(Whitney)/Chapter_XII#931
226,desiderative,1026,1040,XIV,https://en.wikisource.org/wiki/Sanskrit_Grammar_(Whitney)/Chapter_XIV#1026
226,ppp,952,958,XIII,https://en.wikisource.org/wiki/Sanskrit_Grammar_(Whitney)/Chapter_XIII#952
226,infinitive,968,979,XIII,https://en.wikisource.org/wiki/Sanskrit_Grammar_(Whitney)/Chapter_XIII#968
226,gerund,989,994,XIII,https://en.wikisource.org/wiki/Sanskrit_Grammar_(Whitney)/Chapter_XIII#989
227,present_a,733,750,IX,https://en.wikisource.org/wiki/Sanskrit_Grammar_(Whitney)/Chapter_IX#733
227,perfect,781,823,X,https://en.wikisource.org/wiki/Sanskrit_Grammar_(Whitney)/Chapter_X#781
227,aor_class,824,827,XI,https://en.wikisource.org/wiki/Sanskrit_Grammar_(Whitney)/Chapter_XI#824
227,aor_root,828,846,XI,https://en.wikisource.org/wiki/Sanskrit_Grammar_(Whitney)/Chapter_XI#828
227,aor_redup,856,873,XI,https://en.wikisource.org/wiki/Sanskrit_Grammar_(Whitney)/Chapter_XI#856
227,aor_s,878,897,XI,https://en.wikisource.org/wiki/Sanskrit_Grammar_(Whitney)/Chapter_XI#878
227,aor_is,898,911,XI,https://en.wikisource.org/wiki/Sanskrit_Grammar_(Whitney)/Chapter_XI#898
227,s_future,931,940,XII,https://en.wikisource.org/wiki/Sanskrit_Grammar_(Whitney)/Chapter_XII#931
227,periphrastic_future,942,949,XII,https://en.wikisource.org/wiki/Sanskrit_Grammar_(Whitney)/Chapter_XII#942
227,causative,1041,1052,XIV,https://en.wikisource.org/wiki/Sanskrit_Grammar_(Whitney)/Chapter_XIV#1041
227,desiderative,1026,1040,XIV,https://en.wikisource.org/wiki/Sanskrit_Grammar_(Whitney)/Chapter_XIV#1026
227,intensive,1000,1025,XIV,https://en.wikisource.org/wiki/Sanskrit_Grammar_(Whitney)/Chapter_XIV#1000
227,ppp,952,958,XIII,https://en.wikisource.org/wiki/Sanskrit_Grammar_(Whitney)/Chapter_XIII#952
228,causative,1041,1052,XIV,https://en.wikisource.org/wiki/Sanskrit_Grammar_(Whitney)/Chapter_XIV#1041
229,present_a,733,750,IX,https://en.wikisource.org/wiki/Sanskrit_Grammar_(Whitney)/Chapter_IX#733
229,aor_class,824,827,XI,https://en.wikisource.org/wiki/Sanskrit_Grammar_(Whitney)/Chapter_XI#824
229,aor_redup,856,873,XI,https://en.wikisource.org/wiki/Sanskrit_Grammar_(Whitney)/Chapter_XI#856
229,aor_is,898,911,XI,https://en.wikisource.org/wiki/Sanskrit_Grammar_(Whitney)/Chapter_XI#898
229,causative,1041,1052,XIV,https://en.wikisource.org/wiki/Sanskrit_Grammar_(Whitney)/Chapter_XIV#1041
229,ppp,952,958,XIII,https://en.wikisource.org/wiki/Sanskrit_Grammar_(Whitney)/Chapter_XIII#952
230,present_a,733,750,IX,https://en.wikisource.org/wiki/Sanskrit_Grammar_(Whitney)/Chapter_IX#733
230,perfect,781,823,X,https://en.wikisource.org/wiki/Sanskrit_Grammar_(Whitney)/Chapter_X#781
230,aor_class,824,827,XI,https://en.wikisource.org/wiki/Sanskrit_Grammar_(Whitney)/Chapter_XI#824
230,aor_is,898,911,XI,https://en.wikisource.org/wiki/Sanskrit_Grammar_(Whitney)/Chapter_XI#898
230,s_future,931,940,XII,https://en.wikisource.org/wiki/Sanskrit_Grammar_(Whitney)/Chapter_XII#931
230,periphrastic_future,942,949,XII,https://en.wikisource.org/wiki/Sanskrit_Grammar_(Whitney)/Chapter_XII#942
230,ppp,952,958,XIII,https://en.wikisource.org/wiki/Sanskrit_Grammar_(Whitney)/Chapter_XIII#952
231,present_a,733,750,IX,https://en.wikisource.org/wiki/Sanskrit_Grammar_(Whitney)/Chapter_IX#733
231,passive_present,768,774,IX,https://en.wikisource.org/wiki/Sanskrit_Grammar_(Whitney)/Chapter_IX#768
231,perfect,781,823,X,https://en.wikisource.org/wiki/Sanskrit_Grammar_(Whitney)/Chapter_X#781
231,aor_class,824,827,XI,https://en.wikisource.org/wiki/Sanskrit_Grammar_(Whitney)/Chapter_XI#824
231,aor_is,898,911,XI,https://en.wikisource.org/wiki/Sanskrit_Grammar_(Whitney)/Chapter_XI#898
231,s_future,931,940,XII,https://en.wikisource.org/wiki/Sanskrit_Grammar_(Whitney)/Chapter_XII#931
231,periphrastic_future,942,949,XII,https://en.wikisource.org/wiki/Sanskrit_Grammar_(Whitney)/Chapter_XII#942
231,causative,1041,1052,XIV,https://en.wikisource.org/wiki/Sanskrit_Grammar_(Whitney)/Chapter_XIV#1041
231,desiderative,1026,1040,XIV,https://en.wikisource.org/wiki/Sanskrit_Grammar_(Whitney)/Chapter_XIV#1026
231,ppp,952,958,XIII,https://en.wikisource.org/wiki/Sanskrit_Grammar_(Whitney)/Chapter_XIII#952
231,infinitive,968,979,XIII,https://en.wikisource.org/wiki/Sanskrit_Grammar_(Whitney)/Chapter_XIII#968
231,gerund,989,994,XIII,https://en.wikisource.org/wiki/Sanskrit_Grammar_(Whitney)/Chapter_XIII#989
232,aor_class,824,827,XI,https://en.wikisource.org/wiki/Sanskrit_Grammar_(Whitney)/Chapter_XI#824
232,aor_redup,856,873,XI,https://en.wikisource.org/wiki/Sanskrit_Grammar_(Whitney)/Chapter_XI#856
232,causative,1041,1052,XIV,https://en.wikisource.org/wiki/Sanskrit_Grammar_(Whitney)/Chapter_XIV#1041
234,present_ya,759,767,IX,https://en.wikisource.org/wiki/Sanskrit_Grammar_(Whitney)/Chapter_IX#759
234,passive_present,768,774,IX,https://en.wikisource.org/wiki/Sanskrit_Grammar_(Whitney)/Chapter_IX#768
234,perfect,781,823,X,https://en.wikisource.org/wiki/Sanskrit_Grammar_(Whitney)/Chapter_X#781
234,aor_class,824,827,XI,https://en.wikisource.org/wiki/Sanskrit_Grammar_(Whitney)/Chapter_XI#824
234,aor_redup,856,873,XI,https://en.wikisource.org/wiki/Sanskrit_Grammar_(Whitney)/Chapter_XI#856
234,aor_is,898,911,XI,https://en.wikisource.org/wiki/Sanskrit_Grammar_(Whitney)/Chapter_XI#898
234,s_future,931,940,XII,https://en.wikisource.org/wiki/Sanskrit_Grammar_(Whitney)/Chapter_XII#931
234,periphrastic_future,942,949,XII,https://en.wikisource.org/wiki/Sanskrit_Grammar_(Whitney)/Chapter_XII#942
234,causative,1041,1052,XIV,https://en.wikisource.org/wiki/Sanskrit_Grammar_(Whitney)/Chapter_XIV#1041
235,present_a,733,750,IX,https://en.wikisource.org/wiki/Sanskrit_Grammar_(Whitney)/Chapter_IX#733
235,present_acc_a,751,758,IX,https://en.wikisource.org/wiki/Sanskrit_Grammar_(Whitney)/Chapter_IX#751
235,passive_present,768,774,IX,https://en.wikisource.org/wiki/Sanskrit_Grammar_(Whitney)/Chapter_IX#768
235,perfect,781,823,X,https://en.wikisource.org/wiki/Sanskrit_Grammar_(Whitney)/Chapter_X#781
235,aor_class,824,827,XI,https://en.wikisource.org/wiki/Sanskrit_Grammar_(Whitney)/Chapter_XI#824
235,aor_redup,856,873,XI,https://en.wikisource.org/wiki/Sanskrit_Grammar_(Whitney)/Chapter_XI#856
235,aor_is,898,911,XI,https://en.wikisource.org/wiki/Sanskrit_Grammar_(Whitney)/Chapter_XI#898
235,s_future,931,940,XII,https://en.wikisource.org/wiki/Sanskrit_Grammar_(Whitney)/Chapter_XII#931
235,periphrastic_future,942,949,XII,https://en.wikisource.org/wiki/Sanskrit_Grammar_(Whitney)/Chapter_XII#942
235,causative,1041,1052,XIV,https://en.wikisource.org/wiki/Sanskrit_Grammar_(Whitney)/Chapter_XIV#1041
235,desiderative,1026,1040,XIV,https://en.wikisource.org/wiki/Sanskrit_Grammar_(Whitney)/Chapter_XIV#1026
235,intensive,1000,1025,XIV,https://en.wikisource.org/wiki/Sanskrit_Grammar_(Whitney)/Chapter_XIV#1000
235,ppp,952,958,XIII,https://en.wikisource.org/wiki/Sanskrit_Grammar_(Whitney)/Chapter_XIII#952
235,gerund,989,994,XIII,https://en.wikisource.org/wiki/Sanskrit_Grammar_(Whitney)/Chapter_XIII#989
236,present_a,733,750,IX,https://en.wikisource.org/wiki/Sanskrit_Grammar_(Whitney)/Chapter_IX#733
236,perfect,781,823,X,https://en.wikisource.org/wiki/Sanskrit_Grammar_(Whitney)/Chapter_X#781
236,aor_class,824,827,XI,https://en.wikisource.org/wiki/Sanskrit_Grammar_(Whitney)/Chapter_XI#824
236,aor_redup,856,873,XI,https://en.wikisource.org/wiki/Sanskrit_Grammar_(Whitney)/Chapter_XI#856
236,aor_is,898,911,XI,https://en.wikisource.org/wiki/Sanskrit_Grammar_(Whitney)/Chapter_XI#898
236,s_future,931,940,XII,https://en.wikisource.org/wiki/Sanskrit_Grammar_(Whitney)/Chapter_XII#931
236,periphrastic_future,942,949,XII,https://en.wikisource.org/wiki/Sanskrit_Grammar_(Whitney)/Chapter_XII#942
236,causative,1041,1052,XIV,https://en.wikisource.org/wiki/Sanskrit_Grammar_(Whitney)/Chapter_XIV#1041
236,ppp,952,958,XIII,https://en.wikisource.org/wiki/Sanskrit_Grammar_(Whitney)/Chapter_XIII#952
236,infinitive,968,979,XIII,https://en.wikisource.org/wiki/Sanskrit_Grammar_(Whitney)/Chapter_XIII#968
236,gerund,989,994,XIII,https://en.wikisource.org/wiki/Sanskrit_Grammar_(Whitney)/Chapter_XIII#989
237,present_a,733,750,IX,https://en.wikisource.org/wiki/Sanskrit_Grammar_(Whitney)/Chapter_IX#733
237,perfect,781,823,X,https://en.wikisource.org/wiki/Sanskrit_Grammar_(Whitney)/Chapter_X#781
237,aor_class,824,827,XI,https://en.wikisource.org/wiki/Sanskrit_Grammar_(Whitney)/Chapter_XI#824
237,aor_root,828,846,XI,https://en.wikisource.org/wiki/Sanskrit_Grammar_(Whitney)/Chapter_XI#828
237,aor_redup,856,873,XI,https://en.wikisource.org/wiki/Sanskrit_Grammar_(Whitney)/Chapter_XI#856
237,aor_s,878,897,XI,https://en.wikisource.org/wiki/Sanskrit_Grammar_(Whitney)/Chapter_XI#878
237,s_future,931,940,XII,https://en.wikisource.org/wiki/Sanskrit_Grammar_(Whitney)/Chapter_XII#931
237,periphrastic_future,942,949,XII,https://en.wikisource.org/wiki/Sanskrit_Grammar_(Whitney)/Chapter_XII#942
237,causative,1041,1052,XIV,https://en.wikisource.org/wiki/Sanskrit_Grammar_(Whitney)/Chapter_XIV#1041
237,desiderative,1026,1040,XIV,https://en.wikisource.org/wiki/Sanskrit_Grammar_(Whitney)/Chapter_XIV#1026
237,intensive,1000,1025,XIV,https://en.wikisource.org/wiki/Sanskrit_Grammar_(Whitney)/Chapter_XIV#1000
237,ppp,952,958,XIII,https://en.wikisource.org/wiki/Sanskrit_Grammar_(Whitney)/Chapter_XIII#952
237,infinitive,968,979,XIII,https://en.wikisource.org/wiki/Sanskrit_Grammar_(Whitney)/Chapter_XIII#968
238,present_a,733,750,IX,https://en.wikisource.org/wiki/Sanskrit_Grammar_(Whitney)/Chapter_IX#733
238,perfect,781,823,X,https://en.wikisource.org/wiki/Sanskrit_Grammar_(Whitney)/Chapter_X#781
238,aor_class,824,827,XI,https://en.wikisource.org/wiki/Sanskrit_Grammar_(Whitney)/Chapter_XI#824
238,aor_a,847,855,XI,https://en.wikisource.org/wiki/Sanskrit_Grammar_(Whitney)/Chapter_XI#847
238,aor_redup,856,873,XI,https://en.wikisource.org/wiki/Sanskrit_Grammar_(Whitney)/Chapter_XI#856
238,aor_is,898,911,XI,https://en.wikisource.org/wiki/Sanskrit_Grammar_(Whitney)/Chapter_XI#898
238,s_future,931,940,XII,https://en.wikisource.org/wiki/Sanskrit_Grammar_(Whitney)/Chapter_XII#931
238,periphrastic_future,942,949,XII,https://en.wikisource.org/wiki/Sanskrit_Grammar_(Whitney)/Chapter_XII#942
238,causative,1041,1052,XIV,https://en.wikisource.org/wiki/Sanskrit_Grammar_(Whitney)/Chapter_XIV#1041
238,desiderative,1026,1040,XIV,https://en.wikisource.org/wiki/Sanskrit_Grammar_(Whitney)/Chapter_XIV#1026
238,intensive,1000,1025,XIV,https://en.wikisource.org/wiki/Sanskrit_Grammar_(Whitney)/Chapter_XIV#1000
239,present_a,733,750,IX,https://en.wikisource.org/wiki/Sanskrit_Grammar_(Whitney)/Chapter_IX#733
239,causative,1041,1052,XIV,https://en.wikisource.org/wiki/Sanskrit_Grammar_(Whitney)/Chapter_XIV#1041
239,ppp,952,958,XIII,https://en.wikisource.org/wiki/Sanskrit_Grammar_(Whitney)/Chapter_XIII#952
240,present_a,733,750,IX,https://en.wikisource.org/wiki/Sanskrit_Grammar_(Whitney)/Chapter_IX#733
240,present_root,611,641,IX,https://en.wikisource.org/wiki/Sanskrit_Grammar_(Whitney)/Chapter_IX#611
240,perfect,781,823,X,https://en.wikisource.org/wiki/Sanskrit_Grammar_(Whitney)/Chapter_X#781
240,aor_class,824,827,XI,https://en.wikisource.org/wiki/Sanskrit_Grammar_(Whitney)/Chapter_XI#824
240,aor_redup,856,873,XI,https://en.wikisource.org/wiki/Sanskrit_Grammar_(Whitney)/Chapter_XI#856
240,aor_s,878,897,XI,https://en.wikisource.org/wiki/Sanskrit_Grammar_(Whitney)/Chapter_XI#878
240,causative,1041,1052,XIV,https://en.wikisource.org/wiki/Sanskrit_Grammar_(Whitney)/Chapter_XIV#1041
241,perfect,781,823,X,https://en.wikisource.org/wiki/Sanskrit_Grammar_(Whitney)/Chapter_X#781
241,aor_class,824,827,XI,https://en.wikisource.org/wiki/Sanskrit_Grammar_(Whitney)/Chapter_XI#824
241,aor_root,828,846,XI,https://en.wikisource.org/wiki/Sanskrit_Grammar_(Whitney)/Chapter_XI#828
241,aor_is,898,911,XI,https://en.wikisource.org/wiki/Sanskrit_Grammar_(Whitney)/Chapter_XI#898
241,s_future,931,940,XII,https://en.wikisource.org/wiki/Sanskrit_Grammar_(Whitney)/Chapter_XII#931
241,periphrastic_future,942,949,XII,https://en.wikisource.org/wiki/Sanskrit_Grammar_(Whitney)/Chapter_XII#942
241,causative,1041,1052,XIV,https://en.wikisource.org/wiki/Sanskrit_Grammar_(Whitney)/Chapter_XIV#1041
241,desiderative,1026,1040,XIV,https://en.wikisource.org/wiki/Sanskrit_Grammar_(Whitney)/Chapter_XIV#1026
241,intensive,1000,1025,XIV,https://en.wikisource.org/wiki/Sanskrit_Grammar_(Whitney)/Chapter_XIV#1000
241,ppp,952,958,XIII,https://en.wikisource.org/wiki/Sanskrit_Grammar_(Whitney)/Chapter_XIII#952
241,gerund,989,994,XIII,https://en.wikisource.org/wiki/Sanskrit_Grammar_(Whitney)/Chapter_XIII#989
242,present_nasal,683,696,IX,https://en.wikisource.org/wiki/Sanskrit_Grammar_(Whitney)/Chapter_IX#683
242,passive_present,768,774,IX,https://en.wikisource.org/wiki/Sanskrit_Grammar_(Whitney)/Chapter_IX#768
242,perfect,781,823,X,https://en.wikisource.org/wiki/Sanskrit_Grammar_(Whitney)/Chapter_X#781
242,aor_class,824,827,XI,https://en.wikisource.org/wiki/Sanskrit_Grammar_(Whitney)/Chapter_XI#824
242,aor_root,828,846,XI,https://en.wikisource.org/wiki/Sanskrit_Grammar_(Whitney)/Chapter_XI#828
242,aor_a,847,855,XI,https://en.wikisource.org/wiki/Sanskrit_Grammar_(Whitney)/Chapter_XI#847
242,aor_redup,856,873,XI,https://en.wikisource.org/wiki/Sanskrit_Grammar_(Whitney)/Chapter_XI#856
242,aor_s,878,897,XI,https://en.wikisource.org/wiki/Sanskrit_Grammar_(Whitney)/Chapter_XI#878
242,s_future,931,940,XII,https://en.wikisource.org/wiki/Sanskrit_Grammar_(Whitney)/Chapter_XII#931
242,periphrastic_future,942,949,XII,https://en.wikisource.org/wiki/Sanskrit_Grammar_(Whitney)/Chapter_XII#942
242,causative,1041,1052,XIV,https://en.wikisource.org/wiki/Sanskrit_Grammar_(Whitney)/Chapter_XIV#1041
242,desiderative,1026,1040,XIV,https://en.wikisource.org/wiki/Sanskrit_Grammar_(Whitney)/Chapter_XIV#1026
242,intensive,1000,1025,XIV,https://en.wikisource.org/wiki/Sanskrit_Grammar_(Whitney)/Chapter_XIV#1000
242,ppp,952,958,XIII,https://en.wikisource.org/wiki/Sanskrit_Grammar_(Whitney)/Chapter_XIII#952
242,infinitive,968,979,XIII,https://en.wikisource.org/wiki/Sanskrit_Grammar_(Whitney)/Chapter_XIII#968
242,gerund,989,994,XIII,https://en.wikisource.org/wiki/Sanskrit_Grammar_(Whitney)/Chapter_XIII#989
243,causative,1041,1052,XIV,https://en.wikisource.org/wiki/Sanskrit_Grammar_(Whitney)/Chapter_XIV#1041
244,perfect,781,823,X,https://en.wikisource.org/wiki/Sanskrit_Grammar_(Whitney)/Chapter_X#781
244,aor_class,824,827,XI,https://en.wikisource.org/wiki/Sanskrit_Grammar_(Whitney)/Chapter_XI#824
244,causative,1041,1052,XIV,https://en.wikisource.org/wiki/Sanskrit_Grammar_(Whitney)/Chapter_XIV#1041
245,present_a,733,750,IX,https://en.wikisource.org/wiki/Sanskrit_Grammar_(Whitney)/Chapter_IX#733
245,present_nasal,683,696,IX,https://en.wikisource.org/wiki/Sanskrit_Grammar_(Whitney)/Chapter_IX#683
245,perfect,781,823,X,https://en.wikisource.org/wiki/Sanskrit_Grammar_(Whitney)/Chapter_X#781
245,aor_class,824,827,XI,https://en.wikisource.org/wiki/Sanskrit_Grammar_(Whitney)/Chapter_XI#824
245,aor_root,828,846,XI,https://en.wikisource.org/wiki/Sanskrit_Grammar_(Whitney)/Chapter_XI#828
245,aor_redup,856,873,XI,https://en.wikisource.org/wiki/Sanskrit_Grammar_(Whitney)/Chapter_XI#856
245,aor_is,898,911,XI,https://en.wikisource.org/wiki/Sanskrit_Grammar_(Whitney)/Chapter_XI#898
245,s_future,931,940,XII,https://en.wikisource.org/wiki/Sanskrit_Grammar_(Whitney)/Chapter_XII#931
245,periphrastic_future,942,949,XII,https://en.wikisource.org/wiki/Sanskrit_Grammar_(Whitney)/Chapter_XII#942
245,causative,1041,1052,XIV,https://en.wikisource.org/wiki/Sanskrit_Grammar_(Whitney)/Chapter_XIV#1041
245,desiderative,1026,1040,XIV,https://en.wikisource.org/wiki/Sanskrit_Grammar_(Whitney)/Chapter_XIV#1026
245,intensive,1000,1025,XIV,https://en.wikisource.org/wiki/Sanskrit_Grammar_(Whitney)/Chapter_XIV#1000
245,ppp,952,958,XIII,https://en.wikisource.org/wiki/Sanskrit_Grammar_(Whitney)/Chapter_XIII#952
245,gerund,989,994,XIII,https://en.wikisource.org/wiki/Sanskrit_Grammar_(Whitney)/Chapter_XIII#989
246,present_a,733,750,IX,https://en.wikisource.org/wiki/Sanskrit_Grammar_(Whitney)/Chapter_IX#733
246,present_root,611,641,IX,https://en.wikisource.org/wiki/Sanskrit_Grammar_(Whitney)/Chapter_IX#611
246,perfect,781,823,X,https://en.wikisource.org/wiki/Sanskrit_Grammar_(Whitney)/Chapter_X#781
246,aor_class,824,827,XI,https://en.wikisource.org/wiki/Sanskrit_Grammar_(Whitney)/Chapter_XI#824
246,aor_redup,856,873,XI,https://en.wikisource.org/wiki/Sanskrit_Grammar_(Whitney)/Chapter_XI#856
246,aor_is,898,911,XI,https://en.wikisource.org/wiki/Sanskrit_Grammar_(Whitney)/Chapter_XI#898
246,s_future,931,940,XII,https://en.wikisource.org/wiki/Sanskrit_Grammar_(Whitney)/Chapter_XII#931
246,periphrastic_future,942,949,XII,https://en.wikisource.org/wiki/Sanskrit_Grammar_(Whitney)/Chapter_XII#942
246,causative,1041,1052,XIV,https://en.wikisource.org/wiki/Sanskrit_Grammar_(Whitney)/Chapter_XIV#1041
246,desiderative,1026,1040,XIV,https://en.wikisource.org/wiki/Sanskrit_Grammar_(Whitney)/Chapter_XIV#1026
246,intensive,1000,1025,XIV,https://en.wikisource.org/wiki/Sanskrit_Grammar_(Whitney)/Chapter_XIV#1000
247,present_root,611,641,IX,https://en.wikisource.org/wiki/Sanskrit_Grammar_(Whitney)/Chapter_IX#611
248,present_nu_u,697,716,IX,https://en.wikisource.org/wiki/Sanskrit_Grammar_(Whitney)/Chapter_IX#697
249,present_a,733,750,IX,https://en.wikisource.org/wiki/Sanskrit_Grammar_(Whitney)/Chapter_IX#733
249,present_root,611,641,IX,https://en.wikisource.org/wiki/Sanskrit_Grammar_(Whitney)/Chapter_IX#611
249,present_redup,642,682,IX,https://en.wikisource.org/wiki/Sanskrit_Grammar_(Whitney)/Chapter_IX#642
249,present_ya,759,767,IX,https://en.wikisource.org/wiki/Sanskrit_Grammar_(Whitney)/Chapter_IX#759
249,passive_present,768,774,IX,https://en.wikisource.org/wiki/Sanskrit_Grammar_(Whitney)/Chapter_IX#768
249,perfect,781,823,X,https://en.wikisource.org/wiki/Sanskrit_Grammar_(Whitney)/Chapter_X#781
249,aor_class,824,827,XI,https://en.wikisource.org/wiki/Sanskrit_Grammar_(Whitney)/Chapter_XI#824
249,aor_root,828,846,XI,https://en.wikisource.org/wiki/Sanskrit_Grammar_(Whitney)/Chapter_XI#828
249,aor_redup,856,873,XI,https://en.wikisource.org/wiki/Sanskrit_Grammar_(Whitney)/Chapter_XI#856
249,aor_is,898,911,XI,https://en.wikisource.org/wiki/Sanskrit_Grammar_(Whitney)/Chapter_XI#898
249,s_future,931,940,XII,https://en.wikisource.org/wiki/Sanskrit_Grammar_(Whitney)/Chapter_XII#931
249,periphrastic_future,942,949,XII,https://en.wikisource.org/wiki/Sanskrit_Grammar_(Whitney)/Chapter_XII#942
249,causative,1041,1052,XIV,https://en.wikisource.org/wiki/Sanskrit_Grammar_(Whitney)/Chapter_XIV#1041
249,desiderative,1026,1040,XIV,https://en.wikisource.org/wiki/Sanskrit_Grammar_(Whitney)/Chapter_XIV#1026
249,intensive,1000,1025,XIV,https://en.wikisource.org/wiki/Sanskrit_Grammar_(Whitney)/Chapter_XIV#1000
249,ppp,952,958,XIII,https://en.wikisource.org/wiki/Sanskrit_Grammar_(Whitney)/Chapter_XIII#952
250,present_a,733,750,IX,https://en.wikisource.org/wiki/Sanskrit_Grammar_(Whitney)/Chapter_IX#733
250,passive_present,768,774,IX,https://en.wikisource.org/wiki/Sanskrit_Grammar_(Whitney)/Chapter_IX#768
250,perfect,781,823,X,https://en.wikisource.org/wiki/Sanskrit_Grammar_(Whitney)/Chapter_X#781
250,aor_class,824,827,XI,https://en.wikisource.org/wiki/Sanskrit_Grammar_(Whitney)/Chapter_XI#824
250,aor_redup,856,873,XI,https://en.wikisource.org/wiki/Sanskrit_Grammar_(Whitney)/Chapter_XI#856
250,aor_is,898,911,XI,https://en.wikisource.org/wiki/Sanskrit_Grammar_(Whitney)/Chapter_XI#898
250,s_future,931,940,XII,https://en.wikisource.org/wiki/Sanskrit_Grammar_(Whitney)/Chapter_XII#931
250,periphrastic_future,942,949,XII,https://en.wikisource.org/wiki/Sanskrit_Grammar_(Whitney)/Chapter_XII#942
250,causative,1041,1052,XIV,https://en.wikisource.org/wiki/Sanskrit_Grammar_(Whitney)/Chapter_XIV#1041
250,desiderative,1026,1040,XIV,https://en.wikisource.org/wiki/Sanskrit_Grammar_(Whitney)/Chapter_XIV#1026
250,intensive,1000,1025,XIV,https://en.wikisource.org/wiki/Sanskrit_Grammar_(Whitney)/Chapter_XIV#1000
250,ppp,952,958,XIII,https://en.wikisource.org/wiki/Sanskrit_Grammar_(Whitney)/Chapter_XIII#952
250,infinitive,968,979,XIII,https://en.wikisource.org/wiki/Sanskrit_Grammar_(Whitney)/Chapter_XIII#968
250,gerund,989,994,XIII,https://en.wikisource.org/wiki/Sanskrit_Grammar_(Whitney)/Chapter_XIII#989
251,present_a,733,750,IX,https://en.wikisource.org/wiki/Sanskrit_Grammar_(Whitney)/Chapter_IX#733
251,intensive,1000,1025,XIV,https://en.wikisource.org/wiki/Sanskrit_Grammar_(Whitney)/Chapter_XIV#1000
252,present_a,733,750,IX,https://en.wikisource.org/wiki/Sanskrit_Grammar_(Whitney)/Chapter_IX#733
252,aor_class,824,827,XI,https://en.wikisource.org/wiki/Sanskrit_Grammar_(Whitney)/Chapter_XI#824
252,aor_redup,856,873,XI,https://en.wikisource.org/wiki/Sanskrit_Grammar_(Whitney)/Chapter_XI#856
252,aor_is,898,911,XI,https://en.wikisource.org/wiki/Sanskrit_Grammar_(Whitney)/Chapter_XI#898
252,causative,1041,1052,XIV,https://en.wikisource.org/wiki/Sanskrit_Grammar_(Whitney)/Chapter_XIV#1041
252,intensive,1000,1025,XIV,https://en.wikisource.org/wiki/Sanskrit_Grammar_(Whitney)/Chapter_XIV#1000
252,ppp,952,958,XIII,https://en.wikisource.org/wiki/Sanskrit_Grammar_(Whitney)/Chapter_XIII#952
252,infinitive,968,979,XIII,https://en.wikisource.org/wiki/Sanskrit_Grammar_(Whitney)/Chapter_XIII#968
254,present_a,733,750,IX,https://en.wikisource.org/wiki/Sanskrit_Grammar_(Whitney)/Chapter_IX#733
254,passive_present,768,774,IX,https://en.wikisource.org/wiki/Sanskrit_Grammar_(Whitney)/Chapter_IX#768
254,perfect,781,823,X,https://en.wikisource.org/wiki/Sanskrit_Grammar_(Whitney)/Chapter_X#781
254,aor_class,824,827,XI,https://en.wikisource.org/wiki/Sanskrit_Grammar_(Whitney)/Chapter_XI#824
254,aor_is,898,911,XI,https://en.wikisource.org/wiki/Sanskrit_Grammar_(Whitney)/Chapter_XI#898
254,s_future,931,940,XII,https://en.wikisource.org/wiki/Sanskrit_Grammar_(Whitney)/Chapter_XII#931
254,periphrastic_future,942,949,XII,https://en.wikisource.org/wiki/Sanskrit_Grammar_(Whitney)/Chapter_XII#942
254,ppp,952,958,XIII,https://en.wikisource.org/wiki/Sanskrit_Grammar_(Whitney)/Chapter_XIII#952
255,present_a,733,750,IX,https://en.wikisource.org/wiki/Sanskrit_Grammar_(Whitney)/Chapter_IX#733
255,present_ya,759,767,IX,https://en.wikisource.org/wiki/Sanskrit_Grammar_(Whitney)/Chapter_IX#759
255,perfect,781,823,X,https://en.wikisource.org/wiki/Sanskrit_Grammar_(Whitney)/Chapter_X#781
255,aor_class,824,827,XI,https://en.wikisource.org/wiki/Sanskrit_Grammar_(Whitney)/Chapter_XI#824
255,aor_redup,856,873,XI,https://en.wikisource.org/wiki/Sanskrit_Grammar_(Whitney)/Chapter_XI#856
255,causative,1041,1052,XIV,https://en.wikisource.org/wiki/Sanskrit_Grammar_(Whitney)/Chapter_XIV#1041
258,present_a,733,750,IX,https://en.wikisource.org/wiki/Sanskrit_Grammar_(Whitney)/Chapter_IX#733
258,present_root,611,641,IX,https://en.wikisource.org/wiki/Sanskrit_Grammar_(Whitney)/Chapter_IX#611
258,passive_present,768,774,IX,https://en.wikisource.org/wiki/Sanskrit_Grammar_(Whitney)/Chapter_IX#768
258,perfect,781,823,X,https://en.wikisource.org/wiki/Sanskrit_Grammar_(Whitney)/Chapter_X#781
258,aor_class,824,827,XI,https://en.wikisource.org/wiki/Sanskrit_Grammar_(Whitney)/Chapter_XI#824
258,aor_root,828,846,XI,https://en.wikisource.org/wiki/Sanskrit_Grammar_(Whitney)/Chapter_XI#828
258,aor_redup,856,873,XI,https://en.wikisource.org/wiki/Sanskrit_Grammar_(Whitney)/Chapter_XI#856
258,aor_s,878,897,XI,https://en.wikisource.org/wiki/Sanskrit_Grammar_(Whitney)/Chapter_XI#878
258,aor_is,898,911,XI,https://en.wikisource.org/wiki/Sanskrit_Grammar_(Whitney)/Chapter_XI#898
258,s_future,931,940,XII,https://en.wikisource.org/wiki/Sanskrit_Grammar_(Whitney)/Chapter_XII#931
258,periphrastic_future,942,949,XII,https://en.wikisource.org/wiki/Sanskrit_Grammar_(Whitney)/Chapter_XII#942
258,causative,1041,1052,XIV,https://en.wikisource.org/wiki/Sanskrit_Grammar_(Whitney)/Chapter_XIV#1041
258,desiderative,1026,1040,XIV,https://en.wikisource.org/wiki/Sanskrit_Grammar_(Whitney)/Chapter_XIV#1026
258,intensive,1000,1025,XIV,https://en.wikisource.org/wiki/Sanskrit_Grammar_(Whitney)/Chapter_XIV#1000
258,ppp,952,958,XIII,https://en.wikisource.org/wiki/Sanskrit_Grammar_(Whitney)/Chapter_XIII#952
258,infinitive,968,979,XIII,https://en.wikisource.org/wiki/Sanskrit_Grammar_(Whitney)/Chapter_XIII#968
258,gerund,989,994,XIII,https://en.wikisource.org/wiki/Sanskrit_Grammar_(Whitney)/Chapter_XIII#989
259,present_a,733,750,IX,https://en.wikisource.org/wiki/Sanskrit_Grammar_(Whitney)/Chapter_IX#733
259,present_nu_u,697,716,IX,https://en.wikisource.org/wiki/Sanskrit_Grammar_(Whitney)/Chapter_IX#697
259,perfect,781,823,X,https://en.wikisource.org/wiki/Sanskrit_Grammar_(Whitney)/Chapter_X#781
259,aor_class,824,827,XI,https://en.wikisource.org/wiki/Sanskrit_Grammar_(Whitney)/Chapter_XI#824
259,aor_is,898,911,XI,https://en.wikisource.org/wiki/Sanskrit_Grammar_(Whitney)/Chapter_XI#898
259,s_future,931,940,XII,https://en.wikisource.org/wiki/Sanskrit_Grammar_(Whitney)/Chapter_XII#931
259,periphrastic_future,942,949,XII,https://en.wikisource.org/wiki/Sanskrit_Grammar_(Whitney)/Chapter_XII#942
259,ppp,952,958,XIII,https://en.wikisource.org/wiki/Sanskrit_Grammar_(Whitney)/Chapter_XIII#952
260,present_a,733,750,IX,https://en.wikisource.org/wiki/Sanskrit_Grammar_(Whitney)/Chapter_IX#733
260,passive_present,768,774,IX,https://en.wikisource.org/wiki/Sanskrit_Grammar_(Whitney)/Chapter_IX#768
260,perfect,781,823,X,https://en.wikisource.org/wiki/Sanskrit_Grammar_(Whitney)/Chapter_X#781
260,aor_class,824,827,XI,https://en.wikisource.org/wiki/Sanskrit_Grammar_(Whitney)/Chapter_XI#824
260,aor_root,828,846,XI,https://en.wikisource.org/wiki/Sanskrit_Grammar_(Whitney)/Chapter_XI#828
260,aor_redup,856,873,XI,https://en.wikisource.org/wiki/Sanskrit_Grammar_(Whitney)/Chapter_XI#856
260,aor_is,898,911,XI,https://en.wikisource.org/wiki/Sanskrit_Grammar_(Whitney)/Chapter_XI#898
260,s_future,931,940,XII,https://en.wikisource.org/wiki/Sanskrit_Grammar_(Whitney)/Chapter_XII#931
260,periphrastic_future,942,949,XII,https://en.wikisource.org/wiki/Sanskrit_Grammar_(Whitney)/Chapter_XII#942
260,causative,1041,1052,XIV,https://en.wikisource.org/wiki/Sanskrit_Grammar_(Whitney)/Chapter_XIV#1041
260,desiderative,1026,1040,XIV,https://en.wikisource.org/wiki/Sanskrit_Grammar_(Whitney)/Chapter_XIV#1026
260,intensive,1000,1025,XIV,https://en.wikisource.org/wiki/Sanskrit_Grammar_(Whitney)/Chapter_XIV#1000
260,ppp,952,958,XIII,https://en.wikisource.org/wiki/Sanskrit_Grammar_(Whitney)/Chapter_XIII#952
260,infinitive,968,979,XIII,https://en.wikisource.org/wiki/Sanskrit_Grammar_(Whitney)/Chapter_XIII#968
260,gerund,989,994,XIII,https://en.wikisource.org/wiki/Sanskrit_Grammar_(Whitney)/Chapter_XIII#989
262,present_root,611,641,IX,https://en.wikisource.org/wiki/Sanskrit_Grammar_(Whitney)/Chapter_IX#611
262,present_acc_a,751,758,IX,https://en.wikisource.org/wiki/Sanskrit_Grammar_(Whitney)/Chapter_IX#751
262,perfect,781,823,X,https://en.wikisource.org/wiki/Sanskrit_Grammar_(Whitney)/Chapter_X#781
262,aor_class,824,827,XI,https://en.wikisource.org/wiki/Sanskrit_Grammar_(Whitney)/Chapter_XI#824
262,aor_root,828,846,XI,https://en.wikisource.org/wiki/Sanskrit_Grammar_(Whitney)/Chapter_XI#828
262,aor_redup,856,873,XI,https://en.wikisource.org/wiki/Sanskrit_Grammar_(Whitney)/Chapter_XI#856
262,aor_is,898,911,XI,https://en.wikisource.org/wiki/Sanskrit_Grammar_(Whitney)/Chapter_XI#898
262,s_future,931,940,XII,https://en.wikisource.org/wiki/Sanskrit_Grammar_(Whitney)/Chapter_XII#931
262,periphrastic_future,942,949,XII,https://en.wikisource.org/wiki/Sanskrit_Grammar_(Whitney)/Chapter_XII#942
262,causative,1041,1052,XIV,https://en.wikisource.org/wiki/Sanskrit_Grammar_(Whitney)/Chapter_XIV#1041
262,desiderative,1026,1040,XIV,https://en.wikisource.org/wiki/Sanskrit_Grammar_(Whitney)/Chapter_XIV#1026
262,intensive,1000,1025,XIV,https://en.wikisource.org/wiki/Sanskrit_Grammar_(Whitney)/Chapter_XIV#1000
262,ppp,952,958,XIII,https://en.wikisource.org/wiki/Sanskrit_Grammar_(Whitney)/Chapter_XIII#952
263,present_a,733,750,IX,https://en.wikisource.org/wiki/Sanskrit_Grammar_(Whitney)/Chapter_IX#733
263,present_na,717,732,IX,https://en.wikisource.org/wiki/Sanskrit_Grammar_(Whitney)/Chapter_IX#717
263,perfect,781,823,X,https://en.wikisource.org/wiki/Sanskrit_Grammar_(Whitney)/Chapter_X#781
263,aor_class,824,827,XI,https://en.wikisource.org/wiki/Sanskrit_Grammar_(Whitney)/Chapter_XI#824
263,aor_redup,856,873,XI,https://en.wikisource.org/wiki/Sanskrit_Grammar_(Whitney)/Chapter_XI#856
263,causative,1041,1052,XIV,https://en.wikisource.org/wiki/Sanskrit_Grammar_(Whitney)/Chapter_XIV#1041
263,ppp,952,958,XIII,https://en.wikisource.org/wiki/Sanskrit_Grammar_(Whitney)/Chapter_XIII#952
264,present_a,733,750,IX,https://en.wikisource.org/wiki/Sanskrit_Grammar_(Whitney)/Chapter_IX#733
264,aor_class,824,827,XI,https://en.wikisource.org/wiki/Sanskrit_Grammar_(Whitney)/Chapter_XI#824
264,aor_is,898,911,XI,https://en.wikisource.org/wiki/Sanskrit_Grammar_(Whitney)/Chapter_XI#898
265,present_a,733,750,IX,https://en.wikisource.org/wiki/Sanskrit_Grammar_(Whitney)/Chapter_IX#733
265,present_ya,759,767,IX,https://en.wikisource.org/wiki/Sanskrit_Grammar_(Whitney)/Chapter_IX#759
265,present_acc_a,751,758,IX,https://en.wikisource.org/wiki/Sanskrit_Grammar_(Whitney)/Chapter_IX#751
265,passive_present,768,774,IX,https://en.wikisource.org/wiki/Sanskrit_Grammar_(Whitney)/Chapter_IX#768
265,perfect,781,823,X,https://en.wikisource.org/wiki/Sanskrit_Grammar_(Whitney)/Chapter_X#781
265,aor_class,824,827,XI,https://en.wikisource.org/wiki/Sanskrit_Grammar_(Whitney)/Chapter_XI#824
265,aor_root,828,846,XI,https://en.wikisource.org/wiki/Sanskrit_Grammar_(Whitney)/Chapter_XI#828
265,aor_a,847,855,XI,https://en.wikisource.org/wiki/Sanskrit_Grammar_(Whitney)/Chapter_XI#847
265,aor_redup,856,873,XI,https://en.wikisource.org/wiki/Sanskrit_Grammar_(Whitney)/Chapter_XI#856
265,aor_is,898,911,XI,https://en.wikisource.org/wiki/Sanskrit_Grammar_(Whitney)/Chapter_XI#898
265,s_future,931,940,XII,https://en.wikisource.org/wiki/Sanskrit_Grammar_(Whitney)/Chapter_XII#931
265,periphrastic_future,942,949,XII,https://en.wikisource.org/wiki/Sanskrit_Grammar_(Whitney)/Chapter_XII#942
265,causative,1041,1052,XIV,https://en.wikisource.org/wiki/Sanskrit_Grammar_(Whitney)/Chapter_XIV#1041
265,desiderative,1026,1040,XIV,https://en.wikisource.org/wiki/Sanskrit_Grammar_(Whitney)/Chapter_XIV#1026
265,intensive,1000,1025,XIV,https://en.wikisource.org/wiki/Sanskrit_Grammar_(Whitney)/Chapter_XIV#1000
265,ppp,952,958,XIII,https://en.wikisource.org/wiki/Sanskrit_Grammar_(Whitney)/Chapter_XIII#952
266,present_a,733,750,IX,https://en.wikisource.org/wiki/Sanskrit_Grammar_(Whitney)/Chapter_IX#733
267,present_a,733,750,IX,https://en.wikisource.org/wiki/Sanskrit_Grammar_(Whitney)/Chapter_IX#733
267,perfect,781,823,X,https://en.wikisource.org/wiki/Sanskrit_Grammar_(Whitney)/Chapter_X#781
267,aor_class,824,827,XI,https://en.wikisource.org/wiki/Sanskrit_Grammar_(Whitney)/Chapter_XI#824
267,aor_is,898,911,XI,https://en.wikisource.org/wiki/Sanskrit_Grammar_(Whitney)/Chapter_XI#898
267,s_future,931,940,XII,https://en.wikisource.org/wiki/Sanskrit_Grammar_(Whitney)/Chapter_XII#931
267,periphrastic_future,942,949,XII,https://en.wikisource.org/wiki/Sanskrit_Grammar_(Whitney)/Chapter_XII#942
267,causative,1041,1052,XIV,https://en.wikisource.org/wiki/Sanskrit_Grammar_(Whitney)/Chapter_XIV#1041
267,intensive,1000,1025,XIV,https://en.wikisource.org/wiki/Sanskrit_Grammar_(Whitney)/Chapter_XIV#1000
267,ppp,952,958,XIII,https://en.wikisource.org/wiki/Sanskrit_Grammar_(Whitney)/Chapter_XIII#952
267,gerund,989,994,XIII,https://en.wikisource.org/wiki/Sanskrit_Grammar_(Whitney)/Chapter_XIII#989
268,present_a,733,750,IX,https://en.wikisource.org/wiki/Sanskrit_Grammar_(Whitney)/Chapter_IX#733
268,perfect,781,823,X,https://en.wikisource.org/wiki/Sanskrit_Grammar_(Whitney)/Chapter_X#781
268,aor_class,824,827,XI,https://en.wikisource.org/wiki/Sanskrit_Grammar_(Whitney)/Chapter_XI#824
268,aor_redup,856,873,XI,https://en.wikisource.org/wiki/Sanskrit_Grammar_(Whitney)/Chapter_XI#856
268,aor_is,898,911,XI,https://en.wikisource.org/wiki/Sanskrit_Grammar_(Whitney)/Chapter_XI#898
268,s_future,931,940,XII,https://en.wikisource.org/wiki/Sanskrit_Grammar_(Whitney)/Chapter_XII#931
268,periphrastic_future,942,949,XII,https://en.wikisource.org/wiki/Sanskrit_Grammar_(Whitney)/Chapter_XII#942
268,causative,1041,1052,XIV,https://en.wikisource.org/wiki/Sanskrit_Grammar_(Whitney)/Chapter_XIV#1041
269,present_a,733,750,IX,https://en.wikisource.org/wiki/Sanskrit_Grammar_(Whitney)/Chapter_IX#733
269,present_na,717,732,IX,https://en.wikisource.org/wiki/Sanskrit_Grammar_(Whitney)/Chapter_IX#717
269,passive_present,768,774,IX,https://en.wikisource.org/wiki/Sanskrit_Grammar_(Whitney)/Chapter_IX#768
269,perfect,781,823,X,https://en.wikisource.org/wiki/Sanskrit_Grammar_(Whitney)/Chapter_X#781
269,aor_class,824,827,XI,https://en.wikisource.org/wiki/Sanskrit_Grammar_(Whitney)/Chapter_XI#824
269,aor_root,828,846,XI,https://en.wikisource.org/wiki/Sanskrit_Grammar_(Whitney)/Chapter_XI#828
269,aor_s,878,897,XI,https://en.wikisource.org/wiki/Sanskrit_Grammar_(Whitney)/Chapter_XI#878
269,aor_sis,912,915,XI,https://en.wikisource.org/wiki/Sanskrit_Grammar_(Whitney)/Chapter_XI#912
269,s_future,931,940,XII,https://en.wikisource.org/wiki/Sanskrit_Grammar_(Whitney)/Chapter_XII#931
269,periphrastic_future,942,949,XII,https://en.wikisource.org/wiki/Sanskrit_Grammar_(Whitney)/Chapter_XII#942
269,causative,1041,1052,XIV,https://en.wikisource.org/wiki/Sanskrit_Grammar_(Whitney)/Chapter_XIV#1041
269,desiderative,1026,1040,XIV,https://en.wikisource.org/wiki/Sanskrit_Grammar_(Whitney)/Chapter_XIV#1026
269,intensive,1000,1025,XIV,https://en.wikisource.org/wiki/Sanskrit_Grammar_(Whitney)/Chapter_XIV#1000
269,ppp,952,958,XIII,https://en.wikisource.org/wiki/Sanskrit_Grammar_(Whitney)/Chapter_XIII#952
269,infinitive,968,979,XIII,https://en.wikisource.org/wiki/Sanskrit_Grammar_(Whitney)/Chapter_XIII#968
269,gerund,989,994,XIII,https://en.wikisource.org/wiki/Sanskrit_Grammar_(Whitney)/Chapter_XIII#989
270,present_ya,759,767,IX,https://en.wikisource.org/wiki/Sanskrit_Grammar_(Whitney)/Chapter_IX#759
270,present_na,717,732,IX,https://en.wikisource.org/wiki/Sanskrit_Grammar_(Whitney)/Chapter_IX#717
270,passive_present,768,774,IX,https://en.wikisource.org/wiki/Sanskrit_Grammar_(Whitney)/Chapter_IX#768
270,perfect,781,823,X,https://en.wikisource.org/wiki/Sanskrit_Grammar_(Whitney)/Chapter_X#781
270,aor_class,824,827,XI,https://en.wikisource.org/wiki/Sanskrit_Grammar_(Whitney)/Chapter_XI#824
270,aor_root,828,846,XI,https://en.wikisource.org/wiki/Sanskrit_Grammar_(Whitney)/Chapter_XI#828
270,aor_sis,912,915,XI,https://en.wikisource.org/wiki/Sanskrit_Grammar_(Whitney)/Chapter_XI#912
270,s_future,931,940,XII,https://en.wikisource.org/wiki/Sanskrit_Grammar_(Whitney)/Chapter_XII#931
270,periphrastic_future,942,949,XII,https://en.wikisource.org/wiki/Sanskrit_Grammar_(Whitney)/Chapter_XII#942
270,causative,1041,1052,XIV,https://en.wikisource.org/wiki/Sanskrit_Grammar_(Whitney)/Chapter_XIV#1041
270,desiderative,1026,1040,XIV,https://en.wikisource.org/wiki/Sanskrit_Grammar_(Whitney)/Chapter_XIV#1026
270,intensive,1000,1025,XIV,https://en.wikisource.org/wiki/Sanskrit_Grammar_(Whitney)/Chapter_XIV#1000
270,ppp,952,958,XIII,https://en.wikisource.org/wiki/Sanskrit_Grammar_(Whitney)/Chapter_XIII#952
270,gerund,989,994,XIII,https://en.wikisource.org/wiki/Sanskrit_Grammar_(Whitney)/Chapter_XIII#989
271,present_a,733,750,IX,https://en.wikisource.org/wiki/Sanskrit_Grammar_(Whitney)/Chapter_IX#733
271,causative,1041,1052,XIV,https://en.wikisource.org/wiki/Sanskrit_Grammar_(Whitney)/Chapter_XIV#1041
271,gerund,989,994,XIII,https://en.wikisource.org/wiki/Sanskrit_Grammar_(Whitney)/Chapter_XIII#989
272,present_a,733,750,IX,https://en.wikisource.org/wiki/Sanskrit_Grammar_(Whitney)/Chapter_IX#733
272,perfect,781,823,X,https://en.wikisource.org/wiki/Sanskrit_Grammar_(Whitney)/Chapter_X#781
272,aor_class,824,827,XI,https://en.wikisource.org/wiki/Sanskrit_Grammar_(Whitney)/Chapter_XI#824
272,aor_redup,856,873,XI,https://en.wikisource.org/wiki/Sanskrit_Grammar_(Whitney)/Chapter_XI#856
272,aor_is,898,911,XI,https://en.wikisource.org/wiki/Sanskrit_Grammar_(Whitney)/Chapter_XI#898
272,s_future,931,940,XII,https://en.wikisource.org/wiki/Sanskrit_Grammar_(Whitney)/Chapter_XII#931
272,periphrastic_future,942,949,XII,https://en.wikisource.org/wiki/Sanskrit_Grammar_(Whitney)/Chapter_XII#942
272,causative,1041,1052,XIV,https://en.wikisource.org/wiki/Sanskrit_Grammar_(Whitney)/Chapter_XIV#1041
272,desiderative,1026,1040,XIV,https://en.wikisource.org/wiki/Sanskrit_Grammar_(Whitney)/Chapter_XIV#1026
272,intensive,1000,1025,XIV,https://en.wikisource.org/wiki/Sanskrit_Grammar_(Whitney)/Chapter_XIV#1000
273,present_a,733,750,IX,https://en.wikisource.org/wiki/Sanskrit_Grammar_(Whitney)/Chapter_IX#733
273,passive_present,768,774,IX,https://en.wikisource.org/wiki/Sanskrit_Grammar_(Whitney)/Chapter_IX#768
273,perfect,781,823,X,https://en.wikisource.org/wiki/Sanskrit_Grammar_(Whitney)/Chapter_X#781
273,aor_class,824,827,XI,https://en.wikisource.org/wiki/Sanskrit_Grammar_(Whitney)/Chapter_XI#824
273,aor_redup,856,873,XI,https://en.wikisource.org/wiki/Sanskrit_Grammar_(Whitney)/Chapter_XI#856
273,aor_is,898,911,XI,https://en.wikisource.org/wiki/Sanskrit_Grammar_(Whitney)/Chapter_XI#898
273,s_future,931,940,XII,https://en.wikisource.org/wiki/Sanskrit_Grammar_(Whitney)/Chapter_XII#931
273,periphrastic_future,942,949,XII,https://en.wikisource.org/wiki/Sanskrit_Grammar_(Whitney)/Chapter_XII#942
273,causative,1041,1052,XIV,https://en.wikisource.org/wiki/Sanskrit_Grammar_(Whitney)/Chapter_XIV#1041
273,desiderative,1026,1040,XIV,https://en.wikisource.org/wiki/Sanskrit_Grammar_(Whitney)/Chapter_XIV#1026
273,intensive,1000,1025,XIV,https://en.wikisource.org/wiki/Sanskrit_Grammar_(Whitney)/Chapter_XIV#1000
274,present_a,733,750,IX,https://en.wikisource.org/wiki/Sanskrit_Grammar_(Whitney)/Chapter_IX#733
274,perfect,781,823,X,https://en.wikisource.org/wiki/Sanskrit_Grammar_(Whitney)/Chapter_X#781
274,aor_class,824,827,XI,https://en.wikisource.org/wiki/Sanskrit_Grammar_(Whitney)/Chapter_XI#824
274,aor_redup,856,873,XI,https://en.wikisource.org/wiki/Sanskrit_Grammar_(Whitney)/Chapter_XI#856
274,aor_is,898,911,XI,https://en.wikisource.org/wiki/Sanskrit_Grammar_(Whitney)/Chapter_XI#898
274,s_future,931,940,XII,https://en.wikisource.org/wiki/Sanskrit_Grammar_(Whitney)/Chapter_XII#931
274,periphrastic_future,942,949,XII,https://en.wikisource.org/wiki/Sanskrit_Grammar_(Whitney)/Chapter_XII#942
274,causative,1041,1052,XIV,https://en.wikisource.org/wiki/Sanskrit_Grammar_(Whitney)/Chapter_XIV#1041
274,desiderative,1026,1040,XIV,https://en.wikisource.org/wiki/Sanskrit_Grammar_(Whitney)/Chapter_XIV#1026
274,intensive,1000,1025,XIV,https://en.wikisource.org/wiki/Sanskrit_Grammar_(Whitney)/Chapter_XIV#1000
274,ppp,952,958,XIII,https://en.wikisource.org/wiki/Sanskrit_Grammar_(Whitney)/Chapter_XIII#952
274,gerund,989,994,XIII,https://en.wikisource.org/wiki/Sanskrit_Grammar_(Whitney)/Chapter_XIII#989
277,present_a,733,750,IX,https://en.wikisource.org/wiki/Sanskrit_Grammar_(Whitney)/Chapter_IX#733
278,present_a,733,750,IX,https://en.wikisource.org/wiki/Sanskrit_Grammar_(Whitney)/Chapter_IX#733
278,aor_class,824,827,XI,https://en.wikisource.org/wiki/Sanskrit_Grammar_(Whitney)/Chapter_XI#824
278,aor_root,828,846,XI,https://en.wikisource.org/wiki/Sanskrit_Grammar_(Whitney)/Chapter_XI#828
278,causative,1041,1052,XIV,https://en.wikisource.org/wiki/Sanskrit_Grammar_(Whitney)/Chapter_XIV#1041
278,ppp,952,958,XIII,https://en.wikisource.org/wiki/Sanskrit_Grammar_(Whitney)/Chapter_XIII#952
279,present_a,733,750,IX,https://en.wikisource.org/wiki/Sanskrit_Grammar_(Whitney)/Chapter_IX#733
280,present_a,733,750,IX,https://en.wikisource.org/wiki/Sanskrit_Grammar_(Whitney)/Chapter_IX#733
283,present_a,733,750,IX,https://en.wikisource.org/wiki/Sanskrit_Grammar_(Whitney)/Chapter_IX#733
283,causative,1041,1052,XIV,https://en.wikisource.org/wiki/Sanskrit_Grammar_(Whitney)/Chapter_XIV#1041
284,present_a,733,750,IX,https://en.wikisource.org/wiki/Sanskrit_Grammar_(Whitney)/Chapter_IX#733
284,present_ya,759,767,IX,https://en.wikisource.org/wiki/Sanskrit_Grammar_(Whitney)/Chapter_IX#759
284,passive_present,768,774,IX,https://en.wikisource.org/wiki/Sanskrit_Grammar_(Whitney)/Chapter_IX#768
284,perfect,781,823,X,https://en.wikisource.org/wiki/Sanskrit_Grammar_(Whitney)/Chapter_X#781
284,aor_class,824,827,XI,https://en.wikisource.org/wiki/Sanskrit_Grammar_(Whitney)/Chapter_XI#824
284,aor_redup,856,873,XI,https://en.wikisource.org/wiki/Sanskrit_Grammar_(Whitney)/Chapter_XI#856
284,aor_is,898,911,XI,https://en.wikisource.org/wiki/Sanskrit_Grammar_(Whitney)/Chapter_XI#898
284,s_future,931,940,XII,https://en.wikisource.org/wiki/Sanskrit_Grammar_(Whitney)/Chapter_XII#931
284,periphrastic_future,942,949,XII,https://en.wikisource.org/wiki/Sanskrit_Grammar_(Whitney)/Chapter_XII#942
284,causative,1041,1052,XIV,https://en.wikisource.org/wiki/Sanskrit_Grammar_(Whitney)/Chapter_XIV#1041
284,desiderative,1026,1040,XIV,https://en.wikisource.org/wiki/Sanskrit_Grammar_(Whitney)/Chapter_XIV#1026
284,intensive,1000,1025,XIV,https://en.wikisource.org/wiki/Sanskrit_Grammar_(Whitney)/Chapter_XIV#1000
284,ppp,952,958,XIII,https://en.wikisource.org/wiki/Sanskrit_Grammar_(Whitney)/Chapter_XIII#952
284,gerund,989,994,XIII,https://en.wikisource.org/wiki/Sanskrit_Grammar_(Whitney)/Chapter_XIII#989
285,causative,1041,1052,XIV,https://en.wikisource.org/wiki/Sanskrit_Grammar_(Whitney)/Chapter_XIV#1041
286,present_a,733,750,IX,https://en.wikisource.org/wiki/Sanskrit_Grammar_(Whitney)/Chapter_IX#733
286,perfect,781,823,X,https://en.wikisource.org/wiki/Sanskrit_Grammar_(Whitney)/Chapter_X#781
286,aor_class,824,827,XI,https://en.wikisource.org/wiki/Sanskrit_Grammar_(Whitney)/Chapter_XI#824
286,aor_redup,856,873,XI,https://en.wikisource.org/wiki/Sanskrit_Grammar_(Whitney)/Chapter_XI#856
286,aor_is,898,911,XI,https://en.wikisource.org/wiki/Sanskrit_Grammar_(Whitney)/Chapter_XI#898
286,s_future,931,940,XII,https://en.wikisource.org/wiki/Sanskrit_Grammar_(Whitney)/Chapter_XII#931
286,periphrastic_future,942,949,XII,https://en.wikisource.org/wiki/Sanskrit_Grammar_(Whitney)/Chapter_XII#942
286,causative,1041,1052,XIV,https://en.wikisource.org/wiki/Sanskrit_Grammar_(Whitney)/Chapter_XIV#1041
286,desiderative,1026,1040,XIV,https://en.wikisource.org/wiki/Sanskrit_Grammar_(Whitney)/Chapter_XIV#1026
286,intensive,1000,1025,XIV,https://en.wikisource.org/wiki/Sanskrit_Grammar_(Whitney)/Chapter_XIV#1000
286,ppp,952,958,XIII,https://en.wikisource.org/wiki/Sanskrit_Grammar_(Whitney)/Chapter_XIII#952
287,present_a,733,750,IX,https://en.wikisource.org/wiki/Sanskrit_Grammar_(Whitney)/Chapter_IX#733
287,perfect,781,823,X,https://en.wikisource.org/wiki/Sanskrit_Grammar_(Whitney)/Chapter_X#781
287,aor_class,824,827,XI,https://en.wikisource.org/wiki/Sanskrit_Grammar_(Whitney)/Chapter_XI#824
287,aor_a,847,855,XI,https://en.wikisource.org/wiki/Sanskrit_Grammar_(Whitney)/Chapter_XI#847
287,aor_redup,856,873,XI,https://en.wikisource.org/wiki/Sanskrit_Grammar_(Whitney)/Chapter_XI#856
287,causative,1041,1052,XIV,https://en.wikisource.org/wiki/Sanskrit_Grammar_(Whitney)/Chapter_XIV#1041
287,intensive,1000,1025,XIV,https://en.wikisource.org/wiki/Sanskrit_Grammar_(Whitney)/Chapter_XIV#1000
288,present_a,733,750,IX,https://en.wikisource.org/wiki/Sanskrit_Grammar_(Whitney)/Chapter_IX#733
288,present_root,611,641,IX,https://en.wikisource.org/wiki/Sanskrit_Grammar_(Whitney)/Chapter_IX#611
288,perfect,781,823,X,https://en.wikisource.org/wiki/Sanskrit_Grammar_(Whitney)/Chapter_X#781
288,aor_class,824,827,XI,https://en.wikisource.org/wiki/Sanskrit_Grammar_(Whitney)/Chapter_XI#824
288,aor_is,898,911,XI,https://en.wikisource.org/wiki/Sanskrit_Grammar_(Whitney)/Chapter_XI#898
288,s_future,931,940,XII,https://en.wikisource.org/wiki/Sanskrit_Grammar_(Whitney)/Chapter_XII#931
288,periphrastic_future,942,949,XII,https://en.wikisource.org/wiki/Sanskrit_Grammar_(Whitney)/Chapter_XII#942
288,ppp,952,958,XIII,https://en.wikisource.org/wiki/Sanskrit_Grammar_(Whitney)/Chapter_XIII#952
289,present_a,733,750,IX,https://en.wikisource.org/wiki/Sanskrit_Grammar_(Whitney)/Chapter_IX#733
289,present_root,611,641,IX,https://en.wikisource.org/wiki/Sanskrit_Grammar_(Whitney)/Chapter_IX#611
289,present_nu_u,697,716,IX,https://en.wikisource.org/wiki/Sanskrit_Grammar_(Whitney)/Chapter_IX#697
289,passive_present,768,774,IX,https://en.wikisource.org/wiki/Sanskrit_Grammar_(Whitney)/Chapter_IX#768
289,perfect,781,823,X,https://en.wikisource.org/wiki/Sanskrit_Grammar_(Whitney)/Chapter_X#781
289,aor_class,824,827,XI,https://en.wikisource.org/wiki/Sanskrit_Grammar_(Whitney)/Chapter_XI#824
289,aor_redup,856,873,XI,https://en.wikisource.org/wiki/Sanskrit_Grammar_(Whitney)/Chapter_XI#856
289,aor_is,898,911,XI,https://en.wikisource.org/wiki/Sanskrit_Grammar_(Whitney)/Chapter_XI#898
289,s_future,931,940,XII,https://en.wikisource.org/wiki/Sanskrit_Grammar_(Whitney)/Chapter_XII#931
289,periphrastic_future,942,949,XII,https://en.wikisource.org/wiki/Sanskrit_Grammar_(Whitney)/Chapter_XII#942
289,causative,1041,1052,XIV,https://en.wikisource.org/wiki/Sanskrit_Grammar_(Whitney)/Chapter_XIV#1041
289,desiderative,1026,1040,XIV,https://en.wikisource.org/wiki/Sanskrit_Grammar_(Whitney)/Chapter_XIV#1026
289,intensive,1000,1025,XIV,https://en.wikisource.org/wiki/Sanskrit_Grammar_(Whitney)/Chapter_XIV#1000
289,ppp,952,958,XIII,https://en.wikisource.org/wiki/Sanskrit_Grammar_(Whitney)/Chapter_XIII#952
289,gerund,989,994,XIII,https://en.wikisource.org/wiki/Sanskrit_Grammar_(Whitney)/Chapter_XIII#989
290,present_nasal,683,696,IX,https://en.wikisource.org/wiki/Sanskrit_Grammar_(Whitney)/Chapter_IX#683
290,perfect,781,823,X,https://en.wikisource.org/wiki/Sanskrit_Grammar_(Whitney)/Chapter_X#781
290,aor_class,824,827,XI,https://en.wikisource.org/wiki/Sanskrit_Grammar_(Whitney)/Chapter_XI#824
290,aor_is,898,911,XI,https://en.wikisource.org/wiki/Sanskrit_Grammar_(Whitney)/Chapter_XI#898
290,s_future,931,940,XII,https://en.wikisource.org/wiki/Sanskrit_Grammar_(Whitney)/Chapter_XII#931
290,periphrastic_future,942,949,XII,https://en.wikisource.org/wiki/Sanskrit_Grammar_(Whitney)/Chapter_XII#942
290,causative,1041,1052,XIV,https://en.wikisource.org/wiki/Sanskrit_Grammar_(Whitney)/Chapter_XIV#1041
290,desiderative,1026,1040,XIV,https://en.wikisource.org/wiki/Sanskrit_Grammar_(Whitney)/Chapter_XIV#1026
290,intensive,1000,1025,XIV,https://en.wikisource.org/wiki/Sanskrit_Grammar_(Whitney)/Chapter_XIV#1000
290,ppp,952,958,XIII,https://en.wikisource.org/wiki/Sanskrit_Grammar_(Whitney)/Chapter_XIII#952
290,gerund,989,994,XIII,https://en.wikisource.org/wiki/Sanskrit_Grammar_(Whitney)/Chapter_XIII#989
292,present_root,611,641,IX,https://en.wikisource.org/wiki/Sanskrit_Grammar_(Whitney)/Chapter_IX#611
292,perfect,781,823,X,https://en.wikisource.org/wiki/Sanskrit_Grammar_(Whitney)/Chapter_X#781
292,aor_class,824,827,XI,https://en.wikisource.org/wiki/Sanskrit_Grammar_(Whitney)/Chapter_XI#824
292,aor_redup,856,873,XI,https://en.wikisource.org/wiki/Sanskrit_Grammar_(Whitney)/Chapter_XI#856
292,causative,1041,1052,XIV,https://en.wikisource.org/wiki/Sanskrit_Grammar_(Whitney)/Chapter_XIV#1041
293,present_nu_u,697,716,IX,https://en.wikisource.org/wiki/Sanskrit_Grammar_(Whitney)/Chapter_IX#697
293,passive_present,768,774,IX,https://en.wikisource.org/wiki/Sanskrit_Grammar_(Whitney)/Chapter_IX#768
293,perfect,781,823,X,https://en.wikisource.org/wiki/Sanskrit_Grammar_(Whitney)/Chapter_X#781
293,aor_class,824,827,XI,https://en.wikisource.org/wiki/Sanskrit_Grammar_(Whitney)/Chapter_XI#824
293,aor_root,828,846,XI,https://en.wikisource.org/wiki/Sanskrit_Grammar_(Whitney)/Chapter_XI#828
293,aor_a,847,855,XI,https://en.wikisource.org/wiki/Sanskrit_Grammar_(Whitney)/Chapter_XI#847
293,aor_redup,856,873,XI,https://en.wikisource.org/wiki/Sanskrit_Grammar_(Whitney)/Chapter_XI#856
293,aor_s,878,897,XI,https://en.wikisource.org/wiki/Sanskrit_Grammar_(Whitney)/Chapter_XI#878
293,aor_is,898,911,XI,https://en.wikisource.org/wiki/Sanskrit_Grammar_(Whitney)/Chapter_XI#898
293,s_future,931,940,XII,https://en.wikisource.org/wiki/Sanskrit_Grammar_(Whitney)/Chapter_XII#931
293,periphrastic_future,942,949,XII,https://en.wikisource.org/wiki/Sanskrit_Grammar_(Whitney)/Chapter_XII#942
293,causative,1041,1052,XIV,https://en.wikisource.org/wiki/Sanskrit_Grammar_(Whitney)/Chapter_XIV#1041
293,desiderative,1026,1040,XIV,https://en.wikisource.org/wiki/Sanskrit_Grammar_(Whitney)/Chapter_XIV#1026
293,intensive,1000,1025,XIV,https://en.wikisource.org/wiki/Sanskrit_Grammar_(Whitney)/Chapter_XIV#1000
293,ppp,952,958,XIII,https://en.wikisource.org/wiki/Sanskrit_Grammar_(Whitney)/Chapter_XIII#952
293,infinitive,968,979,XIII,https://en.wikisource.org/wiki/Sanskrit_Grammar_(Whitney)/Chapter_XIII#968
293,gerund,989,994,XIII,https://en.wikisource.org/wiki/Sanskrit_Grammar_(Whitney)/Chapter_XIII#989
294,present_ya,759,767,IX,https://en.wikisource.org/wiki/Sanskrit_Grammar_(Whitney)/Chapter_IX#759
295,present_a,733,750,IX,https://en.wikisource.org/wiki/Sanskrit_Grammar_(Whitney)/Chapter_IX#733
296,present_a,733,750,IX,https://en.wikisource.org/wiki/Sanskrit_Grammar_(Whitney)/Chapter_IX#733
296,present_ya,759,767,IX,https://en.wikisource.org/wiki/Sanskrit_Grammar_(Whitney)/Chapter_IX#759
296,passive_present,768,774,IX,https://en.wikisource.org/wiki/Sanskrit_Grammar_(Whitney)/Chapter_IX#768
296,perfect,781,823,X,https://en.wikisource.org/wiki/Sanskrit_Grammar_(Whitney)/Chapter_X#781
296,aor_class,824,827,XI,https://en.wikisource.org/wiki/Sanskrit_Grammar_(Whitney)/Chapter_XI#824
296,aor_root,828,846,XI,https://en.wikisource.org/wiki/Sanskrit_Grammar_(Whitney)/Chapter_XI#828
296,aor_redup,856,873,XI,https://en.wikisource.org/wiki/Sanskrit_Grammar_(Whitney)/Chapter_XI#856
296,aor_s,878,897,XI,https://en.wikisource.org/wiki/Sanskrit_Grammar_(Whitney)/Chapter_XI#878
296,s_future,931,940,XII,https://en.wikisource.org/wiki/Sanskrit_Grammar_(Whitney)/Chapter_XII#931
296,periphrastic_future,942,949,XII,https://en.wikisource.org/wiki/Sanskrit_Grammar_(Whitney)/Chapter_XII#942
296,causative,1041,1052,XIV,https://en.wikisource.org/wiki/Sanskrit_Grammar_(Whitney)/Chapter_XIV#1041
296,desiderative,1026,1040,XIV,https://en.wikisource.org/wiki/Sanskrit_Grammar_(Whitney)/Chapter_XIV#1026
296,intensive,1000,1025,XIV,https://en.wikisource.org/wiki/Sanskrit_Grammar_(Whitney)/Chapter_XIV#1000
296,ppp,952,958,XIII,https://en.wikisource.org/wiki/Sanskrit_Grammar_(Whitney)/Chapter_XIII#952
296,infinitive,968,979,XIII,https://en.wikisource.org/wiki/Sanskrit_Grammar_(Whitney)/Chapter_XIII#968
296,gerund,989,994,XIII,https://en.wikisource.org/wiki/Sanskrit_Grammar_(Whitney)/Chapter_XIII#989
297,present_ya,759,767,IX,https://en.wikisource.org/wiki/Sanskrit_Grammar_(Whitney)/Chapter_IX#759
297,perfect,781,823,X,https://en.wikisource.org/wiki/Sanskrit_Grammar_(Whitney)/Chapter_X#781
297,aor_class,824,827,XI,https://en.wikisource.org/wiki/Sanskrit_Grammar_(Whitney)/Chapter_XI#824
297,aor_root,828,846,XI,https://en.wikisource.org/wiki/Sanskrit_Grammar_(Whitney)/Chapter_XI#828
297,aor_a,847,855,XI,https://en.wikisource.org/wiki/Sanskrit_Grammar_(Whitney)/Chapter_XI#847
297,s_future,931,940,XII,https://en.wikisource.org/wiki/Sanskrit_Grammar_(Whitney)/Chapter_XII#931
297,periphrastic_future,942,949,XII,https://en.wikisource.org/wiki/Sanskrit_Grammar_(Whitney)/Chapter_XII#942
297,causative,1041,1052,XIV,https://en.wikisource.org/wiki/Sanskrit_Grammar_(Whitney)/Chapter_XIV#1041
297,ppp,952,958,XIII,https://en.wikisource.org/wiki/Sanskrit_Grammar_(Whitney)/Chapter_XIII#952
298,causative,1041,1052,XIV,https://en.wikisource.org/wiki/Sanskrit_Grammar_(Whitney)/Chapter_XIV#1041
299,present_a,733,750,IX,https://en.wikisource.org/wiki/Sanskrit_Grammar_(Whitney)/Chapter_IX#733
299,perfect,781,823,X,https://en.wikisource.org/wiki/Sanskrit_Grammar_(Whitney)/Chapter_X#781
299,aor_class,824,827,XI,https://en.wikisource.org/wiki/Sanskrit_Grammar_(Whitney)/Chapter_XI#824
299,aor_is,898,911,XI,https://en.wikisource.org/wiki/Sanskrit_Grammar_(Whitney)/Chapter_XI#898
299,s_future,931,940,XII,https://en.wikisource.org/wiki/Sanskrit_Grammar_(Whitney)/Chapter_XII#931
299,periphrastic_future,942,949,XII,https://en.wikisource.org/wiki/Sanskrit_Grammar_(Whitney)/Chapter_XII#942
299,causative,1041,1052,XIV,https://en.wikisource.org/wiki/Sanskrit_Grammar_(Whitney)/Chapter_XIV#1041
299,ppp,952,958,XIII,https://en.wikisource.org/wiki/Sanskrit_Grammar_(Whitney)/Chapter_XIII#952
299,gerund,989,994,XIII,https://en.wikisource.org/wiki/Sanskrit_Grammar_(Whitney)/Chapter_XIII#989
302,present_a,733,750,IX,https://en.wikisource.org/wiki/Sanskrit_Grammar_(Whitney)/Chapter_IX#733
302,passive_present,768,774,IX,https://en.wikisource.org/wiki/Sanskrit_Grammar_(Whitney)/Chapter_IX#768
302,perfect,781,823,X,https://en.wikisource.org/wiki/Sanskrit_Grammar_(Whitney)/Chapter_X#781
302,aor_class,824,827,XI,https://en.wikisource.org/wiki/Sanskrit_Grammar_(Whitney)/Chapter_XI#824
302,aor_is,898,911,XI,https://en.wikisource.org/wiki/Sanskrit_Grammar_(Whitney)/Chapter_XI#898
302,s_future,931,940,XII,https://en.wikisource.org/wiki/Sanskrit_Grammar_(Whitney)/Chapter_XII#931
302,periphrastic_future,942,949,XII,https://en.wikisource.org/wiki/Sanskrit_Grammar_(Whitney)/Chapter_XII#942
303,present_a,733,750,IX,https://en.wikisource.org/wiki/Sanskrit_Grammar_(Whitney)/Chapter_IX#733
304,present_nu_u,697,716,IX,https://en.wikisource.org/wiki/Sanskrit_Grammar_(Whitney)/Chapter_IX#697
305,present_a,733,750,IX,https://en.wikisource.org/wiki/Sanskrit_Grammar_(Whitney)/Chapter_IX#733
305,perfect,781,823,X,https://en.wikisource.org/wiki/Sanskrit_Grammar_(Whitney)/Chapter_X#781
305,causative,1041,1052,XIV,https://en.wikisource.org/wiki/Sanskrit_Grammar_(Whitney)/Chapter_XIV#1041
305,desiderative,1026,1040,XIV,https://en.wikisource.org/wiki/Sanskrit_Grammar_(Whitney)/Chapter_XIV#1026
305,intensive,1000,1025,XIV,https://en.wikisource.org/wiki/Sanskrit_Grammar_(Whitney)/Chapter_XIV#1000
305,ppp,952,958,XIII,https://en.wikisource.org/wiki/Sanskrit_Grammar_(Whitney)/Chapter_XIII#952
306,present_ya,759,767,IX,https://en.wikisource.org/wiki/Sanskrit_Grammar_(Whitney)/Chapter_IX#759
306,perfect,781,823,X,https://en.wikisource.org/wiki/Sanskrit_Grammar_(Whitney)/Chapter_X#781
306,intensive,1000,1025,XIV,https://en.wikisource.org/wiki/Sanskrit_Grammar_(Whitney)/Chapter_XIV#1000
306,ppp,952,958,XIII,https://en.wikisource.org/wiki/Sanskrit_Grammar_(Whitney)/Chapter_XIII#952
309,present_root,611,641,IX,https://en.wikisource.org/wiki/Sanskrit_Grammar_(Whitney)/Chapter_IX#611
309,perfect,781,823,X,https://en.wikisource.org/wiki/Sanskrit_Grammar_(Whitney)/Chapter_X#781
309,intensive,1000,1025,XIV,https://en.wikisource.org/wiki/Sanskrit_Grammar_(Whitney)/Chapter_XIV#1000
311,present_a,733,750,IX,https://en.wikisource.org/wiki/Sanskrit_Grammar_(Whitney)/Chapter_IX#733
311,present_acc_a,751,758,IX,https://en.wikisource.org/wiki/Sanskrit_Grammar_(Whitney)/Chapter_IX#751
311,present_nasal,683,696,IX,https://en.wikisource.org/wiki/Sanskrit_Grammar_(Whitney)/Chapter_IX#683
311,passive_present,768,774,IX,https://en.wikisource.org/wiki/Sanskrit_Grammar_(Whitney)/Chapter_IX#768
311,perfect,781,823,X,https://en.wikisource.org/wiki/Sanskrit_Grammar_(Whitney)/Chapter_X#781
311,aor_class,824,827,XI,https://en.wikisource.org/wiki/Sanskrit_Grammar_(Whitney)/Chapter_XI#824
311,aor_is,898,911,XI,https://en.wikisource.org/wiki/Sanskrit_Grammar_(Whitney)/Chapter_XI#898
311,s_future,931,940,XII,https://en.wikisource.org/wiki/Sanskrit_Grammar_(Whitney)/Chapter_XII#931
311,periphrastic_future,942,949,XII,https://en.wikisource.org/wiki/Sanskrit_Grammar_(Whitney)/Chapter_XII#942
311,causative,1041,1052,XIV,https://en.wikisource.org/wiki/Sanskrit_Grammar_(Whitney)/Chapter_XIV#1041
312,present_acc_a,751,758,IX,https://en.wikisource.org/wiki/Sanskrit_Grammar_(Whitney)/Chapter_IX#751
312,present_nasal,683,696,IX,https://en.wikisource.org/wiki/Sanskrit_Grammar_(Whitney)/Chapter_IX#683
312,passive_present,768,774,IX,https://en.wikisource.org/wiki/Sanskrit_Grammar_(Whitney)/Chapter_IX#768
312,perfect,781,823,X,https://en.wikisource.org/wiki/Sanskrit_Grammar_(Whitney)/Chapter_X#781
312,aor_class,824,827,XI,https://en.wikisource.org/wiki/Sanskrit_Grammar_(Whitney)/Chapter_XI#824
312,aor_redup,856,873,XI,https://en.wikisource.org/wiki/Sanskrit_Grammar_(Whitney)/Chapter_XI#856
312,aor_is,898,911,XI,https://en.wikisource.org/wiki/Sanskrit_Grammar_(Whitney)/Chapter_XI#898
312,s_future,931,940,XII,https://en.wikisource.org/wiki/Sanskrit_Grammar_(Whitney)/Chapter_XII#931
312,periphrastic_future,942,949,XII,https://en.wikisource.org/wiki/Sanskrit_Grammar_(Whitney)/Chapter_XII#942
312,causative,1041,1052,XIV,https://en.wikisource.org/wiki/Sanskrit_Grammar_(Whitney)/Chapter_XIV#1041
312,desiderative,1026,1040,XIV,https://en.wikisource.org/wiki/Sanskrit_Grammar_(Whitney)/Chapter_XIV#1026
312,intensive,1000,1025,XIV,https://en.wikisource.org/wiki/Sanskrit_Grammar_(Whitney)/Chapter_XIV#1000
312,ppp,952,958,XIII,https://en.wikisource.org/wiki/Sanskrit_Grammar_(Whitney)/Chapter_XIII#952
312,gerund,989,994,XIII,https://en.wikisource.org/wiki/Sanskrit_Grammar_(Whitney)/Chapter_XIII#989
314,present_a,733,750,IX,https://en.wikisource.org/wiki/Sanskrit_Grammar_(Whitney)/Chapter_IX#733
315,present_a,733,750,IX,https://en.wikisource.org/wiki/Sanskrit_Grammar_(Whitney)/Chapter_IX#733
315,causative,1041,1052,XIV,https://en.wikisource.org/wiki/Sanskrit_Grammar_(Whitney)/Chapter_XIV#1041
316,present_a,733,750,IX,https://en.wikisource.org/wiki/Sanskrit_Grammar_(Whitney)/Chapter_IX#733
316,causative,1041,1052,XIV,https://en.wikisource.org/wiki/Sanskrit_Grammar_(Whitney)/Chapter_XIV#1041
317,present_ya,759,767,IX,https://en.wikisource.org/wiki/Sanskrit_Grammar_(Whitney)/Chapter_IX#759
317,perfect,781,823,X,https://en.wikisource.org/wiki/Sanskrit_Grammar_(Whitney)/Chapter_X#781
317,aor_class,824,827,XI,https://en.wikisource.org/wiki/Sanskrit_Grammar_(Whitney)/Chapter_XI#824
317,aor_a,847,855,XI,https://en.wikisource.org/wiki/Sanskrit_Grammar_(Whitney)/Chapter_XI#847
317,aor_redup,856,873,XI,https://en.wikisource.org/wiki/Sanskrit_Grammar_(Whitney)/Chapter_XI#856
317,s_future,931,940,XII,https://en.wikisource.org/wiki/Sanskrit_Grammar_(Whitney)/Chapter_XII#931
317,periphrastic_future,942,949,XII,https://en.wikisource.org/wiki/Sanskrit_Grammar_(Whitney)/Chapter_XII#942
317,causative,1041,1052,XIV,https://en.wikisource.org/wiki/Sanskrit_Grammar_(Whitney)/Chapter_XIV#1041
317,desiderative,1026,1040,XIV,https://en.wikisource.org/wiki/Sanskrit_Grammar_(Whitney)/Chapter_XIV#1026
317,intensive,1000,1025,XIV,https://en.wikisource.org/wiki/Sanskrit_Grammar_(Whitney)/Chapter_XIV#1000
317,ppp,952,958,XIII,https://en.wikisource.org/wiki/Sanskrit_Grammar_(Whitney)/Chapter_XIII#952
317,infinitive,968,979,XIII,https://en.wikisource.org/wiki/Sanskrit_Grammar_(Whitney)/Chapter_XIII#968
317,gerund,989,994,XIII,https://en.wikisource.org/wiki/Sanskrit_Grammar_(Whitney)/Chapter_XIII#989
319,present_a,733,750,IX,https://en.wikisource.org/wiki/Sanskrit_Grammar_(Whitney)/Chapter_IX#733
319,present_redup,642,682,IX,https://en.wikisource.org/wiki/Sanskrit_Grammar_(Whitney)/Chapter_IX#642
319,present_ya,759,767,IX,https://en.wikisource.org/wiki/Sanskrit_Grammar_(Whitney)/Chapter_IX#759
319,present_acc_a,751,758,IX,https://en.wikisource.org/wiki/Sanskrit_Grammar_(Whitney)/Chapter_IX#751
319,present_nu_u,697,716,IX,https://en.wikisource.org/wiki/Sanskrit_Grammar_(Whitney)/Chapter_IX#697
319,passive_present,768,774,IX,https://en.wikisource.org/wiki/Sanskrit_Grammar_(Whitney)/Chapter_IX#768
319,perfect,781,823,X,https://en.wikisource.org/wiki/Sanskrit_Grammar_(Whitney)/Chapter_X#781
319,aor_class,824,827,XI,https://en.wikisource.org/wiki/Sanskrit_Grammar_(Whitney)/Chapter_XI#824
319,aor_root,828,846,XI,https://en.wikisource.org/wiki/Sanskrit_Grammar_(Whitney)/Chapter_XI#828
319,aor_redup,856,873,XI,https://en.wikisource.org/wiki/Sanskrit_Grammar_(Whitney)/Chapter_XI#856
319,aor_s,878,897,XI,https://en.wikisource.org/wiki/Sanskrit_Grammar_(Whitney)/Chapter_XI#878
319,aor_is,898,911,XI,https://en.wikisource.org/wiki/Sanskrit_Grammar_(Whitney)/Chapter_XI#898
319,s_future,931,940,XII,https://en.wikisource.org/wiki/Sanskrit_Grammar_(Whitney)/Chapter_XII#931
319,periphrastic_future,942,949,XII,https://en.wikisource.org/wiki/Sanskrit_Grammar_(Whitney)/Chapter_XII#942
319,causative,1041,1052,XIV,https://en.wikisource.org/wiki/Sanskrit_Grammar_(Whitney)/Chapter_XIV#1041
319,desiderative,1026,1040,XIV,https://en.wikisource.org/wiki/Sanskrit_Grammar_(Whitney)/Chapter_XIV#1026
319,intensive,1000,1025,XIV,https://en.wikisource.org/wiki/Sanskrit_Grammar_(Whitney)/Chapter_XIV#1000
319,ppp,952,958,XIII,https://en.wikisource.org/wiki/Sanskrit_Grammar_(Whitney)/Chapter_XIII#952
319,infinitive,968,979,XIII,https://en.wikisource.org/wiki/Sanskrit_Grammar_(Whitney)/Chapter_XIII#968
319,gerund,989,994,XIII,https://en.wikisource.org/wiki/Sanskrit_Grammar_(Whitney)/Chapter_XIII#989
320,present_a,733,750,IX,https://en.wikisource.org/wiki/Sanskrit_Grammar_(Whitney)/Chapter_IX#733
320,present_nasal,683,696,IX,https://en.wikisource.org/wiki/Sanskrit_Grammar_(Whitney)/Chapter_IX#683
320,perfect,781,823,X,https://en.wikisource.org/wiki/Sanskrit_Grammar_(Whitney)/Chapter_X#781
320,aor_class,824,827,XI,https://en.wikisource.org/wiki/Sanskrit_Grammar_(Whitney)/Chapter_XI#824
320,aor_root,828,846,XI,https://en.wikisource.org/wiki/Sanskrit_Grammar_(Whitney)/Chapter_XI#828
320,aor_redup,856,873,XI,https://en.wikisource.org/wiki/Sanskrit_Grammar_(Whitney)/Chapter_XI#856
320,aor_is,898,911,XI,https://en.wikisource.org/wiki/Sanskrit_Grammar_(Whitney)/Chapter_XI#898
320,s_future,931,940,XII,https://en.wikisource.org/wiki/Sanskrit_Grammar_(Whitney)/Chapter_XII#931
320,periphrastic_future,942,949,XII,https://en.wikisource.org/wiki/Sanskrit_Grammar_(Whitney)/Chapter_XII#942
320,causative,1041,1052,XIV,https://en.wikisource.org/wiki/Sanskrit_Grammar_(Whitney)/Chapter_XIV#1041
320,desiderative,1026,1040,XIV,https://en.wikisource.org/wiki/Sanskrit_Grammar_(Whitney)/Chapter_XIV#1026
320,intensive,1000,1025,XIV,https://en.wikisource.org/wiki/Sanskrit_Grammar_(Whitney)/Chapter_XIV#1000
320,ppp,952,958,XIII,https://en.wikisource.org/wiki/Sanskrit_Grammar_(Whitney)/Chapter_XIII#952
320,gerund,989,994,XIII,https://en.wikisource.org/wiki/Sanskrit_Grammar_(Whitney)/Chapter_XIII#989
321,present_a,733,750,IX,https://en.wikisource.org/wiki/Sanskrit_Grammar_(Whitney)/Chapter_IX#733
321,present_ya,759,767,IX,https://en.wikisource.org/wiki/Sanskrit_Grammar_(Whitney)/Chapter_IX#759
321,present_nu_u,697,716,IX,https://en.wikisource.org/wiki/Sanskrit_Grammar_(Whitney)/Chapter_IX#697
321,present_acc_a,751,758,IX,https://en.wikisource.org/wiki/Sanskrit_Grammar_(Whitney)/Chapter_IX#751
321,perfect,781,823,X,https://en.wikisource.org/wiki/Sanskrit_Grammar_(Whitney)/Chapter_X#781
321,aor_class,824,827,XI,https://en.wikisource.org/wiki/Sanskrit_Grammar_(Whitney)/Chapter_XI#824
321,aor_root,828,846,XI,https://en.wikisource.org/wiki/Sanskrit_Grammar_(Whitney)/Chapter_XI#828
321,aor_a,847,855,XI,https://en.wikisource.org/wiki/Sanskrit_Grammar_(Whitney)/Chapter_XI#847
321,aor_redup,856,873,XI,https://en.wikisource.org/wiki/Sanskrit_Grammar_(Whitney)/Chapter_XI#856
321,aor_s,878,897,XI,https://en.wikisource.org/wiki/Sanskrit_Grammar_(Whitney)/Chapter_XI#878
321,aor_is,898,911,XI,https://en.wikisource.org/wiki/Sanskrit_Grammar_(Whitney)/Chapter_XI#898
321,s_future,931,940,XII,https://en.wikisource.org/wiki/Sanskrit_Grammar_(Whitney)/Chapter_XII#931
321,periphrastic_future,942,949,XII,https://en.wikisource.org/wiki/Sanskrit_Grammar_(Whitney)/Chapter_XII#942
321,causative,1041,1052,XIV,https://en.wikisource.org/wiki/Sanskrit_Grammar_(Whitney)/Chapter_XIV#1041
321,desiderative,1026,1040,XIV,https://en.wikisource.org/wiki/Sanskrit_Grammar_(Whitney)/Chapter_XIV#1026
321,intensive,1000,1025,XIV,https://en.wikisource.org/wiki/Sanskrit_Grammar_(Whitney)/Chapter_XIV#1000
321,ppp,952,958,XIII,https://en.wikisource.org/wiki/Sanskrit_Grammar_(Whitney)/Chapter_XIII#952
322,present_ya,759,767,IX,https://en.wikisource.org/wiki/Sanskrit_Grammar_(Whitney)/Chapter_IX#759
322,perfect,781,823,X,https://en.wikisource.org/wiki/Sanskrit_Grammar_(Whitney)/Chapter_X#781
322,aor_class,824,827,XI,https://en.wikisource.org/wiki/Sanskrit_Grammar_(Whitney)/Chapter_XI#824
322,aor_a,847,855,XI,https://en.wikisource.org/wiki/Sanskrit_Grammar_(Whitney)/Chapter_XI#847
322,aor_redup,856,873,XI,https://en.wikisource.org/wiki/Sanskrit_Grammar_(Whitney)/Chapter_XI#856
322,s_future,931,940,XII,https://en.wikisource.org/wiki/Sanskrit_Grammar_(Whitney)/Chapter_XII#931
322,periphrastic_future,942,949,XII,https://en.wikisource.org/wiki/Sanskrit_Grammar_(Whitney)/Chapter_XII#942
322,causative,1041,1052,XIV,https://en.wikisource.org/wiki/Sanskrit_Grammar_(Whitney)/Chapter_XIV#1041
322,ppp,952,958,XIII,https://en.wikisource.org/wiki/Sanskrit_Grammar_(Whitney)/Chapter_XIII#952
322,gerund,989,994,XIII,https://en.wikisource.org/wiki/Sanskrit_Grammar_(Whitney)/Chapter_XIII#989
323,present_acc_a,751,758,IX,https://en.wikisource.org/wiki/Sanskrit_Grammar_(Whitney)/Chapter_IX#751
323,present_nasal,683,696,IX,https://en.wikisource.org/wiki/Sanskrit_Grammar_(Whitney)/Chapter_IX#683
323,passive_present,768,774,IX,https://en.wikisource.org/wiki/Sanskrit_Grammar_(Whitney)/Chapter_IX#768
323,perfect,781,823,X,https://en.wikisource.org/wiki/Sanskrit_Grammar_(Whitney)/Chapter_X#781
323,aor_class,824,827,XI,https://en.wikisource.org/wiki/Sanskrit_Grammar_(Whitney)/Chapter_XI#824
323,aor_root,828,846,XI,https://en.wikisource.org/wiki/Sanskrit_Grammar_(Whitney)/Chapter_XI#828
323,aor_a,847,855,XI,https://en.wikisource.org/wiki/Sanskrit_Grammar_(Whitney)/Chapter_XI#847
323,aor_redup,856,873,XI,https://en.wikisource.org/wiki/Sanskrit_Grammar_(Whitney)/Chapter_XI#856
323,aor_is,898,911,XI,https://en.wikisource.org/wiki/Sanskrit_Grammar_(Whitney)/Chapter_XI#898
323,s_future,931,940,XII,https://en.wikisource.org/wiki/Sanskrit_Grammar_(Whitney)/Chapter_XII#931
323,periphrastic_future,942,949,XII,https://en.wikisource.org/wiki/Sanskrit_Grammar_(Whitney)/Chapter_XII#942
323,causative,1041,1052,XIV,https://en.wikisource.org/wiki/Sanskrit_Grammar_(Whitney)/Chapter_XIV#1041
323,desiderative,1026,1040,XIV,https://en.wikisource.org/wiki/Sanskrit_Grammar_(Whitney)/Chapter_XIV#1026
323,intensive,1000,1025,XIV,https://en.wikisource.org/wiki/Sanskrit_Grammar_(Whitney)/Chapter_XIV#1000
323,ppp,952,958,XIII,https://en.wikisource.org/wiki/Sanskrit_Grammar_(Whitney)/Chapter_XIII#952
323,gerund,989,994,XIII,https://en.wikisource.org/wiki/Sanskrit_Grammar_(Whitney)/Chapter_XIII#989
324,present_a,733,750,IX,https://en.wikisource.org/wiki/Sanskrit_Grammar_(Whitney)/Chapter_IX#733
324,passive_present,768,774,IX,https://en.wikisource.org/wiki/Sanskrit_Grammar_(Whitney)/Chapter_IX#768
324,perfect,781,823,X,https://en.wikisource.org/wiki/Sanskrit_Grammar_(Whitney)/Chapter_X#781
324,aor_class,824,827,XI,https://en.wikisource.org/wiki/Sanskrit_Grammar_(Whitney)/Chapter_XI#824
324,aor_root,828,846,XI,https://en.wikisource.org/wiki/Sanskrit_Grammar_(Whitney)/Chapter_XI#828
324,aor_redup,856,873,XI,https://en.wikisource.org/wiki/Sanskrit_Grammar_(Whitney)/Chapter_XI#856
324,aor_s,878,897,XI,https://en.wikisource.org/wiki/Sanskrit_Grammar_(Whitney)/Chapter_XI#878
324,s_future,931,940,XII,https://en.wikisource.org/wiki/Sanskrit_Grammar_(Whitney)/Chapter_XII#931
324,periphrastic_future,942,949,XII,https://en.wikisource.org/wiki/Sanskrit_Grammar_(Whitney)/Chapter_XII#942
324,causative,1041,1052,XIV,https://en.wikisource.org/wiki/Sanskrit_Grammar_(Whitney)/Chapter_XIV#1041
324,desiderative,1026,1040,XIV,https://en.wikisource.org/wiki/Sanskrit_Grammar_(Whitney)/Chapter_XIV#1026
324,intensive,1000,1025,XIV,https://en.wikisource.org/wiki/Sanskrit_Grammar_(Whitney)/Chapter_XIV#1000
324,ppp,952,958,XIII,https://en.wikisource.org/wiki/Sanskrit_Grammar_(Whitney)/Chapter_XIII#952
324,infinitive,968,979,XIII,https://en.wikisource.org/wiki/Sanskrit_Grammar_(Whitney)/Chapter_XIII#968
324,gerund,989,994,XIII,https://en.wikisource.org/wiki/Sanskrit_Grammar_(Whitney)/Chapter_XIII#989
325,present_a,733,750,IX,https://en.wikisource.org/wiki/Sanskrit_Grammar_(Whitney)/Chapter_IX#733
325,perfect,781,823,X,https://en.wikisource.org/wiki/Sanskrit_Grammar_(Whitney)/Chapter_X#781
325,aor_class,824,827,XI,https://en.wikisource.org/wiki/Sanskrit_Grammar_(Whitney)/Chapter_XI#824
325,aor_root,828,846,XI,https://en.wikisource.org/wiki/Sanskrit_Grammar_(Whitney)/Chapter_XI#828
325,aor_is,898,911,XI,https://en.wikisource.org/wiki/Sanskrit_Grammar_(Whitney)/Chapter_XI#898
325,s_future,931,940,XII,https://en.wikisource.org/wiki/Sanskrit_Grammar_(Whitney)/Chapter_XII#931
325,periphrastic_future,942,949,XII,https://en.wikisource.org/wiki/Sanskrit_Grammar_(Whitney)/Chapter_XII#942
325,causative,1041,1052,XIV,https://en.wikisource.org/wiki/Sanskrit_Grammar_(Whitney)/Chapter_XIV#1041
325,desiderative,1026,1040,XIV,https://en.wikisource.org/wiki/Sanskrit_Grammar_(Whitney)/Chapter_XIV#1026
325,intensive,1000,1025,XIV,https://en.wikisource.org/wiki/Sanskrit_Grammar_(Whitney)/Chapter_XIV#1000
326,present_a,733,750,IX,https://en.wikisource.org/wiki/Sanskrit_Grammar_(Whitney)/Chapter_IX#733
326,present_ya,759,767,IX,https://en.wikisource.org/wiki/Sanskrit_Grammar_(Whitney)/Chapter_IX#759
326,perfect,781,823,X,https://en.wikisource.org/wiki/Sanskrit_Grammar_(Whitney)/Chapter_X#781
326,aor_class,824,827,XI,https://en.wikisource.org/wiki/Sanskrit_Grammar_(Whitney)/Chapter_XI#824
326,aor_redup,856,873,XI,https://en.wikisource.org/wiki/Sanskrit_Grammar_(Whitney)/Chapter_XI#856
326,aor_is,898,911,XI,https://en.wikisource.org/wiki/Sanskrit_Grammar_(Whitney)/Chapter_XI#898
326,s_future,931,940,XII,https://en.wikisource.org/wiki/Sanskrit_Grammar_(Whitney)/Chapter_XII#931
326,periphrastic_future,942,949,XII,https://en.wikisource.org/wiki/Sanskrit_Grammar_(Whitney)/Chapter_XII#942
326,causative,1041,1052,XIV,https://en.wikisource.org/wiki/Sanskrit_Grammar_(Whitney)/Chapter_XIV#1041
326,desiderative,1026,1040,XIV,https://en.wikisource.org/wiki/Sanskrit_Grammar_(Whitney)/Chapter_XIV#1026
326,intensive,1000,1025,XIV,https://en.wikisource.org/wiki/Sanskrit_Grammar_(Whitney)/Chapter_XIV#1000
326,ppp,952,958,XIII,https://en.wikisource.org/wiki/Sanskrit_Grammar_(Whitney)/Chapter_XIII#952
327,present_root,611,641,IX,https://en.wikisource.org/wiki/Sanskrit_Grammar_(Whitney)/Chapter_IX#611
327,present_ya,759,767,IX,https://en.wikisource.org/wiki/Sanskrit_Grammar_(Whitney)/Chapter_IX#759
327,passive_present,768,774,IX,https://en.wikisource.org/wiki/Sanskrit_Grammar_(Whitney)/Chapter_IX#768
327,perfect,781,823,X,https://en.wikisource.org/wiki/Sanskrit_Grammar_(Whitney)/Chapter_X#781
327,aor_class,824,827,XI,https://en.wikisource.org/wiki/Sanskrit_Grammar_(Whitney)/Chapter_XI#824
327,aor_s,878,897,XI,https://en.wikisource.org/wiki/Sanskrit_Grammar_(Whitney)/Chapter_XI#878
327,s_future,931,940,XII,https://en.wikisource.org/wiki/Sanskrit_Grammar_(Whitney)/Chapter_XII#931
327,periphrastic_future,942,949,XII,https://en.wikisource.org/wiki/Sanskrit_Grammar_(Whitney)/Chapter_XII#942
327,ppp,952,958,XIII,https://en.wikisource.org/wiki/Sanskrit_Grammar_(Whitney)/Chapter_XIII#952
327,infinitive,968,979,XIII,https://en.wikisource.org/wiki/Sanskrit_Grammar_(Whitney)/Chapter_XIII#968
327,gerund,989,994,XIII,https://en.wikisource.org/wiki/Sanskrit_Grammar_(Whitney)/Chapter_XIII#989
328,present_ya,759,767,IX,https://en.wikisource.org/wiki/Sanskrit_Grammar_(Whitney)/Chapter_IX#759
328,present_acc_a,751,758,IX,https://en.wikisource.org/wiki/Sanskrit_Grammar_(Whitney)/Chapter_IX#751
328,perfect,781,823,X,https://en.wikisource.org/wiki/Sanskrit_Grammar_(Whitney)/Chapter_X#781
328,causative,1041,1052,XIV,https://en.wikisource.org/wiki/Sanskrit_Grammar_(Whitney)/Chapter_XIV#1041
329,present_a,733,750,IX,https://en.wikisource.org/wiki/Sanskrit_Grammar_(Whitney)/Chapter_IX#733
329,present_root,611,641,IX,https://en.wikisource.org/wiki/Sanskrit_Grammar_(Whitney)/Chapter_IX#611
329,perfect,781,823,X,https://en.wikisource.org/wiki/Sanskrit_Grammar_(Whitney)/Chapter_X#781
329,aor_class,824,827,XI,https://en.wikisource.org/wiki/Sanskrit_Grammar_(Whitney)/Chapter_XI#824
329,aor_s,878,897,XI,https://en.wikisource.org/wiki/Sanskrit_Grammar_(Whitney)/Chapter_XI#878
329,s_future,931,940,XII,https://en.wikisource.org/wiki/Sanskrit_Grammar_(Whitney)/Chapter_XII#931
329,periphrastic_future,942,949,XII,https://en.wikisource.org/wiki/Sanskrit_Grammar_(Whitney)/Chapter_XII#942
330,present_a,733,750,IX,https://en.wikisource.org/wiki/Sanskrit_Grammar_(Whitney)/Chapter_IX#733
332,present_a,733,750,IX,https://en.wikisource.org/wiki/Sanskrit_Grammar_(Whitney)/Chapter_IX#733
332,perfect,781,823,X,https://en.wikisource.org/wiki/Sanskrit_Grammar_(Whitney)/Chapter_X#781
332,aor_class,824,827,XI,https://en.wikisource.org/wiki/Sanskrit_Grammar_(Whitney)/Chapter_XI#824
332,aor_redup,856,873,XI,https://en.wikisource.org/wiki/Sanskrit_Grammar_(Whitney)/Chapter_XI#856
332,aor_is,898,911,XI,https://en.wikisource.org/wiki/Sanskrit_Grammar_(Whitney)/Chapter_XI#898
332,s_future,931,940,XII,https://en.wikisource.org/wiki/Sanskrit_Grammar_(Whitney)/Chapter_XII#931
332,periphrastic_future,942,949,XII,https://en.wikisource.org/wiki/Sanskrit_Grammar_(Whitney)/Chapter_XII#942
332,causative,1041,1052,XIV,https://en.wikisource.org/wiki/Sanskrit_Grammar_(Whitney)/Chapter_XIV#1041
332,desiderative,1026,1040,XIV,https://en.wikisource.org/wiki/Sanskrit_Grammar_(Whitney)/Chapter_XIV#1026
332,intensive,1000,1025,XIV,https://en.wikisource.org/wiki/Sanskrit_Grammar_(Whitney)/Chapter_XIV#1000
333,present_a,733,750,IX,https://en.wikisource.org/wiki/Sanskrit_Grammar_(Whitney)/Chapter_IX#733
333,present_root,611,641,IX,https://en.wikisource.org/wiki/Sanskrit_Grammar_(Whitney)/Chapter_IX#611
333,present_ya,759,767,IX,https://en.wikisource.org/wiki/Sanskrit_Grammar_(Whitney)/Chapter_IX#759
333,present_acc_a,751,758,IX,https://en.wikisource.org/wiki/Sanskrit_Grammar_(Whitney)/Chapter_IX#751
333,perfect,781,823,X,https://en.wikisource.org/wiki/Sanskrit_Grammar_(Whitney)/Chapter_X#781
333,aor_class,824,827,XI,https://en.wikisource.org/wiki/Sanskrit_Grammar_(Whitney)/Chapter_XI#824
333,aor_redup,856,873,XI,https://en.wikisource.org/wiki/Sanskrit_Grammar_(Whitney)/Chapter_XI#856
333,aor_s,878,897,XI,https://en.wikisource.org/wiki/Sanskrit_Grammar_(Whitney)/Chapter_XI#878
333,s_future,931,940,XII,https://en.wikisource.org/wiki/Sanskrit_Grammar_(Whitney)/Chapter_XII#931
333,periphrastic_future,942,949,XII,https://en.wikisource.org/wiki/Sanskrit_Grammar_(Whitney)/Chapter_XII#942
333,causative,1041,1052,XIV,https://en.wikisource.org/wiki/Sanskrit_Grammar_(Whitney)/Chapter_XIV#1041
333,desiderative,1026,1040,XIV,https://en.wikisource.org/wiki/Sanskrit_Grammar_(Whitney)/Chapter_XIV#1026
333,intensive,1000,1025,XIV,https://en.wikisource.org/wiki/Sanskrit_Grammar_(Whitney)/Chapter_XIV#1000
333,ppp,952,958,XIII,https://en.wikisource.org/wiki/Sanskrit_Grammar_(Whitney)/Chapter_XIII#952
334,present_a,733,750,IX,https://en.wikisource.org/wiki/Sanskrit_Grammar_(Whitney)/Chapter_IX#733
334,perfect,781,823,X,https://en.wikisource.org/wiki/Sanskrit_Grammar_(Whitney)/Chapter_X#781
334,aor_class,824,827,XI,https://en.wikisource.org/wiki/Sanskrit_Grammar_(Whitney)/Chapter_XI#824
334,aor_s,878,897,XI,https://en.wikisource.org/wiki/Sanskrit_Grammar_(Whitney)/Chapter_XI#878
334,aor_is,898,911,XI,https://en.wikisource.org/wiki/Sanskrit_Grammar_(Whitney)/Chapter_XI#898
334,s_future,931,940,XII,https://en.wikisource.org/wiki/Sanskrit_Grammar_(Whitney)/Chapter_XII#931
334,periphrastic_future,942,949,XII,https://en.wikisource.org/wiki/Sanskrit_Grammar_(Whitney)/Chapter_XII#942
335,present_a,733,750,IX,https://en.wikisource.org/wiki/Sanskrit_Grammar_(Whitney)/Chapter_IX#733
335,passive_present,768,774,IX,https://en.wikisource.org/wiki/Sanskrit_Grammar_(Whitney)/Chapter_IX#768
335,perfect,781,823,X,https://en.wikisource.org/wiki/Sanskrit_Grammar_(Whitney)/Chapter_X#781
335,aor_class,824,827,XI,https://en.wikisource.org/wiki/Sanskrit_Grammar_(Whitney)/Chapter_XI#824
335,aor_redup,856,873,XI,https://en.wikisource.org/wiki/Sanskrit_Grammar_(Whitney)/Chapter_XI#856
335,aor_s,878,897,XI,https://en.wikisource.org/wiki/Sanskrit_Grammar_(Whitney)/Chapter_XI#878
335,s_future,931,940,XII,https://en.wikisource.org/wiki/Sanskrit_Grammar_(Whitney)/Chapter_XII#931
335,periphrastic_future,942,949,XII,https://en.wikisource.org/wiki/Sanskrit_Grammar_(Whitney)/Chapter_XII#942
335,causative,1041,1052,XIV,https://en.wikisource.org/wiki/Sanskrit_Grammar_(Whitney)/Chapter_XIV#1041
335,desiderative,1026,1040,XIV,https://en.wikisource.org/wiki/Sanskrit_Grammar_(Whitney)/Chapter_XIV#1026
335,intensive,1000,1025,XIV,https://en.wikisource.org/wiki/Sanskrit_Grammar_(Whitney)/Chapter_XIV#1000
335,ppp,952,958,XIII,https://en.wikisource.org/wiki/Sanskrit_Grammar_(Whitney)/Chapter_XIII#952
335,gerund,989,994,XIII,https://en.wikisource.org/wiki/Sanskrit_Grammar_(Whitney)/Chapter_XIII#989
336,causative,1041,1052,XIV,https://en.wikisource.org/wiki/Sanskrit_Grammar_(Whitney)/Chapter_XIV#1041
337,present_a,733,750,IX,https://en.wikisource.org/wiki/Sanskrit_Grammar_(Whitney)/Chapter_IX#733
337,perfect,781,823,X,https://en.wikisource.org/wiki/Sanskrit_Grammar_(Whitney)/Chapter_X#781
337,aor_class,824,827,XI,https://en.wikisource.org/wiki/Sanskrit_Grammar_(Whitney)/Chapter_XI#824
337,aor_redup,856,873,XI,https://en.wikisource.org/wiki/Sanskrit_Grammar_(Whitney)/Chapter_XI#856
337,aor_is,898,911,XI,https://en.wikisource.org/wiki/Sanskrit_Grammar_(Whitney)/Chapter_XI#898
337,s_future,931,940,XII,https://en.wikisource.org/wiki/Sanskrit_Grammar_(Whitney)/Chapter_XII#931
337,periphrastic_future,942,949,XII,https://en.wikisource.org/wiki/Sanskrit_Grammar_(Whitney)/Chapter_XII#942
337,causative,1041,1052,XIV,https://en.wikisource.org/wiki/Sanskrit_Grammar_(Whitney)/Chapter_XIV#1041
338,present_nu_u,697,716,IX,https://en.wikisource.org/wiki/Sanskrit_Grammar_(Whitney)/Chapter_IX#697
338,aor_class,824,827,XI,https://en.wikisource.org/wiki/Sanskrit_Grammar_(Whitney)/Chapter_XI#824
338,aor_root,828,846,XI,https://en.wikisource.org/wiki/Sanskrit_Grammar_(Whitney)/Chapter_XI#828
338,aor_a,847,855,XI,https://en.wikisource.org/wiki/Sanskrit_Grammar_(Whitney)/Chapter_XI#847
338,s_future,931,940,XII,https://en.wikisource.org/wiki/Sanskrit_Grammar_(Whitney)/Chapter_XII#931
342,present_a,733,750,IX,https://en.wikisource.org/wiki/Sanskrit_Grammar_(Whitney)/Chapter_IX#733
342,present_nu_u,697,716,IX,https://en.wikisource.org/wiki/Sanskrit_Grammar_(Whitney)/Chapter_IX#697
342,passive_present,768,774,IX,https://en.wikisource.org/wiki/Sanskrit_Grammar_(Whitney)/Chapter_IX#768
342,perfect,781,823,X,https://en.wikisource.org/wiki/Sanskrit_Grammar_(Whitney)/Chapter_X#781
342,aor_class,824,827,XI,https://en.wikisource.org/wiki/Sanskrit_Grammar_(Whitney)/Chapter_XI#824
342,aor_root,828,846,XI,https://en.wikisource.org/wiki/Sanskrit_Grammar_(Whitney)/Chapter_XI#828
342,aor_redup,856,873,XI,https://en.wikisource.org/wiki/Sanskrit_Grammar_(Whitney)/Chapter_XI#856
342,aor_is,898,911,XI,https://en.wikisource.org/wiki/Sanskrit_Grammar_(Whitney)/Chapter_XI#898
342,s_future,931,940,XII,https://en.wikisource.org/wiki/Sanskrit_Grammar_(Whitney)/Chapter_XII#931
342,periphrastic_future,942,949,XII,https://en.wikisource.org/wiki/Sanskrit_Grammar_(Whitney)/Chapter_XII#942
342,causative,1041,1052,XIV,https://en.wikisource.org/wiki/Sanskrit_Grammar_(Whitney)/Chapter_XIV#1041
342,desiderative,1026,1040,XIV,https://en.wikisource.org/wiki/Sanskrit_Grammar_(Whitney)/Chapter_XIV#1026
342,intensive,1000,1025,XIV,https://en.wikisource.org/wiki/Sanskrit_Grammar_(Whitney)/Chapter_XIV#1000
343,present_ya,759,767,IX,https://en.wikisource.org/wiki/Sanskrit_Grammar_(Whitney)/Chapter_IX#759
343,aor_class,824,827,XI,https://en.wikisource.org/wiki/Sanskrit_Grammar_(Whitney)/Chapter_XI#824
343,aor_is,898,911,XI,https://en.wikisource.org/wiki/Sanskrit_Grammar_(Whitney)/Chapter_XI#898
343,causative,1041,1052,XIV,https://en.wikisource.org/wiki/Sanskrit_Grammar_(Whitney)/Chapter_XIV#1041
344,present_a,733,750,IX,https://en.wikisource.org/wiki/Sanskrit_Grammar_(Whitney)/Chapter_IX#733
344,perfect,781,823,X,https://en.wikisource.org/wiki/Sanskrit_Grammar_(Whitney)/Chapter_X#781
344,aor_class,824,827,XI,https://en.wikisource.org/wiki/Sanskrit_Grammar_(Whitney)/Chapter_XI#824
344,aor_is,898,911,XI,https://en.wikisource.org/wiki/Sanskrit_Grammar_(Whitney)/Chapter_XI#898
344,s_future,931,940,XII,https://en.wikisource.org/wiki/Sanskrit_Grammar_(Whitney)/Chapter_XII#931
344,periphrastic_future,942,949,XII,https://en.wikisource.org/wiki/Sanskrit_Grammar_(Whitney)/Chapter_XII#942
344,causative,1041,1052,XIV,https://en.wikisource.org/wiki/Sanskrit_Grammar_(Whitney)/Chapter_XIV#1041
344,intensive,1000,1025,XIV,https://en.wikisource.org/wiki/Sanskrit_Grammar_(Whitney)/Chapter_XIV#1000
346,present_a,733,750,IX,https://en.wikisource.org/wiki/Sanskrit_Grammar_(Whitney)/Chapter_IX#733
346,perfect,781,823,X,https://en.wikisource.org/wiki/Sanskrit_Grammar_(Whitney)/Chapter_X#781
346,aor_class,824,827,XI,https://en.wikisource.org/wiki/Sanskrit_Grammar_(Whitney)/Chapter_XI#824
346,aor_is,898,911,XI,https://en.wikisource.org/wiki/Sanskrit_Grammar_(Whitney)/Chapter_XI#898
346,s_future,931,940,XII,https://en.wikisource.org/wiki/Sanskrit_Grammar_(Whitney)/Chapter_XII#931
346,causative,1041,1052,XIV,https://en.wikisource.org/wiki/Sanskrit_Grammar_(Whitney)/Chapter_XIV#1041
347,present_a,733,750,IX,https://en.wikisource.org/wiki/Sanskrit_Grammar_(Whitney)/Chapter_IX#733
347,present_ya,759,767,IX,https://en.wikisource.org/wiki/Sanskrit_Grammar_(Whitney)/Chapter_IX#759
347,perfect,781,823,X,https://en.wikisource.org/wiki/Sanskrit_Grammar_(Whitney)/Chapter_X#781
347,aor_class,824,827,XI,https://en.wikisource.org/wiki/Sanskrit_Grammar_(Whitney)/Chapter_XI#824
347,aor_a,847,855,XI,https://en.wikisource.org/wiki/Sanskrit_Grammar_(Whitney)/Chapter_XI#847
347,aor_is,898,911,XI,https://en.wikisource.org/wiki/Sanskrit_Grammar_(Whitney)/Chapter_XI#898
347,s_future,931,940,XII,https://en.wikisource.org/wiki/Sanskrit_Grammar_(Whitney)/Chapter_XII#931
347,periphrastic_future,942,949,XII,https://en.wikisource.org/wiki/Sanskrit_Grammar_(Whitney)/Chapter_XII#942
347,causative,1041,1052,XIV,https://en.wikisource.org/wiki/Sanskrit_Grammar_(Whitney)/Chapter_XIV#1041
348,present_a,733,750,IX,https://en.wikisource.org/wiki/Sanskrit_Grammar_(Whitney)/Chapter_IX#733
348,present_root,611,641,IX,https://en.wikisource.org/wiki/Sanskrit_Grammar_(Whitney)/Chapter_IX#611
348,present_ya,759,767,IX,https://en.wikisource.org/wiki/Sanskrit_Grammar_(Whitney)/Chapter_IX#759
348,passive_present,768,774,IX,https://en.wikisource.org/wiki/Sanskrit_Grammar_(Whitney)/Chapter_IX#768
348,perfect,781,823,X,https://en.wikisource.org/wiki/Sanskrit_Grammar_(Whitney)/Chapter_X#781
348,aor_class,824,827,XI,https://en.wikisource.org/wiki/Sanskrit_Grammar_(Whitney)/Chapter_XI#824
348,aor_root,828,846,XI,https://en.wikisource.org/wiki/Sanskrit_Grammar_(Whitney)/Chapter_XI#828
348,aor_redup,856,873,XI,https://en.wikisource.org/wiki/Sanskrit_Grammar_(Whitney)/Chapter_XI#856
348,aor_s,878,897,XI,https://en.wikisource.org/wiki/Sanskrit_Grammar_(Whitney)/Chapter_XI#878
348,s_future,931,940,XII,https://en.wikisource.org/wiki/Sanskrit_Grammar_(Whitney)/Chapter_XII#931
348,periphrastic_future,942,949,XII,https://en.wikisource.org/wiki/Sanskrit_Grammar_(Whitney)/Chapter_XII#942
348,causative,1041,1052,XIV,https://en.wikisource.org/wiki/Sanskrit_Grammar_(Whitney)/Chapter_XIV#1041
348,desiderative,1026,1040,XIV,https://en.wikisource.org/wiki/Sanskrit_Grammar_(Whitney)/Chapter_XIV#1026
348,intensive,1000,1025,XIV,https://en.wikisource.org/wiki/Sanskrit_Grammar_(Whitney)/Chapter_XIV#1000
348,ppp,952,958,XIII,https://en.wikisource.org/wiki/Sanskrit_Grammar_(Whitney)/Chapter_XIII#952
348,infinitive,968,979,XIII,https://en.wikisource.org/wiki/Sanskrit_Grammar_(Whitney)/Chapter_XIII#968
348,gerund,989,994,XIII,https://en.wikisource.org/wiki/Sanskrit_Grammar_(Whitney)/Chapter_XIII#989
349,present_a,733,750,IX,https://en.wikisource.org/wiki/Sanskrit_Grammar_(Whitney)/Chapter_IX#733
349,present_root,611,641,IX,https://en.wikisource.org/wiki/Sanskrit_Grammar_(Whitney)/Chapter_IX#611
349,present_redup,642,682,IX,https://en.wikisource.org/wiki/Sanskrit_Grammar_(Whitney)/Chapter_IX#642
349,present_ya,759,767,IX,https://en.wikisource.org/wiki/Sanskrit_Grammar_(Whitney)/Chapter_IX#759
349,passive_present,768,774,IX,https://en.wikisource.org/wiki/Sanskrit_Grammar_(Whitney)/Chapter_IX#768
349,perfect,781,823,X,https://en.wikisource.org/wiki/Sanskrit_Grammar_(Whitney)/Chapter_X#781
349,aor_class,824,827,XI,https://en.wikisource.org/wiki/Sanskrit_Grammar_(Whitney)/Chapter_XI#824
349,aor_root,828,846,XI,https://en.wikisource.org/wiki/Sanskrit_Grammar_(Whitney)/Chapter_XI#828
349,aor_a,847,855,XI,https://en.wikisource.org/wiki/Sanskrit_Grammar_(Whitney)/Chapter_XI#847
349,aor_redup,856,873,XI,https://en.wikisource.org/wiki/Sanskrit_Grammar_(Whitney)/Chapter_XI#856
349,aor_s,878,897,XI,https://en.wikisource.org/wiki/Sanskrit_Grammar_(Whitney)/Chapter_XI#878
349,aor_is,898,911,XI,https://en.wikisource.org/wiki/Sanskrit_Grammar_(Whitney)/Chapter_XI#898
349,s_future,931,940,XII,https://en.wikisource.org/wiki/Sanskrit_Grammar_(Whitney)/Chapter_XII#931
349,periphrastic_future,942,949,XII,https://en.wikisource.org/wiki/Sanskrit_Grammar_(Whitney)/Chapter_XII#942
349,causative,1041,1052,XIV,https://en.wikisource.org/wiki/Sanskrit_Grammar_(Whitney)/Chapter_XIV#1041
349,desiderative,1026,1040,XIV,https://en.wikisource.org/wiki/Sanskrit_Grammar_(Whitney)/Chapter_XIV#1026
349,intensive,1000,1025,XIV,https://en.wikisource.org/wiki/Sanskrit_Grammar_(Whitney)/Chapter_XIV#1000
349,ppp,952,958,XIII,https://en.wikisource.org/wiki/Sanskrit_Grammar_(Whitney)/Chapter_XIII#952
349,infinitive,968,979,XIII,https://en.wikisource.org/wiki/Sanskrit_Grammar_(Whitney)/Chapter_XIII#968
349,gerund,989,994,XIII,https://en.wikisource.org/wiki/Sanskrit_Grammar_(Whitney)/Chapter_XIII#989
350,present_a,733,750,IX,https://en.wikisource.org/wiki/Sanskrit_Grammar_(Whitney)/Chapter_IX#733
350,present_acc_a,751,758,IX,https://en.wikisource.org/wiki/Sanskrit_Grammar_(Whitney)/Chapter_IX#751
350,passive_present,768,774,IX,https://en.wikisource.org/wiki/Sanskrit_Grammar_(Whitney)/Chapter_IX#768
350,perfect,781,823,X,https://en.wikisource.org/wiki/Sanskrit_Grammar_(Whitney)/Chapter_X#781
350,aor_class,824,827,XI,https://en.wikisource.org/wiki/Sanskrit_Grammar_(Whitney)/Chapter_XI#824
350,aor_root,828,846,XI,https://en.wikisource.org/wiki/Sanskrit_Grammar_(Whitney)/Chapter_XI#828
350,aor_s,878,897,XI,https://en.wikisource.org/wiki/Sanskrit_Grammar_(Whitney)/Chapter_XI#878
350,s_future,931,940,XII,https://en.wikisource.org/wiki/Sanskrit_Grammar_(Whitney)/Chapter_XII#931
350,periphrastic_future,942,949,XII,https://en.wikisource.org/wiki/Sanskrit_Grammar_(Whitney)/Chapter_XII#942
350,causative,1041,1052,XIV,https://en.wikisource.org/wiki/Sanskrit_Grammar_(Whitney)/Chapter_XIV#1041
350,desiderative,1026,1040,XIV,https://en.wikisource.org/wiki/Sanskrit_Grammar_(Whitney)/Chapter_XIV#1026
350,intensive,1000,1025,XIV,https://en.wikisource.org/wiki/Sanskrit_Grammar_(Whitney)/Chapter_XIV#1000
350,ppp,952,958,XIII,https://en.wikisource.org/wiki/Sanskrit_Grammar_(Whitney)/Chapter_XIII#952
350,gerund,989,994,XIII,https://en.wikisource.org/wiki/Sanskrit_Grammar_(Whitney)/Chapter_XIII#989
351,aor_class,824,827,XI,https://en.wikisource.org/wiki/Sanskrit_Grammar_(Whitney)/Chapter_XI#824
351,aor_is,898,911,XI,https://en.wikisource.org/wiki/Sanskrit_Grammar_(Whitney)/Chapter_XI#898
352,passive_present,768,774,IX,https://en.wikisource.org/wiki/Sanskrit_Grammar_(Whitney)/Chapter_IX#768
352,perfect,781,823,X,https://en.wikisource.org/wiki/Sanskrit_Grammar_(Whitney)/Chapter_X#781
352,aor_class,824,827,XI,https://en.wikisource.org/wiki/Sanskrit_Grammar_(Whitney)/Chapter_XI#824
352,aor_s,878,897,XI,https://en.wikisource.org/wiki/Sanskrit_Grammar_(Whitney)/Chapter_XI#878
352,s_future,931,940,XII,https://en.wikisource.org/wiki/Sanskrit_Grammar_(Whitney)/Chapter_XII#931
352,periphrastic_future,942,949,XII,https://en.wikisource.org/wiki/Sanskrit_Grammar_(Whitney)/Chapter_XII#942
352,causative,1041,1052,XIV,https://en.wikisource.org/wiki/Sanskrit_Grammar_(Whitney)/Chapter_XIV#1041
352,desiderative,1026,1040,XIV,https://en.wikisource.org/wiki/Sanskrit_Grammar_(Whitney)/Chapter_XIV#1026
352,intensive,1000,1025,XIV,https://en.wikisource.org/wiki/Sanskrit_Grammar_(Whitney)/Chapter_XIV#1000
352,ppp,952,958,XIII,https://en.wikisource.org/wiki/Sanskrit_Grammar_(Whitney)/Chapter_XIII#952
353,present_a,733,750,IX,https://en.wikisource.org/wiki/Sanskrit_Grammar_(Whitney)/Chapter_IX#733
353,present_root,611,641,IX,https://en.wikisource.org/wiki/Sanskrit_Grammar_(Whitney)/Chapter_IX#611
353,present_nu_u,697,716,IX,https://en.wikisource.org/wiki/Sanskrit_Grammar_(Whitney)/Chapter_IX#697
353,perfect,781,823,X,https://en.wikisource.org/wiki/Sanskrit_Grammar_(Whitney)/Chapter_X#781
353,aor_class,824,827,XI,https://en.wikisource.org/wiki/Sanskrit_Grammar_(Whitney)/Chapter_XI#824
353,aor_is,898,911,XI,https://en.wikisource.org/wiki/Sanskrit_Grammar_(Whitney)/Chapter_XI#898
353,s_future,931,940,XII,https://en.wikisource.org/wiki/Sanskrit_Grammar_(Whitney)/Chapter_XII#931
353,periphrastic_future,942,949,XII,https://en.wikisource.org/wiki/Sanskrit_Grammar_(Whitney)/Chapter_XII#942
353,causative,1041,1052,XIV,https://en.wikisource.org/wiki/Sanskrit_Grammar_(Whitney)/Chapter_XIV#1041
353,desiderative,1026,1040,XIV,https://en.wikisource.org/wiki/Sanskrit_Grammar_(Whitney)/Chapter_XIV#1026
353,intensive,1000,1025,XIV,https://en.wikisource.org/wiki/Sanskrit_Grammar_(Whitney)/Chapter_XIV#1000
356,present_redup,642,682,IX,https://en.wikisource.org/wiki/Sanskrit_Grammar_(Whitney)/Chapter_IX#642
356,present_ya,759,767,IX,https://en.wikisource.org/wiki/Sanskrit_Grammar_(Whitney)/Chapter_IX#759
356,present_acc_a,751,758,IX,https://en.wikisource.org/wiki/Sanskrit_Grammar_(Whitney)/Chapter_IX#751
356,passive_present,768,774,IX,https://en.wikisource.org/wiki/Sanskrit_Grammar_(Whitney)/Chapter_IX#768
356,perfect,781,823,X,https://en.wikisource.org/wiki/Sanskrit_Grammar_(Whitney)/Chapter_X#781
356,aor_class,824,827,XI,https://en.wikisource.org/wiki/Sanskrit_Grammar_(Whitney)/Chapter_XI#824
356,aor_redup,856,873,XI,https://en.wikisource.org/wiki/Sanskrit_Grammar_(Whitney)/Chapter_XI#856
356,aor_s,878,897,XI,https://en.wikisource.org/wiki/Sanskrit_Grammar_(Whitney)/Chapter_XI#878
356,s_future,931,940,XII,https://en.wikisource.org/wiki/Sanskrit_Grammar_(Whitney)/Chapter_XII#931
356,periphrastic_future,942,949,XII,https://en.wikisource.org/wiki/Sanskrit_Grammar_(Whitney)/Chapter_XII#942
356,causative,1041,1052,XIV,https://en.wikisource.org/wiki/Sanskrit_Grammar_(Whitney)/Chapter_XIV#1041
356,desiderative,1026,1040,XIV,https://en.wikisource.org/wiki/Sanskrit_Grammar_(Whitney)/Chapter_XIV#1026
356,intensive,1000,1025,XIV,https://en.wikisource.org/wiki/Sanskrit_Grammar_(Whitney)/Chapter_XIV#1000
356,ppp,952,958,XIII,https://en.wikisource.org/wiki/Sanskrit_Grammar_(Whitney)/Chapter_XIII#952
356,infinitive,968,979,XIII,https://en.wikisource.org/wiki/Sanskrit_Grammar_(Whitney)/Chapter_XIII#968
356,gerund,989,994,XIII,https://en.wikisource.org/wiki/Sanskrit_Grammar_(Whitney)/Chapter_XIII#989
357,present_root,611,641,IX,https://en.wikisource.org/wiki/Sanskrit_Grammar_(Whitney)/Chapter_IX#611
357,passive_present,768,774,IX,https://en.wikisource.org/wiki/Sanskrit_Grammar_(Whitney)/Chapter_IX#768
357,perfect,781,823,X,https://en.wikisource.org/wiki/Sanskrit_Grammar_(Whitney)/Chapter_X#781
357,aor_class,824,827,XI,https://en.wikisource.org/wiki/Sanskrit_Grammar_(Whitney)/Chapter_XI#824
357,aor_root,828,846,XI,https://en.wikisource.org/wiki/Sanskrit_Grammar_(Whitney)/Chapter_XI#828
357,aor_redup,856,873,XI,https://en.wikisource.org/wiki/Sanskrit_Grammar_(Whitney)/Chapter_XI#856
357,aor_s,878,897,XI,https://en.wikisource.org/wiki/Sanskrit_Grammar_(Whitney)/Chapter_XI#878
357,s_future,931,940,XII,https://en.wikisource.org/wiki/Sanskrit_Grammar_(Whitney)/Chapter_XII#931
357,periphrastic_future,942,949,XII,https://en.wikisource.org/wiki/Sanskrit_Grammar_(Whitney)/Chapter_XII#942
357,causative,1041,1052,XIV,https://en.wikisource.org/wiki/Sanskrit_Grammar_(Whitney)/Chapter_XIV#1041
357,desiderative,1026,1040,XIV,https://en.wikisource.org/wiki/Sanskrit_Grammar_(Whitney)/Chapter_XIV#1026
357,intensive,1000,1025,XIV,https://en.wikisource.org/wiki/Sanskrit_Grammar_(Whitney)/Chapter_XIV#1000
357,ppp,952,958,XIII,https://en.wikisource.org/wiki/Sanskrit_Grammar_(Whitney)/Chapter_XIII#952
357,gerund,989,994,XIII,https://en.wikisource.org/wiki/Sanskrit_Grammar_(Whitney)/Chapter_XIII#989
358,present_ya,759,767,IX,https://en.wikisource.org/wiki/Sanskrit_Grammar_(Whitney)/Chapter_IX#759
358,intensive,1000,1025,XIV,https://en.wikisource.org/wiki/Sanskrit_Grammar_(Whitney)/Chapter_XIV#1000
359,perfect,781,823,X,https://en.wikisource.org/wiki/Sanskrit_Grammar_(Whitney)/Chapter_X#781
360,present_a,733,750,IX,https://en.wikisource.org/wiki/Sanskrit_Grammar_(Whitney)/Chapter_IX#733
360,perfect,781,823,X,https://en.wikisource.org/wiki/Sanskrit_Grammar_(Whitney)/Chapter_X#781
360,aor_class,824,827,XI,https://en.wikisource.org/wiki/Sanskrit_Grammar_(Whitney)/Chapter_XI#824
360,aor_redup,856,873,XI,https://en.wikisource.org/wiki/Sanskrit_Grammar_(Whitney)/Chapter_XI#856
360,aor_is,898,911,XI,https://en.wikisource.org/wiki/Sanskrit_Grammar_(Whitney)/Chapter_XI#898
360,s_future,931,940,XII,https://en.wikisource.org/wiki/Sanskrit_Grammar_(Whitney)/Chapter_XII#931
360,periphrastic_future,942,949,XII,https://en.wikisource.org/wiki/Sanskrit_Grammar_(Whitney)/Chapter_XII#942
360,causative,1041,1052,XIV,https://en.wikisource.org/wiki/Sanskrit_Grammar_(Whitney)/Chapter_XIV#1041
360,desiderative,1026,1040,XIV,https://en.wikisource.org/wiki/Sanskrit_Grammar_(Whitney)/Chapter_XIV#1026
360,ppp,952,958,XIII,https://en.wikisource.org/wiki/Sanskrit_Grammar_(Whitney)/Chapter_XIII#952
360,gerund,989,994,XIII,https://en.wikisource.org/wiki/Sanskrit_Grammar_(Whitney)/Chapter_XIII#989
362,present_ya,759,767,IX,https://en.wikisource.org/wiki/Sanskrit_Grammar_(Whitney)/Chapter_IX#759
362,perfect,781,823,X,https://en.wikisource.org/wiki/Sanskrit_Grammar_(Whitney)/Chapter_X#781
362,aor_class,824,827,XI,https://en.wikisource.org/wiki/Sanskrit_Grammar_(Whitney)/Chapter_XI#824
362,aor_root,828,846,XI,https://en.wikisource.org/wiki/Sanskrit_Grammar_(Whitney)/Chapter_XI#828
362,aor_redup,856,873,XI,https://en.wikisource.org/wiki/Sanskrit_Grammar_(Whitney)/Chapter_XI#856
362,aor_is,898,911,XI,https://en.wikisource.org/wiki/Sanskrit_Grammar_(Whitney)/Chapter_XI#898
362,s_future,931,940,XII,https://en.wikisource.org/wiki/Sanskrit_Grammar_(Whitney)/Chapter_XII#931
362,periphrastic_future,942,949,XII,https://en.wikisource.org/wiki/Sanskrit_Grammar_(Whitney)/Chapter_XII#942
362,causative,1041,1052,XIV,https://en.wikisource.org/wiki/Sanskrit_Grammar_(Whitney)/Chapter_XIV#1041
362,desiderative,1026,1040,XIV,https://en.wikisource.org/wiki/Sanskrit_Grammar_(Whitney)/Chapter_XIV#1026
362,intensive,1000,1025,XIV,https://en.wikisource.org/wiki/Sanskrit_Grammar_(Whitney)/Chapter_XIV#1000
362,ppp,952,958,XIII,https://en.wikisource.org/wiki/Sanskrit_Grammar_(Whitney)/Chapter_XIII#952
363,present_ya,759,767,IX,https://en.wikisource.org/wiki/Sanskrit_Grammar_(Whitney)/Chapter_IX#759
363,perfect,781,823,X,https://en.wikisource.org/wiki/Sanskrit_Grammar_(Whitney)/Chapter_X#781
363,aor_class,824,827,XI,https://en.wikisource.org/wiki/Sanskrit_Grammar_(Whitney)/Chapter_XI#824
363,aor_redup,856,873,XI,https://en.wikisource.org/wiki/Sanskrit_Grammar_(Whitney)/Chapter_XI#856
363,aor_is,898,911,XI,https://en.wikisource.org/wiki/Sanskrit_Grammar_(Whitney)/Chapter_XI#898
363,s_future,931,940,XII,https://en.wikisource.org/wiki/Sanskrit_Grammar_(Whitney)/Chapter_XII#931
363,periphrastic_future,942,949,XII,https://en.wikisource.org/wiki/Sanskrit_Grammar_(Whitney)/Chapter_XII#942
363,causative,1041,1052,XIV,https://en.wikisource.org/wiki/Sanskrit_Grammar_(Whitney)/Chapter_XIV#1041
363,desiderative,1026,1040,XIV,https://en.wikisource.org/wiki/Sanskrit_Grammar_(Whitney)/Chapter_XIV#1026
363,intensive,1000,1025,XIV,https://en.wikisource.org/wiki/Sanskrit_Grammar_(Whitney)/Chapter_XIV#1000
363,ppp,952,958,XIII,https://en.wikisource.org/wiki/Sanskrit_Grammar_(Whitney)/Chapter_XIII#952
363,infinitive,968,979,XIII,https://en.wikisource.org/wiki/Sanskrit_Grammar_(Whitney)/Chapter_XIII#968
363,gerund,989,994,XIII,https://en.wikisource.org/wiki/Sanskrit_Grammar_(Whitney)/Chapter_XIII#989
364,present_a,733,750,IX,https://en.wikisource.org/wiki/Sanskrit_Grammar_(Whitney)/Chapter_IX#733
364,perfect,781,823,X,https://en.wikisource.org/wiki/Sanskrit_Grammar_(Whitney)/Chapter_X#781
364,aor_class,824,827,XI,https://en.wikisource.org/wiki/Sanskrit_Grammar_(Whitney)/Chapter_XI#824
364,aor_a,847,855,XI,https://en.wikisource.org/wiki/Sanskrit_Grammar_(Whitney)/Chapter_XI#847
364,aor_is,898,911,XI,https://en.wikisource.org/wiki/Sanskrit_Grammar_(Whitney)/Chapter_XI#898
364,s_future,931,940,XII,https://en.wikisource.org/wiki/Sanskrit_Grammar_(Whitney)/Chapter_XII#931
364,periphrastic_future,942,949,XII,https://en.wikisource.org/wiki/Sanskrit_Grammar_(Whitney)/Chapter_XII#942
364,causative,1041,1052,XIV,https://en.wikisource.org/wiki/Sanskrit_Grammar_(Whitney)/Chapter_XIV#1041
365,present_nu_u,697,716,IX,https://en.wikisource.org/wiki/Sanskrit_Grammar_(Whitney)/Chapter_IX#697
365,passive_present,768,774,IX,https://en.wikisource.org/wiki/Sanskrit_Grammar_(Whitney)/Chapter_IX#768
365,perfect,781,823,X,https://en.wikisource.org/wiki/Sanskrit_Grammar_(Whitney)/Chapter_X#781
365,aor_class,824,827,XI,https://en.wikisource.org/wiki/Sanskrit_Grammar_(Whitney)/Chapter_XI#824
365,aor_is,898,911,XI,https://en.wikisource.org/wiki/Sanskrit_Grammar_(Whitney)/Chapter_XI#898
365,s_future,931,940,XII,https://en.wikisource.org/wiki/Sanskrit_Grammar_(Whitney)/Chapter_XII#931
365,periphrastic_future,942,949,XII,https://en.wikisource.org/wiki/Sanskrit_Grammar_(Whitney)/Chapter_XII#942
365,causative,1041,1052,XIV,https://en.wikisource.org/wiki/Sanskrit_Grammar_(Whitney)/Chapter_XIV#1041
365,desiderative,1026,1040,XIV,https://en.wikisource.org/wiki/Sanskrit_Grammar_(Whitney)/Chapter_XIV#1026
365,intensive,1000,1025,XIV,https://en.wikisource.org/wiki/Sanskrit_Grammar_(Whitney)/Chapter_XIV#1000
365,ppp,952,958,XIII,https://en.wikisource.org/wiki/Sanskrit_Grammar_(Whitney)/Chapter_XIII#952
366,ppp,952,958,XIII,https://en.wikisource.org/wiki/Sanskrit_Grammar_(Whitney)/Chapter_XIII#952
367,causative,1041,1052,XIV,https://en.wikisource.org/wiki/Sanskrit_Grammar_(Whitney)/Chapter_XIV#1041
368,present_ya,759,767,IX,https://en.wikisource.org/wiki/Sanskrit_Grammar_(Whitney)/Chapter_IX#759
368,perfect,781,823,X,https://en.wikisource.org/wiki/Sanskrit_Grammar_(Whitney)/Chapter_X#781
368,aor_class,824,827,XI,https://en.wikisource.org/wiki/Sanskrit_Grammar_(Whitney)/Chapter_XI#824
368,aor_a,847,855,XI,https://en.wikisource.org/wiki/Sanskrit_Grammar_(Whitney)/Chapter_XI#847
368,aor_redup,856,873,XI,https://en.wikisource.org/wiki/Sanskrit_Grammar_(Whitney)/Chapter_XI#856
368,aor_is,898,911,XI,https://en.wikisource.org/wiki/Sanskrit_Grammar_(Whitney)/Chapter_XI#898
368,s_future,931,940,XII,https://en.wikisource.org/wiki/Sanskrit_Grammar_(Whitney)/Chapter_XII#931
368,periphrastic_future,942,949,XII,https://en.wikisource.org/wiki/Sanskrit_Grammar_(Whitney)/Chapter_XII#942
368,causative,1041,1052,XIV,https://en.wikisource.org/wiki/Sanskrit_Grammar_(Whitney)/Chapter_XIV#1041
368,desiderative,1026,1040,XIV,https://en.wikisource.org/wiki/Sanskrit_Grammar_(Whitney)/Chapter_XIV#1026
368,intensive,1000,1025,XIV,https://en.wikisource.org/wiki/Sanskrit_Grammar_(Whitney)/Chapter_XIV#1000
368,ppp,952,958,XIII,https://en.wikisource.org/wiki/Sanskrit_Grammar_(Whitney)/Chapter_XIII#952
369,present_root,611,641,IX,https://en.wikisource.org/wiki/Sanskrit_Grammar_(Whitney)/Chapter_IX#611
369,present_ya,759,767,IX,https://en.wikisource.org/wiki/Sanskrit_Grammar_(Whitney)/Chapter_IX#759
369,present_acc_a,751,758,IX,https://en.wikisource.org/wiki/Sanskrit_Grammar_(Whitney)/Chapter_IX#751
369,perfect,781,823,X,https://en.wikisource.org/wiki/Sanskrit_Grammar_(Whitney)/Chapter_X#781
369,aor_class,824,827,XI,https://en.wikisource.org/wiki/Sanskrit_Grammar_(Whitney)/Chapter_XI#824
369,aor_root,828,846,XI,https://en.wikisource.org/wiki/Sanskrit_Grammar_(Whitney)/Chapter_XI#828
369,aor_redup,856,873,XI,https://en.wikisource.org/wiki/Sanskrit_Grammar_(Whitney)/Chapter_XI#856
369,aor_s,878,897,XI,https://en.wikisource.org/wiki/Sanskrit_Grammar_(Whitney)/Chapter_XI#878
369,s_future,931,940,XII,https://en.wikisource.org/wiki/Sanskrit_Grammar_(Whitney)/Chapter_XII#931
369,periphrastic_future,942,949,XII,https://en.wikisource.org/wiki/Sanskrit_Grammar_(Whitney)/Chapter_XII#942
369,causative,1041,1052,XIV,https://en.wikisource.org/wiki/Sanskrit_Grammar_(Whitney)/Chapter_XIV#1041
369,desiderative,1026,1040,XIV,https://en.wikisource.org/wiki/Sanskrit_Grammar_(Whitney)/Chapter_XIV#1026
369,intensive,1000,1025,XIV,https://en.wikisource.org/wiki/Sanskrit_Grammar_(Whitney)/Chapter_XIV#1000
369,ppp,952,958,XIII,https://en.wikisource.org/wiki/Sanskrit_Grammar_(Whitney)/Chapter_XIII#952
369,infinitive,968,979,XIII,https://en.wikisource.org/wiki/Sanskrit_Grammar_(Whitney)/Chapter_XIII#968
369,gerund,989,994,XIII,https://en.wikisource.org/wiki/Sanskrit_Grammar_(Whitney)/Chapter_XIII#989
371,present_root,611,641,IX,https://en.wikisource.org/wiki/Sanskrit_Grammar_(Whitney)/Chapter_IX#611
371,present_na,717,732,IX,https://en.wikisource.org/wiki/Sanskrit_Grammar_(Whitney)/Chapter_IX#717
371,passive_present,768,774,IX,https://en.wikisource.org/wiki/Sanskrit_Grammar_(Whitney)/Chapter_IX#768
371,perfect,781,823,X,https://en.wikisource.org/wiki/Sanskrit_Grammar_(Whitney)/Chapter_X#781
371,aor_class,824,827,XI,https://en.wikisource.org/wiki/Sanskrit_Grammar_(Whitney)/Chapter_XI#824
371,aor_root,828,846,XI,https://en.wikisource.org/wiki/Sanskrit_Grammar_(Whitney)/Chapter_XI#828
371,aor_a,847,855,XI,https://en.wikisource.org/wiki/Sanskrit_Grammar_(Whitney)/Chapter_XI#847
371,aor_redup,856,873,XI,https://en.wikisource.org/wiki/Sanskrit_Grammar_(Whitney)/Chapter_XI#856
371,aor_s,878,897,XI,https://en.wikisource.org/wiki/Sanskrit_Grammar_(Whitney)/Chapter_XI#878
371,aor_is,898,911,XI,https://en.wikisource.org/wiki/Sanskrit_Grammar_(Whitney)/Chapter_XI#898
371,s_future,931,940,XII,https://en.wikisource.org/wiki/Sanskrit_Grammar_(Whitney)/Chapter_XII#931
371,periphrastic_future,942,949,XII,https://en.wikisource.org/wiki/Sanskrit_Grammar_(Whitney)/Chapter_XII#942
371,causative,1041,1052,XIV,https://en.wikisource.org/wiki/Sanskrit_Grammar_(Whitney)/Chapter_XIV#1041
371,desiderative,1026,1040,XIV,https://en.wikisource.org/wiki/Sanskrit_Grammar_(Whitney)/Chapter_XIV#1026
371,intensive,1000,1025,XIV,https://en.wikisource.org/wiki/Sanskrit_Grammar_(Whitney)/Chapter_XIV#1000
371,ppp,952,958,XIII,https://en.wikisource.org/wiki/Sanskrit_Grammar_(Whitney)/Chapter_XIII#952
371,gerund,989,994,XIII,https://en.wikisource.org/wiki/Sanskrit_Grammar_(Whitney)/Chapter_XIII#989
372,perfect,781,823,X,https://en.wikisource.org/wiki/Sanskrit_Grammar_(Whitney)/Chapter_X#781
372,aor_class,824,827,XI,https://en.wikisource.org/wiki/Sanskrit_Grammar_(Whitney)/Chapter_XI#824
372,aor_root,828,846,XI,https://en.wikisource.org/wiki/Sanskrit_Grammar_(Whitney)/Chapter_XI#828
372,aor_redup,856,873,XI,https://en.wikisource.org/wiki/Sanskrit_Grammar_(Whitney)/Chapter_XI#856
372,aor_s,878,897,XI,https://en.wikisource.org/wiki/Sanskrit_Grammar_(Whitney)/Chapter_XI#878
372,s_future,931,940,XII,https://en.wikisource.org/wiki/Sanskrit_Grammar_(Whitney)/Chapter_XII#931
372,periphrastic_future,942,949,XII,https://en.wikisource.org/wiki/Sanskrit_Grammar_(Whitney)/Chapter_XII#942
372,causative,1041,1052,XIV,https://en.wikisource.org/wiki/Sanskrit_Grammar_(Whitney)/Chapter_XIV#1041
372,desiderative,1026,1040,XIV,https://en.wikisource.org/wiki/Sanskrit_Grammar_(Whitney)/Chapter_XIV#1026
372,intensive,1000,1025,XIV,https://en.wikisource.org/wiki/Sanskrit_Grammar_(Whitney)/Chapter_XIV#1000
372,ppp,952,958,XIII,https://en.wikisource.org/wiki/Sanskrit_Grammar_(Whitney)/Chapter_XIII#952
372,gerund,989,994,XIII,https://en.wikisource.org/wiki/Sanskrit_Grammar_(Whitney)/Chapter_XIII#989
373,present_a,733,750,IX,https://en.wikisource.org/wiki/Sanskrit_Grammar_(Whitney)/Chapter_IX#733
373,present_ya,759,767,IX,https://en.wikisource.org/wiki/Sanskrit_Grammar_(Whitney)/Chapter_IX#759
373,perfect,781,823,X,https://en.wikisource.org/wiki/Sanskrit_Grammar_(Whitney)/Chapter_X#781
373,aor_class,824,827,XI,https://en.wikisource.org/wiki/Sanskrit_Grammar_(Whitney)/Chapter_XI#824
373,aor_a,847,855,XI,https://en.wikisource.org/wiki/Sanskrit_Grammar_(Whitney)/Chapter_XI#847
373,aor_s,878,897,XI,https://en.wikisource.org/wiki/Sanskrit_Grammar_(Whitney)/Chapter_XI#878
373,aor_is,898,911,XI,https://en.wikisource.org/wiki/Sanskrit_Grammar_(Whitney)/Chapter_XI#898
373,s_future,931,940,XII,https://en.wikisource.org/wiki/Sanskrit_Grammar_(Whitney)/Chapter_XII#931
373,periphrastic_future,942,949,XII,https://en.wikisource.org/wiki/Sanskrit_Grammar_(Whitney)/Chapter_XII#942
373,causative,1041,1052,XIV,https://en.wikisource.org/wiki/Sanskrit_Grammar_(Whitney)/Chapter_XIV#1041
374,present_a,733,750,IX,https://en.wikisource.org/wiki/Sanskrit_Grammar_(Whitney)/Chapter_IX#733
374,present_acc_a,751,758,IX,https://en.wikisource.org/wiki/Sanskrit_Grammar_(Whitney)/Chapter_IX#751
374,causative,1041,1052,XIV,https://en.wikisource.org/wiki/Sanskrit_Grammar_(Whitney)/Chapter_XIV#1041
375,present_ya,759,767,IX,https://en.wikisource.org/wiki/Sanskrit_Grammar_(Whitney)/Chapter_IX#759
375,passive_present,768,774,IX,https://en.wikisource.org/wiki/Sanskrit_Grammar_(Whitney)/Chapter_IX#768
375,perfect,781,823,X,https://en.wikisource.org/wiki/Sanskrit_Grammar_(Whitney)/Chapter_X#781
375,aor_class,824,827,XI,https://en.wikisource.org/wiki/Sanskrit_Grammar_(Whitney)/Chapter_XI#824
375,aor_root,828,846,XI,https://en.wikisource.org/wiki/Sanskrit_Grammar_(Whitney)/Chapter_XI#828
375,aor_a,847,855,XI,https://en.wikisource.org/wiki/Sanskrit_Grammar_(Whitney)/Chapter_XI#847
375,aor_redup,856,873,XI,https://en.wikisource.org/wiki/Sanskrit_Grammar_(Whitney)/Chapter_XI#856
375,s_future,931,940,XII,https://en.wikisource.org/wiki/Sanskrit_Grammar_(Whitney)/Chapter_XII#931
375,periphrastic_future,942,949,XII,https://en.wikisource.org/wiki/Sanskrit_Grammar_(Whitney)/Chapter_XII#942
375,causative,1041,1052,XIV,https://en.wikisource.org/wiki/Sanskrit_Grammar_(Whitney)/Chapter_XIV#1041
375,desiderative,1026,1040,XIV,https://en.wikisource.org/wiki/Sanskrit_Grammar_(Whitney)/Chapter_XIV#1026
375,intensive,1000,1025,XIV,https://en.wikisource.org/wiki/Sanskrit_Grammar_(Whitney)/Chapter_XIV#1000
375,ppp,952,958,XIII,https://en.wikisource.org/wiki/Sanskrit_Grammar_(Whitney)/Chapter_XIII#952
375,infinitive,968,979,XIII,https://en.wikisource.org/wiki/Sanskrit_Grammar_(Whitney)/Chapter_XIII#968
375,gerund,989,994,XIII,https://en.wikisource.org/wiki/Sanskrit_Grammar_(Whitney)/Chapter_XIII#989
376,present_a,733,750,IX,https://en.wikisource.org/wiki/Sanskrit_Grammar_(Whitney)/Chapter_IX#733
376,present_ya,759,767,IX,https://en.wikisource.org/wiki/Sanskrit_Grammar_(Whitney)/Chapter_IX#759
376,present_acc_a,751,758,IX,https://en.wikisource.org/wiki/Sanskrit_Grammar_(Whitney)/Chapter_IX#751
376,perfect,781,823,X,https://en.wikisource.org/wiki/Sanskrit_Grammar_(Whitney)/Chapter_X#781
376,aor_class,824,827,XI,https://en.wikisource.org/wiki/Sanskrit_Grammar_(Whitney)/Chapter_XI#824
376,aor_redup,856,873,XI,https://en.wikisource.org/wiki/Sanskrit_Grammar_(Whitney)/Chapter_XI#856
376,aor_is,898,911,XI,https://en.wikisource.org/wiki/Sanskrit_Grammar_(Whitney)/Chapter_XI#898
376,s_future,931,940,XII,https://en.wikisource.org/wiki/Sanskrit_Grammar_(Whitney)/Chapter_XII#931
376,periphrastic_future,942,949,XII,https://en.wikisource.org/wiki/Sanskrit_Grammar_(Whitney)/Chapter_XII#942
376,causative,1041,1052,XIV,https://en.wikisource.org/wiki/Sanskrit_Grammar_(Whitney)/Chapter_XIV#1041
376,desiderative,1026,1040,XIV,https://en.wikisource.org/wiki/Sanskrit_Grammar_(Whitney)/Chapter_XIV#1026
376,intensive,1000,1025,XIV,https://en.wikisource.org/wiki/Sanskrit_Grammar_(Whitney)/Chapter_XIV#1000
376,ppp,952,958,XIII,https://en.wikisource.org/wiki/Sanskrit_Grammar_(Whitney)/Chapter_XIII#952
379,present_a,733,750,IX,https://en.wikisource.org/wiki/Sanskrit_Grammar_(Whitney)/Chapter_IX#733
379,perfect,781,823,X,https://en.wikisource.org/wiki/Sanskrit_Grammar_(Whitney)/Chapter_X#781
379,aor_class,824,827,XI,https://en.wikisource.org/wiki/Sanskrit_Grammar_(Whitney)/Chapter_XI#824
379,aor_root,828,846,XI,https://en.wikisource.org/wiki/Sanskrit_Grammar_(Whitney)/Chapter_XI#828
379,aor_a,847,855,XI,https://en.wikisource.org/wiki/Sanskrit_Grammar_(Whitney)/Chapter_XI#847
379,aor_redup,856,873,XI,https://en.wikisource.org/wiki/Sanskrit_Grammar_(Whitney)/Chapter_XI#856
379,aor_s,878,897,XI,https://en.wikisource.org/wiki/Sanskrit_Grammar_(Whitney)/Chapter_XI#878
379,aor_is,898,911,XI,https://en.wikisource.org/wiki/Sanskrit_Grammar_(Whitney)/Chapter_XI#898
379,s_future,931,940,XII,https://en.wikisource.org/wiki/Sanskrit_Grammar_(Whitney)/Chapter_XII#931
379,periphrastic_future,942,949,XII,https://en.wikisource.org/wiki/Sanskrit_Grammar_(Whitney)/Chapter_XII#942
379,causative,1041,1052,XIV,https://en.wikisource.org/wiki/Sanskrit_Grammar_(Whitney)/Chapter_XIV#1041
379,desiderative,1026,1040,XIV,https://en.wikisource.org/wiki/Sanskrit_Grammar_(Whitney)/Chapter_XIV#1026
379,intensive,1000,1025,XIV,https://en.wikisource.org/wiki/Sanskrit_Grammar_(Whitney)/Chapter_XIV#1000
379,ppp,952,958,XIII,https://en.wikisource.org/wiki/Sanskrit_Grammar_(Whitney)/Chapter_XIII#952
379,gerund,989,994,XIII,https://en.wikisource.org/wiki/Sanskrit_Grammar_(Whitney)/Chapter_XIII#989
380,perfect,781,823,X,https://en.wikisource.org/wiki/Sanskrit_Grammar_(Whitney)/Chapter_X#781
380,aor_class,824,827,XI,https://en.wikisource.org/wiki/Sanskrit_Grammar_(Whitney)/Chapter_XI#824
380,aor_is,898,911,XI,https://en.wikisource.org/wiki/Sanskrit_Grammar_(Whitney)/Chapter_XI#898
380,s_future,931,940,XII,https://en.wikisource.org/wiki/Sanskrit_Grammar_(Whitney)/Chapter_XII#931
380,periphrastic_future,942,949,XII,https://en.wikisource.org/wiki/Sanskrit_Grammar_(Whitney)/Chapter_XII#942
380,causative,1041,1052,XIV,https://en.wikisource.org/wiki/Sanskrit_Grammar_(Whitney)/Chapter_XIV#1041
380,desiderative,1026,1040,XIV,https://en.wikisource.org/wiki/Sanskrit_Grammar_(Whitney)/Chapter_XIV#1026
380,intensive,1000,1025,XIV,https://en.wikisource.org/wiki/Sanskrit_Grammar_(Whitney)/Chapter_XIV#1000
381,present_root,611,641,IX,https://en.wikisource.org/wiki/Sanskrit_Grammar_(Whitney)/Chapter_IX#611
381,perfect,781,823,X,https://en.wikisource.org/wiki/Sanskrit_Grammar_(Whitney)/Chapter_X#781
381,aor_class,824,827,XI,https://en.wikisource.org/wiki/Sanskrit_Grammar_(Whitney)/Chapter_XI#824
381,aor_root,828,846,XI,https://en.wikisource.org/wiki/Sanskrit_Grammar_(Whitney)/Chapter_XI#828
381,aor_s,878,897,XI,https://en.wikisource.org/wiki/Sanskrit_Grammar_(Whitney)/Chapter_XI#878
381,aor_sis,912,915,XI,https://en.wikisource.org/wiki/Sanskrit_Grammar_(Whitney)/Chapter_XI#912
381,s_future,931,940,XII,https://en.wikisource.org/wiki/Sanskrit_Grammar_(Whitney)/Chapter_XII#931
381,periphrastic_future,942,949,XII,https://en.wikisource.org/wiki/Sanskrit_Grammar_(Whitney)/Chapter_XII#942
381,causative,1041,1052,XIV,https://en.wikisource.org/wiki/Sanskrit_Grammar_(Whitney)/Chapter_XIV#1041
381,desiderative,1026,1040,XIV,https://en.wikisource.org/wiki/Sanskrit_Grammar_(Whitney)/Chapter_XIV#1026
381,intensive,1000,1025,XIV,https://en.wikisource.org/wiki/Sanskrit_Grammar_(Whitney)/Chapter_XIV#1000
381,ppp,952,958,XIII,https://en.wikisource.org/wiki/Sanskrit_Grammar_(Whitney)/Chapter_XIII#952
382,present_root,611,641,IX,https://en.wikisource.org/wiki/Sanskrit_Grammar_(Whitney)/Chapter_IX#611
382,present_ya,759,767,IX,https://en.wikisource.org/wiki/Sanskrit_Grammar_(Whitney)/Chapter_IX#759
382,perfect,781,823,X,https://en.wikisource.org/wiki/Sanskrit_Grammar_(Whitney)/Chapter_X#781
382,aor_class,824,827,XI,https://en.wikisource.org/wiki/Sanskrit_Grammar_(Whitney)/Chapter_XI#824
382,aor_s,878,897,XI,https://en.wikisource.org/wiki/Sanskrit_Grammar_(Whitney)/Chapter_XI#878
382,aor_sis,912,915,XI,https://en.wikisource.org/wiki/Sanskrit_Grammar_(Whitney)/Chapter_XI#912
382,s_future,931,940,XII,https://en.wikisource.org/wiki/Sanskrit_Grammar_(Whitney)/Chapter_XII#931
382,desiderative,1026,1040,XIV,https://en.wikisource.org/wiki/Sanskrit_Grammar_(Whitney)/Chapter_XIV#1026
382,ppp,952,958,XIII,https://en.wikisource.org/wiki/Sanskrit_Grammar_(Whitney)/Chapter_XIII#952
384,present_a,733,750,IX,https://en.wikisource.org/wiki/Sanskrit_Grammar_(Whitney)/Chapter_IX#733
384,perfect,781,823,X,https://en.wikisource.org/wiki/Sanskrit_Grammar_(Whitney)/Chapter_X#781
384,aor_class,824,827,XI,https://en.wikisource.org/wiki/Sanskrit_Grammar_(Whitney)/Chapter_XI#824
384,aor_root,828,846,XI,https://en.wikisource.org/wiki/Sanskrit_Grammar_(Whitney)/Chapter_XI#828
384,aor_redup,856,873,XI,https://en.wikisource.org/wiki/Sanskrit_Grammar_(Whitney)/Chapter_XI#856
384,s_future,931,940,XII,https://en.wikisource.org/wiki/Sanskrit_Grammar_(Whitney)/Chapter_XII#931
384,periphrastic_future,942,949,XII,https://en.wikisource.org/wiki/Sanskrit_Grammar_(Whitney)/Chapter_XII#942
384,causative,1041,1052,XIV,https://en.wikisource.org/wiki/Sanskrit_Grammar_(Whitney)/Chapter_XIV#1041
384,desiderative,1026,1040,XIV,https://en.wikisource.org/wiki/Sanskrit_Grammar_(Whitney)/Chapter_XIV#1026
384,intensive,1000,1025,XIV,https://en.wikisource.org/wiki/Sanskrit_Grammar_(Whitney)/Chapter_XIV#1000
384,ppp,952,958,XIII,https://en.wikisource.org/wiki/Sanskrit_Grammar_(Whitney)/Chapter_XIII#952
384,infinitive,968,979,XIII,https://en.wikisource.org/wiki/Sanskrit_Grammar_(Whitney)/Chapter_XIII#968
384,gerund,989,994,XIII,https://en.wikisource.org/wiki/Sanskrit_Grammar_(Whitney)/Chapter_XIII#989
385,present_ya,759,767,IX,https://en.wikisource.org/wiki/Sanskrit_Grammar_(Whitney)/Chapter_IX#759
385,perfect,781,823,X,https://en.wikisource.org/wiki/Sanskrit_Grammar_(Whitney)/Chapter_X#781
385,aor_class,824,827,XI,https://en.wikisource.org/wiki/Sanskrit_Grammar_(Whitney)/Chapter_XI#824
385,aor_root,828,846,XI,https://en.wikisource.org/wiki/Sanskrit_Grammar_(Whitney)/Chapter_XI#828
385,aor_a,847,855,XI,https://en.wikisource.org/wiki/Sanskrit_Grammar_(Whitney)/Chapter_XI#847
385,aor_redup,856,873,XI,https://en.wikisource.org/wiki/Sanskrit_Grammar_(Whitney)/Chapter_XI#856
385,aor_s,878,897,XI,https://en.wikisource.org/wiki/Sanskrit_Grammar_(Whitney)/Chapter_XI#878
385,s_future,931,940,XII,https://en.wikisource.org/wiki/Sanskrit_Grammar_(Whitney)/Chapter_XII#931
385,periphrastic_future,942,949,XII,https://en.wikisource.org/wiki/Sanskrit_Grammar_(Whitney)/Chapter_XII#942
385,causative,1041,1052,XIV,https://en.wikisource.org/wiki/Sanskrit_Grammar_(Whitney)/Chapter_XIV#1041
385,desiderative,1026,1040,XIV,https://en.wikisource.org/wiki/Sanskrit_Grammar_(Whitney)/Chapter_XIV#1026
385,intensive,1000,1025,XIV,https://en.wikisource.org/wiki/Sanskrit_Grammar_(Whitney)/Chapter_XIV#1000
385,ppp,952,958,XIII,https://en.wikisource.org/wiki/Sanskrit_Grammar_(Whitney)/Chapter_XIII#952
385,gerund,989,994,XIII,https://en.wikisource.org/wiki/Sanskrit_Grammar_(Whitney)/Chapter_XIII#989
386,present_na,717,732,IX,https://en.wikisource.org/wiki/Sanskrit_Grammar_(Whitney)/Chapter_IX#717
388,present_root,611,641,IX,https://en.wikisource.org/wiki/Sanskrit_Grammar_(Whitney)/Chapter_IX#611
388,present_acc_a,751,758,IX,https://en.wikisource.org/wiki/Sanskrit_Grammar_(Whitney)/Chapter_IX#751
388,perfect,781,823,X,https://en.wikisource.org/wiki/Sanskrit_Grammar_(Whitney)/Chapter_X#781
388,aor_class,824,827,XI,https://en.wikisource.org/wiki/Sanskrit_Grammar_(Whitney)/Chapter_XI#824
388,aor_root,828,846,XI,https://en.wikisource.org/wiki/Sanskrit_Grammar_(Whitney)/Chapter_XI#828
388,aor_redup,856,873,XI,https://en.wikisource.org/wiki/Sanskrit_Grammar_(Whitney)/Chapter_XI#856
388,s_future,931,940,XII,https://en.wikisource.org/wiki/Sanskrit_Grammar_(Whitney)/Chapter_XII#931
388,periphrastic_future,942,949,XII,https://en.wikisource.org/wiki/Sanskrit_Grammar_(Whitney)/Chapter_XII#942
388,causative,1041,1052,XIV,https://en.wikisource.org/wiki/Sanskrit_Grammar_(Whitney)/Chapter_XIV#1041
388,desiderative,1026,1040,XIV,https://en.wikisource.org/wiki/Sanskrit_Grammar_(Whitney)/Chapter_XIV#1026
388,intensive,1000,1025,XIV,https://en.wikisource.org/wiki/Sanskrit_Grammar_(Whitney)/Chapter_XIV#1000
388,ppp,952,958,XIII,https://en.wikisource.org/wiki/Sanskrit_Grammar_(Whitney)/Chapter_XIII#952
388,infinitive,968,979,XIII,https://en.wikisource.org/wiki/Sanskrit_Grammar_(Whitney)/Chapter_XIII#968
389,present_a,733,750,IX,https://en.wikisource.org/wiki/Sanskrit_Grammar_(Whitney)/Chapter_IX#733
389,present_redup,642,682,IX,https://en.wikisource.org/wiki/Sanskrit_Grammar_(Whitney)/Chapter_IX#642
389,perfect,781,823,X,https://en.wikisource.org/wiki/Sanskrit_Grammar_(Whitney)/Chapter_X#781
389,causative,1041,1052,XIV,https://en.wikisource.org/wiki/Sanskrit_Grammar_(Whitney)/Chapter_XIV#1041
390,present_a,733,750,IX,https://en.wikisource.org/wiki/Sanskrit_Grammar_(Whitney)/Chapter_IX#733
390,perfect,781,823,X,https://en.wikisource.org/wiki/Sanskrit_Grammar_(Whitney)/Chapter_X#781
390,aor_class,824,827,XI,https://en.wikisource.org/wiki/Sanskrit_Grammar_(Whitney)/Chapter_XI#824
390,aor_is,898,911,XI,https://en.wikisource.org/wiki/Sanskrit_Grammar_(Whitney)/Chapter_XI#898
391,present_a,733,750,IX,https://en.wikisource.org/wiki/Sanskrit_Grammar_(Whitney)/Chapter_IX#733
391,present_root,611,641,IX,https://en.wikisource.org/wiki/Sanskrit_Grammar_(Whitney)/Chapter_IX#611
391,passive_present,768,774,IX,https://en.wikisource.org/wiki/Sanskrit_Grammar_(Whitney)/Chapter_IX#768
391,perfect,781,823,X,https://en.wikisource.org/wiki/Sanskrit_Grammar_(Whitney)/Chapter_X#781
391,aor_class,824,827,XI,https://en.wikisource.org/wiki/Sanskrit_Grammar_(Whitney)/Chapter_XI#824
391,aor_root,828,846,XI,https://en.wikisource.org/wiki/Sanskrit_Grammar_(Whitney)/Chapter_XI#828
391,aor_sis,912,915,XI,https://en.wikisource.org/wiki/Sanskrit_Grammar_(Whitney)/Chapter_XI#912
391,s_future,931,940,XII,https://en.wikisource.org/wiki/Sanskrit_Grammar_(Whitney)/Chapter_XII#931
391,periphrastic_future,942,949,XII,https://en.wikisource.org/wiki/Sanskrit_Grammar_(Whitney)/Chapter_XII#942
391,causative,1041,1052,XIV,https://en.wikisource.org/wiki/Sanskrit_Grammar_(Whitney)/Chapter_XIV#1041
391,desiderative,1026,1040,XIV,https://en.wikisource.org/wiki/Sanskrit_Grammar_(Whitney)/Chapter_XIV#1026
391,intensive,1000,1025,XIV,https://en.wikisource.org/wiki/Sanskrit_Grammar_(Whitney)/Chapter_XIV#1000
392,present_a,733,750,IX,https://en.wikisource.org/wiki/Sanskrit_Grammar_(Whitney)/Chapter_IX#733
393,present_a,733,750,IX,https://en.wikisource.org/wiki/Sanskrit_Grammar_(Whitney)/Chapter_IX#733
393,present_root,611,641,IX,https://en.wikisource.org/wiki/Sanskrit_Grammar_(Whitney)/Chapter_IX#611
393,present_redup,642,682,IX,https://en.wikisource.org/wiki/Sanskrit_Grammar_(Whitney)/Chapter_IX#642
393,present_ya,759,767,IX,https://en.wikisource.org/wiki/Sanskrit_Grammar_(Whitney)/Chapter_IX#759
393,passive_present,768,774,IX,https://en.wikisource.org/wiki/Sanskrit_Grammar_(Whitney)/Chapter_IX#768
393,perfect,781,823,X,https://en.wikisource.org/wiki/Sanskrit_Grammar_(Whitney)/Chapter_X#781
393,aor_class,824,827,XI,https://en.wikisource.org/wiki/Sanskrit_Grammar_(Whitney)/Chapter_XI#824
393,aor_root,828,846,XI,https://en.wikisource.org/wiki/Sanskrit_Grammar_(Whitney)/Chapter_XI#828
393,s_future,931,940,XII,https://en.wikisource.org/wiki/Sanskrit_Grammar_(Whitney)/Chapter_XII#931
393,periphrastic_future,942,949,XII,https://en.wikisource.org/wiki/Sanskrit_Grammar_(Whitney)/Chapter_XII#942
393,causative,1041,1052,XIV,https://en.wikisource.org/wiki/Sanskrit_Grammar_(Whitney)/Chapter_XIV#1041
393,desiderative,1026,1040,XIV,https://en.wikisource.org/wiki/Sanskrit_Grammar_(Whitney)/Chapter_XIV#1026
393,intensive,1000,1025,XIV,https://en.wikisource.org/wiki/Sanskrit_Grammar_(Whitney)/Chapter_XIV#1000
393,ppp,952,958,XIII,https://en.wikisource.org/wiki/Sanskrit_Grammar_(Whitney)/Chapter_XIII#952
393,infinitive,968,979,XIII,https://en.wikisource.org/wiki/Sanskrit_Grammar_(Whitney)/Chapter_XIII#968
393,gerund,989,994,XIII,https://en.wikisource.org/wiki/Sanskrit_Grammar_(Whitney)/Chapter_XIII#989
394,passive_present,768,774,IX,https://en.wikisource.org/wiki/Sanskrit_Grammar_(Whitney)/Chapter_IX#768
394,perfect,781,823,X,https://en.wikisource.org/wiki/Sanskrit_Grammar_(Whitney)/Chapter_X#781
394,aor_class,824,827,XI,https://en.wikisource.org/wiki/Sanskrit_Grammar_(Whitney)/Chapter_XI#824
394,aor_root,828,846,XI,https://en.wikisource.org/wiki/Sanskrit_Grammar_(Whitney)/Chapter_XI#828
394,aor_redup,856,873,XI,https://en.wikisource.org/wiki/Sanskrit_Grammar_(Whitney)/Chapter_XI#856
394,aor_sis,912,915,XI,https://en.wikisource.org/wiki/Sanskrit_Grammar_(Whitney)/Chapter_XI#912
394,s_future,931,940,XII,https://en.wikisource.org/wiki/Sanskrit_Grammar_(Whitney)/Chapter_XII#931
394,periphrastic_future,942,949,XII,https://en.wikisource.org/wiki/Sanskrit_Grammar_(Whitney)/Chapter_XII#942
394,causative,1041,1052,XIV,https://en.wikisource.org/wiki/Sanskrit_Grammar_(Whitney)/Chapter_XIV#1041
394,desiderative,1026,1040,XIV,https://en.wikisource.org/wiki/Sanskrit_Grammar_(Whitney)/Chapter_XIV#1026
394,intensive,1000,1025,XIV,https://en.wikisource.org/wiki/Sanskrit_Grammar_(Whitney)/Chapter_XIV#1000
394,ppp,952,958,XIII,https://en.wikisource.org/wiki/Sanskrit_Grammar_(Whitney)/Chapter_XIII#952
394,gerund,989,994,XIII,https://en.wikisource.org/wiki/Sanskrit_Grammar_(Whitney)/Chapter_XIII#989
395,present_a,733,750,IX,https://en.wikisource.org/wiki/Sanskrit_Grammar_(Whitney)/Chapter_IX#733
395,perfect,781,823,X,https://en.wikisource.org/wiki/Sanskrit_Grammar_(Whitney)/Chapter_X#781
395,aor_class,824,827,XI,https://en.wikisource.org/wiki/Sanskrit_Grammar_(Whitney)/Chapter_XI#824
395,aor_root,828,846,XI,https://en.wikisource.org/wiki/Sanskrit_Grammar_(Whitney)/Chapter_XI#828
395,aor_redup,856,873,XI,https://en.wikisource.org/wiki/Sanskrit_Grammar_(Whitney)/Chapter_XI#856
395,aor_is,898,911,XI,https://en.wikisource.org/wiki/Sanskrit_Grammar_(Whitney)/Chapter_XI#898
395,s_future,931,940,XII,https://en.wikisource.org/wiki/Sanskrit_Grammar_(Whitney)/Chapter_XII#931
395,periphrastic_future,942,949,XII,https://en.wikisource.org/wiki/Sanskrit_Grammar_(Whitney)/Chapter_XII#942
395,causative,1041,1052,XIV,https://en.wikisource.org/wiki/Sanskrit_Grammar_(Whitney)/Chapter_XIV#1041
395,desiderative,1026,1040,XIV,https://en.wikisource.org/wiki/Sanskrit_Grammar_(Whitney)/Chapter_XIV#1026
395,intensive,1000,1025,XIV,https://en.wikisource.org/wiki/Sanskrit_Grammar_(Whitney)/Chapter_XIV#1000
395,ppp,952,958,XIII,https://en.wikisource.org/wiki/Sanskrit_Grammar_(Whitney)/Chapter_XIII#952
395,gerund,989,994,XIII,https://en.wikisource.org/wiki/Sanskrit_Grammar_(Whitney)/Chapter_XIII#989
396,present_a,733,750,IX,https://en.wikisource.org/wiki/Sanskrit_Grammar_(Whitney)/Chapter_IX#733
396,passive_present,768,774,IX,https://en.wikisource.org/wiki/Sanskrit_Grammar_(Whitney)/Chapter_IX#768
396,perfect,781,823,X,https://en.wikisource.org/wiki/Sanskrit_Grammar_(Whitney)/Chapter_X#781
396,aor_class,824,827,XI,https://en.wikisource.org/wiki/Sanskrit_Grammar_(Whitney)/Chapter_XI#824
396,aor_is,898,911,XI,https://en.wikisource.org/wiki/Sanskrit_Grammar_(Whitney)/Chapter_XI#898
396,causative,1041,1052,XIV,https://en.wikisource.org/wiki/Sanskrit_Grammar_(Whitney)/Chapter_XIV#1041
396,ppp,952,958,XIII,https://en.wikisource.org/wiki/Sanskrit_Grammar_(Whitney)/Chapter_XIII#952
396,gerund,989,994,XIII,https://en.wikisource.org/wiki/Sanskrit_Grammar_(Whitney)/Chapter_XIII#989
397,present_nu_u,697,716,IX,https://en.wikisource.org/wiki/Sanskrit_Grammar_(Whitney)/Chapter_IX#697
397,perfect,781,823,X,https://en.wikisource.org/wiki/Sanskrit_Grammar_(Whitney)/Chapter_X#781
397,aor_class,824,827,XI,https://en.wikisource.org/wiki/Sanskrit_Grammar_(Whitney)/Chapter_XI#824
397,aor_is,898,911,XI,https://en.wikisource.org/wiki/Sanskrit_Grammar_(Whitney)/Chapter_XI#898
397,s_future,931,940,XII,https://en.wikisource.org/wiki/Sanskrit_Grammar_(Whitney)/Chapter_XII#931
397,periphrastic_future,942,949,XII,https://en.wikisource.org/wiki/Sanskrit_Grammar_(Whitney)/Chapter_XII#942
398,present_root,611,641,IX,https://en.wikisource.org/wiki/Sanskrit_Grammar_(Whitney)/Chapter_IX#611
398,perfect,781,823,X,https://en.wikisource.org/wiki/Sanskrit_Grammar_(Whitney)/Chapter_X#781
398,desiderative,1026,1040,XIV,https://en.wikisource.org/wiki/Sanskrit_Grammar_(Whitney)/Chapter_XIV#1026
398,intensive,1000,1025,XIV,https://en.wikisource.org/wiki/Sanskrit_Grammar_(Whitney)/Chapter_XIV#1000
398,ppp,952,958,XIII,https://en.wikisource.org/wiki/Sanskrit_Grammar_(Whitney)/Chapter_XIII#952
399,present_a,733,750,IX,https://en.wikisource.org/wiki/Sanskrit_Grammar_(Whitney)/Chapter_IX#733
399,perfect,781,823,X,https://en.wikisource.org/wiki/Sanskrit_Grammar_(Whitney)/Chapter_X#781
399,aor_class,824,827,XI,https://en.wikisource.org/wiki/Sanskrit_Grammar_(Whitney)/Chapter_XI#824
399,aor_redup,856,873,XI,https://en.wikisource.org/wiki/Sanskrit_Grammar_(Whitney)/Chapter_XI#856
399,aor_is,898,911,XI,https://en.wikisource.org/wiki/Sanskrit_Grammar_(Whitney)/Chapter_XI#898
399,s_future,931,940,XII,https://en.wikisource.org/wiki/Sanskrit_Grammar_(Whitney)/Chapter_XII#931
399,periphrastic_future,942,949,XII,https://en.wikisource.org/wiki/Sanskrit_Grammar_(Whitney)/Chapter_XII#942
399,causative,1041,1052,XIV,https://en.wikisource.org/wiki/Sanskrit_Grammar_(Whitney)/Chapter_XIV#1041
399,desiderative,1026,1040,XIV,https://en.wikisource.org/wiki/Sanskrit_Grammar_(Whitney)/Chapter_XIV#1026
399,intensive,1000,1025,XIV,https://en.wikisource.org/wiki/Sanskrit_Grammar_(Whitney)/Chapter_XIV#1000
400,present_root,611,641,IX,https://en.wikisource.org/wiki/Sanskrit_Grammar_(Whitney)/Chapter_IX#611
400,present_nu_u,697,716,IX,https://en.wikisource.org/wiki/Sanskrit_Grammar_(Whitney)/Chapter_IX#697
400,present_acc_a,751,758,IX,https://en.wikisource.org/wiki/Sanskrit_Grammar_(Whitney)/Chapter_IX#751
400,present_na,717,732,IX,https://en.wikisource.org/wiki/Sanskrit_Grammar_(Whitney)/Chapter_IX#717
400,passive_present,768,774,IX,https://en.wikisource.org/wiki/Sanskrit_Grammar_(Whitney)/Chapter_IX#768
400,perfect,781,823,X,https://en.wikisource.org/wiki/Sanskrit_Grammar_(Whitney)/Chapter_X#781
400,aor_class,824,827,XI,https://en.wikisource.org/wiki/Sanskrit_Grammar_(Whitney)/Chapter_XI#824
400,aor_s,878,897,XI,https://en.wikisource.org/wiki/Sanskrit_Grammar_(Whitney)/Chapter_XI#878
400,aor_is,898,911,XI,https://en.wikisource.org/wiki/Sanskrit_Grammar_(Whitney)/Chapter_XI#898
400,s_future,931,940,XII,https://en.wikisource.org/wiki/Sanskrit_Grammar_(Whitney)/Chapter_XII#931
400,periphrastic_future,942,949,XII,https://en.wikisource.org/wiki/Sanskrit_Grammar_(Whitney)/Chapter_XII#942
400,causative,1041,1052,XIV,https://en.wikisource.org/wiki/Sanskrit_Grammar_(Whitney)/Chapter_XIV#1041
400,desiderative,1026,1040,XIV,https://en.wikisource.org/wiki/Sanskrit_Grammar_(Whitney)/Chapter_XIV#1026
400,intensive,1000,1025,XIV,https://en.wikisource.org/wiki/Sanskrit_Grammar_(Whitney)/Chapter_XIV#1000
400,ppp,952,958,XIII,https://en.wikisource.org/wiki/Sanskrit_Grammar_(Whitney)/Chapter_XIII#952
400,infinitive,968,979,XIII,https://en.wikisource.org/wiki/Sanskrit_Grammar_(Whitney)/Chapter_XIII#968
400,gerund,989,994,XIII,https://en.wikisource.org/wiki/Sanskrit_Grammar_(Whitney)/Chapter_XIII#989
401,present_a,733,750,IX,https://en.wikisource.org/wiki/Sanskrit_Grammar_(Whitney)/Chapter_IX#733
401,perfect,781,823,X,https://en.wikisource.org/wiki/Sanskrit_Grammar_(Whitney)/Chapter_X#781
401,aor_class,824,827,XI,https://en.wikisource.org/wiki/Sanskrit_Grammar_(Whitney)/Chapter_XI#824
401,aor_is,898,911,XI,https://en.wikisource.org/wiki/Sanskrit_Grammar_(Whitney)/Chapter_XI#898
401,s_future,931,940,XII,https://en.wikisource.org/wiki/Sanskrit_Grammar_(Whitney)/Chapter_XII#931
401,periphrastic_future,942,949,XII,https://en.wikisource.org/wiki/Sanskrit_Grammar_(Whitney)/Chapter_XII#942
401,infinitive,968,979,XIII,https://en.wikisource.org/wiki/Sanskrit_Grammar_(Whitney)/Chapter_XIII#968
402,present_a,733,750,IX,https://en.wikisource.org/wiki/Sanskrit_Grammar_(Whitney)/Chapter_IX#733
402,passive_present,768,774,IX,https://en.wikisource.org/wiki/Sanskrit_Grammar_(Whitney)/Chapter_IX#768
402,perfect,781,823,X,https://en.wikisource.org/wiki/Sanskrit_Grammar_(Whitney)/Chapter_X#781
402,aor_class,824,827,XI,https://en.wikisource.org/wiki/Sanskrit_Grammar_(Whitney)/Chapter_XI#824
402,aor_root,828,846,XI,https://en.wikisource.org/wiki/Sanskrit_Grammar_(Whitney)/Chapter_XI#828
402,aor_redup,856,873,XI,https://en.wikisource.org/wiki/Sanskrit_Grammar_(Whitney)/Chapter_XI#856
402,aor_s,878,897,XI,https://en.wikisource.org/wiki/Sanskrit_Grammar_(Whitney)/Chapter_XI#878
402,s_future,931,940,XII,https://en.wikisource.org/wiki/Sanskrit_Grammar_(Whitney)/Chapter_XII#931
402,periphrastic_future,942,949,XII,https://en.wikisource.org/wiki/Sanskrit_Grammar_(Whitney)/Chapter_XII#942
402,causative,1041,1052,XIV,https://en.wikisource.org/wiki/Sanskrit_Grammar_(Whitney)/Chapter_XIV#1041
402,desiderative,1026,1040,XIV,https://en.wikisource.org/wiki/Sanskrit_Grammar_(Whitney)/Chapter_XIV#1026
402,intensive,1000,1025,XIV,https://en.wikisource.org/wiki/Sanskrit_Grammar_(Whitney)/Chapter_XIV#1000
402,ppp,952,958,XIII,https://en.wikisource.org/wiki/Sanskrit_Grammar_(Whitney)/Chapter_XIII#952
402,infinitive,968,979,XIII,https://en.wikisource.org/wiki/Sanskrit_Grammar_(Whitney)/Chapter_XIII#968
402,gerund,989,994,XIII,https://en.wikisource.org/wiki/Sanskrit_Grammar_(Whitney)/Chapter_XIII#989
403,present_a,733,750,IX,https://en.wikisource.org/wiki/Sanskrit_Grammar_(Whitney)/Chapter_IX#733
403,present_nu_u,697,716,IX,https://en.wikisource.org/wiki/Sanskrit_Grammar_(Whitney)/Chapter_IX#697
403,perfect,781,823,X,https://en.wikisource.org/wiki/Sanskrit_Grammar_(Whitney)/Chapter_X#781
403,aor_class,824,827,XI,https://en.wikisource.org/wiki/Sanskrit_Grammar_(Whitney)/Chapter_XI#824
403,aor_a,847,855,XI,https://en.wikisource.org/wiki/Sanskrit_Grammar_(Whitney)/Chapter_XI#847
403,aor_redup,856,873,XI,https://en.wikisource.org/wiki/Sanskrit_Grammar_(Whitney)/Chapter_XI#856
403,aor_is,898,911,XI,https://en.wikisource.org/wiki/Sanskrit_Grammar_(Whitney)/Chapter_XI#898
403,s_future,931,940,XII,https://en.wikisource.org/wiki/Sanskrit_Grammar_(Whitney)/Chapter_XII#931
403,periphrastic_future,942,949,XII,https://en.wikisource.org/wiki/Sanskrit_Grammar_(Whitney)/Chapter_XII#942
403,causative,1041,1052,XIV,https://en.wikisource.org/wiki/Sanskrit_Grammar_(Whitney)/Chapter_XIV#1041
403,desiderative,1026,1040,XIV,https://en.wikisource.org/wiki/Sanskrit_Grammar_(Whitney)/Chapter_XIV#1026
403,intensive,1000,1025,XIV,https://en.wikisource.org/wiki/Sanskrit_Grammar_(Whitney)/Chapter_XIV#1000
403,ppp,952,958,XIII,https://en.wikisource.org/wiki/Sanskrit_Grammar_(Whitney)/Chapter_XIII#952
403,gerund,989,994,XIII,https://en.wikisource.org/wiki/Sanskrit_Grammar_(Whitney)/Chapter_XIII#989
405,present_root,611,641,IX,https://en.wikisource.org/wiki/Sanskrit_Grammar_(Whitney)/Chapter_IX#611
405,present_ya,759,767,IX,https://en.wikisource.org/wiki/Sanskrit_Grammar_(Whitney)/Chapter_IX#759
405,passive_present,768,774,IX,https://en.wikisource.org/wiki/Sanskrit_Grammar_(Whitney)/Chapter_IX#768
405,perfect,781,823,X,https://en.wikisource.org/wiki/Sanskrit_Grammar_(Whitney)/Chapter_X#781
405,aor_class,824,827,XI,https://en.wikisource.org/wiki/Sanskrit_Grammar_(Whitney)/Chapter_XI#824
405,aor_s,878,897,XI,https://en.wikisource.org/wiki/Sanskrit_Grammar_(Whitney)/Chapter_XI#878
405,aor_sis,912,915,XI,https://en.wikisource.org/wiki/Sanskrit_Grammar_(Whitney)/Chapter_XI#912
405,s_future,931,940,XII,https://en.wikisource.org/wiki/Sanskrit_Grammar_(Whitney)/Chapter_XII#931
405,periphrastic_future,942,949,XII,https://en.wikisource.org/wiki/Sanskrit_Grammar_(Whitney)/Chapter_XII#942
405,causative,1041,1052,XIV,https://en.wikisource.org/wiki/Sanskrit_Grammar_(Whitney)/Chapter_XIV#1041
405,desiderative,1026,1040,XIV,https://en.wikisource.org/wiki/Sanskrit_Grammar_(Whitney)/Chapter_XIV#1026
405,intensive,1000,1025,XIV,https://en.wikisource.org/wiki/Sanskrit_Grammar_(Whitney)/Chapter_XIV#1000
405,ppp,952,958,XIII,https://en.wikisource.org/wiki/Sanskrit_Grammar_(Whitney)/Chapter_XIII#952
405,gerund,989,994,XIII,https://en.wikisource.org/wiki/Sanskrit_Grammar_(Whitney)/Chapter_XIII#989
406,present_a,733,750,IX,https://en.wikisource.org/wiki/Sanskrit_Grammar_(Whitney)/Chapter_IX#733
406,aor_class,824,827,XI,https://en.wikisource.org/wiki/Sanskrit_Grammar_(Whitney)/Chapter_XI#824
406,aor_is,898,911,XI,https://en.wikisource.org/wiki/Sanskrit_Grammar_(Whitney)/Chapter_XI#898
407,present_a,733,750,IX,https://en.wikisource.org/wiki/Sanskrit_Grammar_(Whitney)/Chapter_IX#733
407,passive_present,768,774,IX,https://en.wikisource.org/wiki/Sanskrit_Grammar_(Whitney)/Chapter_IX#768
407,perfect,781,823,X,https://en.wikisource.org/wiki/Sanskrit_Grammar_(Whitney)/Chapter_X#781
407,aor_class,824,827,XI,https://en.wikisource.org/wiki/Sanskrit_Grammar_(Whitney)/Chapter_XI#824
407,aor_a,847,855,XI,https://en.wikisource.org/wiki/Sanskrit_Grammar_(Whitney)/Chapter_XI#847
407,aor_redup,856,873,XI,https://en.wikisource.org/wiki/Sanskrit_Grammar_(Whitney)/Chapter_XI#856
407,aor_is,898,911,XI,https://en.wikisource.org/wiki/Sanskrit_Grammar_(Whitney)/Chapter_XI#898
407,s_future,931,940,XII,https://en.wikisource.org/wiki/Sanskrit_Grammar_(Whitney)/Chapter_XII#931
407,periphrastic_future,942,949,XII,https://en.wikisource.org/wiki/Sanskrit_Grammar_(Whitney)/Chapter_XII#942
407,causative,1041,1052,XIV,https://en.wikisource.org/wiki/Sanskrit_Grammar_(Whitney)/Chapter_XIV#1041
407,desiderative,1026,1040,XIV,https://en.wikisource.org/wiki/Sanskrit_Grammar_(Whitney)/Chapter_XIV#1026
407,intensive,1000,1025,XIV,https://en.wikisource.org/wiki/Sanskrit_Grammar_(Whitney)/Chapter_XIV#1000
408,present_a,733,750,IX,https://en.wikisource.org/wiki/Sanskrit_Grammar_(Whitney)/Chapter_IX#733
408,perfect,781,823,X,https://en.wikisource.org/wiki/Sanskrit_Grammar_(Whitney)/Chapter_X#781
408,aor_class,824,827,XI,https://en.wikisource.org/wiki/Sanskrit_Grammar_(Whitney)/Chapter_XI#824
408,aor_redup,856,873,XI,https://en.wikisource.org/wiki/Sanskrit_Grammar_(Whitney)/Chapter_XI#856
408,aor_is,898,911,XI,https://en.wikisource.org/wiki/Sanskrit_Grammar_(Whitney)/Chapter_XI#898
408,s_future,931,940,XII,https://en.wikisource.org/wiki/Sanskrit_Grammar_(Whitney)/Chapter_XII#931
408,periphrastic_future,942,949,XII,https://en.wikisource.org/wiki/Sanskrit_Grammar_(Whitney)/Chapter_XII#942
408,causative,1041,1052,XIV,https://en.wikisource.org/wiki/Sanskrit_Grammar_(Whitney)/Chapter_XIV#1041
408,intensive,1000,1025,XIV,https://en.wikisource.org/wiki/Sanskrit_Grammar_(Whitney)/Chapter_XIV#1000
408,ppp,952,958,XIII,https://en.wikisource.org/wiki/Sanskrit_Grammar_(Whitney)/Chapter_XIII#952
409,present_a,733,750,IX,https://en.wikisource.org/wiki/Sanskrit_Grammar_(Whitney)/Chapter_IX#733
409,perfect,781,823,X,https://en.wikisource.org/wiki/Sanskrit_Grammar_(Whitney)/Chapter_X#781
409,aor_class,824,827,XI,https://en.wikisource.org/wiki/Sanskrit_Grammar_(Whitney)/Chapter_XI#824
409,aor_s,878,897,XI,https://en.wikisource.org/wiki/Sanskrit_Grammar_(Whitney)/Chapter_XI#878
409,aor_is,898,911,XI,https://en.wikisource.org/wiki/Sanskrit_Grammar_(Whitney)/Chapter_XI#898
409,s_future,931,940,XII,https://en.wikisource.org/wiki/Sanskrit_Grammar_(Whitney)/Chapter_XII#931
409,periphrastic_future,942,949,XII,https://en.wikisource.org/wiki/Sanskrit_Grammar_(Whitney)/Chapter_XII#942
409,causative,1041,1052,XIV,https://en.wikisource.org/wiki/Sanskrit_Grammar_(Whitney)/Chapter_XIV#1041
409,desiderative,1026,1040,XIV,https://en.wikisource.org/wiki/Sanskrit_Grammar_(Whitney)/Chapter_XIV#1026
409,intensive,1000,1025,XIV,https://en.wikisource.org/wiki/Sanskrit_Grammar_(Whitney)/Chapter_XIV#1000
409,ppp,952,958,XIII,https://en.wikisource.org/wiki/Sanskrit_Grammar_(Whitney)/Chapter_XIII#952
411,present_a,733,750,IX,https://en.wikisource.org/wiki/Sanskrit_Grammar_(Whitney)/Chapter_IX#733
411,perfect,781,823,X,https://en.wikisource.org/wiki/Sanskrit_Grammar_(Whitney)/Chapter_X#781
411,aor_class,824,827,XI,https://en.wikisource.org/wiki/Sanskrit_Grammar_(Whitney)/Chapter_XI#824
411,aor_is,898,911,XI,https://en.wikisource.org/wiki/Sanskrit_Grammar_(Whitney)/Chapter_XI#898
411,s_future,931,940,XII,https://en.wikisource.org/wiki/Sanskrit_Grammar_(Whitney)/Chapter_XII#931
411,periphrastic_future,942,949,XII,https://en.wikisource.org/wiki/Sanskrit_Grammar_(Whitney)/Chapter_XII#942
412,present_a,733,750,IX,https://en.wikisource.org/wiki/Sanskrit_Grammar_(Whitney)/Chapter_IX#733
412,causative,1041,1052,XIV,https://en.wikisource.org/wiki/Sanskrit_Grammar_(Whitney)/Chapter_XIV#1041
413,present_a,733,750,IX,https://en.wikisource.org/wiki/Sanskrit_Grammar_(Whitney)/Chapter_IX#733
413,passive_present,768,774,IX,https://en.wikisource.org/wiki/Sanskrit_Grammar_(Whitney)/Chapter_IX#768
413,perfect,781,823,X,https://en.wikisource.org/wiki/Sanskrit_Grammar_(Whitney)/Chapter_X#781
413,aor_class,824,827,XI,https://en.wikisource.org/wiki/Sanskrit_Grammar_(Whitney)/Chapter_XI#824
413,aor_a,847,855,XI,https://en.wikisource.org/wiki/Sanskrit_Grammar_(Whitney)/Chapter_XI#847
413,aor_is,898,911,XI,https://en.wikisource.org/wiki/Sanskrit_Grammar_(Whitney)/Chapter_XI#898
413,s_future,931,940,XII,https://en.wikisource.org/wiki/Sanskrit_Grammar_(Whitney)/Chapter_XII#931
413,periphrastic_future,942,949,XII,https://en.wikisource.org/wiki/Sanskrit_Grammar_(Whitney)/Chapter_XII#942
413,causative,1041,1052,XIV,https://en.wikisource.org/wiki/Sanskrit_Grammar_(Whitney)/Chapter_XIV#1041
413,desiderative,1026,1040,XIV,https://en.wikisource.org/wiki/Sanskrit_Grammar_(Whitney)/Chapter_XIV#1026
413,intensive,1000,1025,XIV,https://en.wikisource.org/wiki/Sanskrit_Grammar_(Whitney)/Chapter_XIV#1000
413,ppp,952,958,XIII,https://en.wikisource.org/wiki/Sanskrit_Grammar_(Whitney)/Chapter_XIII#952
413,gerund,989,994,XIII,https://en.wikisource.org/wiki/Sanskrit_Grammar_(Whitney)/Chapter_XIII#989
414,present_a,733,750,IX,https://en.wikisource.org/wiki/Sanskrit_Grammar_(Whitney)/Chapter_IX#733
414,passive_present,768,774,IX,https://en.wikisource.org/wiki/Sanskrit_Grammar_(Whitney)/Chapter_IX#768
414,perfect,781,823,X,https://en.wikisource.org/wiki/Sanskrit_Grammar_(Whitney)/Chapter_X#781
414,aor_class,824,827,XI,https://en.wikisource.org/wiki/Sanskrit_Grammar_(Whitney)/Chapter_XI#824
414,aor_redup,856,873,XI,https://en.wikisource.org/wiki/Sanskrit_Grammar_(Whitney)/Chapter_XI#856
414,aor_is,898,911,XI,https://en.wikisource.org/wiki/Sanskrit_Grammar_(Whitney)/Chapter_XI#898
414,s_future,931,940,XII,https://en.wikisource.org/wiki/Sanskrit_Grammar_(Whitney)/Chapter_XII#931
414,periphrastic_future,942,949,XII,https://en.wikisource.org/wiki/Sanskrit_Grammar_(Whitney)/Chapter_XII#942
414,causative,1041,1052,XIV,https://en.wikisource.org/wiki/Sanskrit_Grammar_(Whitney)/Chapter_XIV#1041
414,desiderative,1026,1040,XIV,https://en.wikisource.org/wiki/Sanskrit_Grammar_(Whitney)/Chapter_XIV#1026
414,intensive,1000,1025,XIV,https://en.wikisource.org/wiki/Sanskrit_Grammar_(Whitney)/Chapter_XIV#1000
414,ppp,952,958,XIII,https://en.wikisource.org/wiki/Sanskrit_Grammar_(Whitney)/Chapter_XIII#952
414,gerund,989,994,XIII,https://en.wikisource.org/wiki/Sanskrit_Grammar_(Whitney)/Chapter_XIII#989
415,present_a,733,750,IX,https://en.wikisource.org/wiki/Sanskrit_Grammar_(Whitney)/Chapter_IX#733
415,present_ya,759,767,IX,https://en.wikisource.org/wiki/Sanskrit_Grammar_(Whitney)/Chapter_IX#759
415,present_na,717,732,IX,https://en.wikisource.org/wiki/Sanskrit_Grammar_(Whitney)/Chapter_IX#717
415,perfect,781,823,X,https://en.wikisource.org/wiki/Sanskrit_Grammar_(Whitney)/Chapter_X#781
415,causative,1041,1052,XIV,https://en.wikisource.org/wiki/Sanskrit_Grammar_(Whitney)/Chapter_XIV#1041
416,present_a,733,750,IX,https://en.wikisource.org/wiki/Sanskrit_Grammar_(Whitney)/Chapter_IX#733
416,passive_present,768,774,IX,https://en.wikisource.org/wiki/Sanskrit_Grammar_(Whitney)/Chapter_IX#768
416,perfect,781,823,X,https://en.wikisource.org/wiki/Sanskrit_Grammar_(Whitney)/Chapter_X#781
416,aor_class,824,827,XI,https://en.wikisource.org/wiki/Sanskrit_Grammar_(Whitney)/Chapter_XI#824
416,aor_redup,856,873,XI,https://en.wikisource.org/wiki/Sanskrit_Grammar_(Whitney)/Chapter_XI#856
416,aor_s,878,897,XI,https://en.wikisource.org/wiki/Sanskrit_Grammar_(Whitney)/Chapter_XI#878
416,aor_sis,912,915,XI,https://en.wikisource.org/wiki/Sanskrit_Grammar_(Whitney)/Chapter_XI#912
416,s_future,931,940,XII,https://en.wikisource.org/wiki/Sanskrit_Grammar_(Whitney)/Chapter_XII#931
416,periphrastic_future,942,949,XII,https://en.wikisource.org/wiki/Sanskrit_Grammar_(Whitney)/Chapter_XII#942
416,causative,1041,1052,XIV,https://en.wikisource.org/wiki/Sanskrit_Grammar_(Whitney)/Chapter_XIV#1041
416,desiderative,1026,1040,XIV,https://en.wikisource.org/wiki/Sanskrit_Grammar_(Whitney)/Chapter_XIV#1026
416,intensive,1000,1025,XIV,https://en.wikisource.org/wiki/Sanskrit_Grammar_(Whitney)/Chapter_XIV#1000
416,ppp,952,958,XIII,https://en.wikisource.org/wiki/Sanskrit_Grammar_(Whitney)/Chapter_XIII#952
416,infinitive,968,979,XIII,https://en.wikisource.org/wiki/Sanskrit_Grammar_(Whitney)/Chapter_XIII#968
416,gerund,989,994,XIII,https://en.wikisource.org/wiki/Sanskrit_Grammar_(Whitney)/Chapter_XIII#989
417,present_a,733,750,IX,https://en.wikisource.org/wiki/Sanskrit_Grammar_(Whitney)/Chapter_IX#733
417,perfect,781,823,X,https://en.wikisource.org/wiki/Sanskrit_Grammar_(Whitney)/Chapter_X#781
417,aor_class,824,827,XI,https://en.wikisource.org/wiki/Sanskrit_Grammar_(Whitney)/Chapter_XI#824
417,aor_is,898,911,XI,https://en.wikisource.org/wiki/Sanskrit_Grammar_(Whitney)/Chapter_XI#898
417,s_future,931,940,XII,https://en.wikisource.org/wiki/Sanskrit_Grammar_(Whitney)/Chapter_XII#931
417,periphrastic_future,942,949,XII,https://en.wikisource.org/wiki/Sanskrit_Grammar_(Whitney)/Chapter_XII#942
417,causative,1041,1052,XIV,https://en.wikisource.org/wiki/Sanskrit_Grammar_(Whitney)/Chapter_XIV#1041
417,intensive,1000,1025,XIV,https://en.wikisource.org/wiki/Sanskrit_Grammar_(Whitney)/Chapter_XIV#1000
417,ppp,952,958,XIII,https://en.wikisource.org/wiki/Sanskrit_Grammar_(Whitney)/Chapter_XIII#952
418,present_a,733,750,IX,https://en.wikisource.org/wiki/Sanskrit_Grammar_(Whitney)/Chapter_IX#733
418,present_ya,759,767,IX,https://en.wikisource.org/wiki/Sanskrit_Grammar_(Whitney)/Chapter_IX#759
418,perfect,781,823,X,https://en.wikisource.org/wiki/Sanskrit_Grammar_(Whitney)/Chapter_X#781
418,aor_class,824,827,XI,https://en.wikisource.org/wiki/Sanskrit_Grammar_(Whitney)/Chapter_XI#824
418,aor_a,847,855,XI,https://en.wikisource.org/wiki/Sanskrit_Grammar_(Whitney)/Chapter_XI#847
418,aor_redup,856,873,XI,https://en.wikisource.org/wiki/Sanskrit_Grammar_(Whitney)/Chapter_XI#856
418,s_future,931,940,XII,https://en.wikisource.org/wiki/Sanskrit_Grammar_(Whitney)/Chapter_XII#931
418,periphrastic_future,942,949,XII,https://en.wikisource.org/wiki/Sanskrit_Grammar_(Whitney)/Chapter_XII#942
418,causative,1041,1052,XIV,https://en.wikisource.org/wiki/Sanskrit_Grammar_(Whitney)/Chapter_XIV#1041
418,desiderative,1026,1040,XIV,https://en.wikisource.org/wiki/Sanskrit_Grammar_(Whitney)/Chapter_XIV#1026
418,intensive,1000,1025,XIV,https://en.wikisource.org/wiki/Sanskrit_Grammar_(Whitney)/Chapter_XIV#1000
418,ppp,952,958,XIII,https://en.wikisource.org/wiki/Sanskrit_Grammar_(Whitney)/Chapter_XIII#952
418,infinitive,968,979,XIII,https://en.wikisource.org/wiki/Sanskrit_Grammar_(Whitney)/Chapter_XIII#968
418,gerund,989,994,XIII,https://en.wikisource.org/wiki/Sanskrit_Grammar_(Whitney)/Chapter_XIII#989
419,present_a,733,750,IX,https://en.wikisource.org/wiki/Sanskrit_Grammar_(Whitney)/Chapter_IX#733
419,aor_class,824,827,XI,https://en.wikisource.org/wiki/Sanskrit_Grammar_(Whitney)/Chapter_XI#824
419,aor_root,828,846,XI,https://en.wikisource.org/wiki/Sanskrit_Grammar_(Whitney)/Chapter_XI#828
419,desiderative,1026,1040,XIV,https://en.wikisource.org/wiki/Sanskrit_Grammar_(Whitney)/Chapter_XIV#1026
420,present_a,733,750,IX,https://en.wikisource.org/wiki/Sanskrit_Grammar_(Whitney)/Chapter_IX#733
420,aor_class,824,827,XI,https://en.wikisource.org/wiki/Sanskrit_Grammar_(Whitney)/Chapter_XI#824
420,aor_root,828,846,XI,https://en.wikisource.org/wiki/Sanskrit_Grammar_(Whitney)/Chapter_XI#828
421,present_a,733,750,IX,https://en.wikisource.org/wiki/Sanskrit_Grammar_(Whitney)/Chapter_IX#733
421,present_ya,759,767,IX,https://en.wikisource.org/wiki/Sanskrit_Grammar_(Whitney)/Chapter_IX#759
421,passive_present,768,774,IX,https://en.wikisource.org/wiki/Sanskrit_Grammar_(Whitney)/Chapter_IX#768
421,perfect,781,823,X,https://en.wikisource.org/wiki/Sanskrit_Grammar_(Whitney)/Chapter_X#781
421,aor_class,824,827,XI,https://en.wikisource.org/wiki/Sanskrit_Grammar_(Whitney)/Chapter_XI#824
421,aor_redup,856,873,XI,https://en.wikisource.org/wiki/Sanskrit_Grammar_(Whitney)/Chapter_XI#856
421,aor_is,898,911,XI,https://en.wikisource.org/wiki/Sanskrit_Grammar_(Whitney)/Chapter_XI#898
421,s_future,931,940,XII,https://en.wikisource.org/wiki/Sanskrit_Grammar_(Whitney)/Chapter_XII#931
421,periphrastic_future,942,949,XII,https://en.wikisource.org/wiki/Sanskrit_Grammar_(Whitney)/Chapter_XII#942
421,causative,1041,1052,XIV,https://en.wikisource.org/wiki/Sanskrit_Grammar_(Whitney)/Chapter_XIV#1041
421,desiderative,1026,1040,XIV,https://en.wikisource.org/wiki/Sanskrit_Grammar_(Whitney)/Chapter_XIV#1026
421,intensive,1000,1025,XIV,https://en.wikisource.org/wiki/Sanskrit_Grammar_(Whitney)/Chapter_XIV#1000
421,ppp,952,958,XIII,https://en.wikisource.org/wiki/Sanskrit_Grammar_(Whitney)/Chapter_XIII#952
421,gerund,989,994,XIII,https://en.wikisource.org/wiki/Sanskrit_Grammar_(Whitney)/Chapter_XIII#989
422,present_a,733,750,IX,https://en.wikisource.org/wiki/Sanskrit_Grammar_(Whitney)/Chapter_IX#733
422,passive_present,768,774,IX,https://en.wikisource.org/wiki/Sanskrit_Grammar_(Whitney)/Chapter_IX#768
422,perfect,781,823,X,https://en.wikisource.org/wiki/Sanskrit_Grammar_(Whitney)/Chapter_X#781
422,aor_class,824,827,XI,https://en.wikisource.org/wiki/Sanskrit_Grammar_(Whitney)/Chapter_XI#824
422,aor_is,898,911,XI,https://en.wikisource.org/wiki/Sanskrit_Grammar_(Whitney)/Chapter_XI#898
422,s_future,931,940,XII,https://en.wikisource.org/wiki/Sanskrit_Grammar_(Whitney)/Chapter_XII#931
422,periphrastic_future,942,949,XII,https://en.wikisource.org/wiki/Sanskrit_Grammar_(Whitney)/Chapter_XII#942
422,ppp,952,958,XIII,https://en.wikisource.org/wiki/Sanskrit_Grammar_(Whitney)/Chapter_XIII#952
422,infinitive,968,979,XIII,https://en.wikisource.org/wiki/Sanskrit_Grammar_(Whitney)/Chapter_XIII#968
422,gerund,989,994,XIII,https://en.wikisource.org/wiki/Sanskrit_Grammar_(Whitney)/Chapter_XIII#989
423,present_root,611,641,IX,https://en.wikisource.org/wiki/Sanskrit_Grammar_(Whitney)/Chapter_IX#611
423,perfect,781,823,X,https://en.wikisource.org/wiki/Sanskrit_Grammar_(Whitney)/Chapter_X#781
423,aor_class,824,827,XI,https://en.wikisource.org/wiki/Sanskrit_Grammar_(Whitney)/Chapter_XI#824
423,aor_is,898,911,XI,https://en.wikisource.org/wiki/Sanskrit_Grammar_(Whitney)/Chapter_XI#898
423,s_future,931,940,XII,https://en.wikisource.org/wiki/Sanskrit_Grammar_(Whitney)/Chapter_XII#931
423,periphrastic_future,942,949,XII,https://en.wikisource.org/wiki/Sanskrit_Grammar_(Whitney)/Chapter_XII#942
424,present_a,733,750,IX,https://en.wikisource.org/wiki/Sanskrit_Grammar_(Whitney)/Chapter_IX#733
424,perfect,781,823,X,https://en.wikisource.org/wiki/Sanskrit_Grammar_(Whitney)/Chapter_X#781
424,aor_class,824,827,XI,https://en.wikisource.org/wiki/Sanskrit_Grammar_(Whitney)/Chapter_XI#824
424,aor_is,898,911,XI,https://en.wikisource.org/wiki/Sanskrit_Grammar_(Whitney)/Chapter_XI#898
424,s_future,931,940,XII,https://en.wikisource.org/wiki/Sanskrit_Grammar_(Whitney)/Chapter_XII#931
424,periphrastic_future,942,949,XII,https://en.wikisource.org/wiki/Sanskrit_Grammar_(Whitney)/Chapter_XII#942
425,present_root,611,641,IX,https://en.wikisource.org/wiki/Sanskrit_Grammar_(Whitney)/Chapter_IX#611
425,present_redup,642,682,IX,https://en.wikisource.org/wiki/Sanskrit_Grammar_(Whitney)/Chapter_IX#642
425,passive_present,768,774,IX,https://en.wikisource.org/wiki/Sanskrit_Grammar_(Whitney)/Chapter_IX#768
425,perfect,781,823,X,https://en.wikisource.org/wiki/Sanskrit_Grammar_(Whitney)/Chapter_X#781
425,aor_class,824,827,XI,https://en.wikisource.org/wiki/Sanskrit_Grammar_(Whitney)/Chapter_XI#824
425,aor_a,847,855,XI,https://en.wikisource.org/wiki/Sanskrit_Grammar_(Whitney)/Chapter_XI#847
425,aor_redup,856,873,XI,https://en.wikisource.org/wiki/Sanskrit_Grammar_(Whitney)/Chapter_XI#856
425,aor_s,878,897,XI,https://en.wikisource.org/wiki/Sanskrit_Grammar_(Whitney)/Chapter_XI#878
425,s_future,931,940,XII,https://en.wikisource.org/wiki/Sanskrit_Grammar_(Whitney)/Chapter_XII#931
425,periphrastic_future,942,949,XII,https://en.wikisource.org/wiki/Sanskrit_Grammar_(Whitney)/Chapter_XII#942
425,causative,1041,1052,XIV,https://en.wikisource.org/wiki/Sanskrit_Grammar_(Whitney)/Chapter_XIV#1041
425,desiderative,1026,1040,XIV,https://en.wikisource.org/wiki/Sanskrit_Grammar_(Whitney)/Chapter_XIV#1026
425,intensive,1000,1025,XIV,https://en.wikisource.org/wiki/Sanskrit_Grammar_(Whitney)/Chapter_XIV#1000
425,ppp,952,958,XIII,https://en.wikisource.org/wiki/Sanskrit_Grammar_(Whitney)/Chapter_XIII#952
425,gerund,989,994,XIII,https://en.wikisource.org/wiki/Sanskrit_Grammar_(Whitney)/Chapter_XIII#989
426,present_a,733,750,IX,https://en.wikisource.org/wiki/Sanskrit_Grammar_(Whitney)/Chapter_IX#733
426,passive_present,768,774,IX,https://en.wikisource.org/wiki/Sanskrit_Grammar_(Whitney)/Chapter_IX#768
426,perfect,781,823,X,https://en.wikisource.org/wiki/Sanskrit_Grammar_(Whitney)/Chapter_X#781
426,aor_class,824,827,XI,https://en.wikisource.org/wiki/Sanskrit_Grammar_(Whitney)/Chapter_XI#824
426,aor_root,828,846,XI,https://en.wikisource.org/wiki/Sanskrit_Grammar_(Whitney)/Chapter_XI#828
426,aor_is,898,911,XI,https://en.wikisource.org/wiki/Sanskrit_Grammar_(Whitney)/Chapter_XI#898
426,s_future,931,940,XII,https://en.wikisource.org/wiki/Sanskrit_Grammar_(Whitney)/Chapter_XII#931
426,periphrastic_future,942,949,XII,https://en.wikisource.org/wiki/Sanskrit_Grammar_(Whitney)/Chapter_XII#942
426,desiderative,1026,1040,XIV,https://en.wikisource.org/wiki/Sanskrit_Grammar_(Whitney)/Chapter_XIV#1026
426,ppp,952,958,XIII,https://en.wikisource.org/wiki/Sanskrit_Grammar_(Whitney)/Chapter_XIII#952
426,gerund,989,994,XIII,https://en.wikisource.org/wiki/Sanskrit_Grammar_(Whitney)/Chapter_XIII#989
427,present_a,733,750,IX,https://en.wikisource.org/wiki/Sanskrit_Grammar_(Whitney)/Chapter_IX#733
427,present_root,611,641,IX,https://en.wikisource.org/wiki/Sanskrit_Grammar_(Whitney)/Chapter_IX#611
427,passive_present,768,774,IX,https://en.wikisource.org/wiki/Sanskrit_Grammar_(Whitney)/Chapter_IX#768
427,perfect,781,823,X,https://en.wikisource.org/wiki/Sanskrit_Grammar_(Whitney)/Chapter_X#781
427,aor_class,824,827,XI,https://en.wikisource.org/wiki/Sanskrit_Grammar_(Whitney)/Chapter_XI#824
427,aor_root,828,846,XI,https://en.wikisource.org/wiki/Sanskrit_Grammar_(Whitney)/Chapter_XI#828
427,aor_redup,856,873,XI,https://en.wikisource.org/wiki/Sanskrit_Grammar_(Whitney)/Chapter_XI#856
427,aor_s,878,897,XI,https://en.wikisource.org/wiki/Sanskrit_Grammar_(Whitney)/Chapter_XI#878
427,aor_is,898,911,XI,https://en.wikisource.org/wiki/Sanskrit_Grammar_(Whitney)/Chapter_XI#898
427,s_future,931,940,XII,https://en.wikisource.org/wiki/Sanskrit_Grammar_(Whitney)/Chapter_XII#931
427,periphrastic_future,942,949,XII,https://en.wikisource.org/wiki/Sanskrit_Grammar_(Whitney)/Chapter_XII#942
427,causative,1041,1052,XIV,https://en.wikisource.org/wiki/Sanskrit_Grammar_(Whitney)/Chapter_XIV#1041
427,desiderative,1026,1040,XIV,https://en.wikisource.org/wiki/Sanskrit_Grammar_(Whitney)/Chapter_XIV#1026
427,intensive,1000,1025,XIV,https://en.wikisource.org/wiki/Sanskrit_Grammar_(Whitney)/Chapter_XIV#1000
427,ppp,952,958,XIII,https://en.wikisource.org/wiki/Sanskrit_Grammar_(Whitney)/Chapter_XIII#952
427,infinitive,968,979,XIII,https://en.wikisource.org/wiki/Sanskrit_Grammar_(Whitney)/Chapter_XIII#968
427,gerund,989,994,XIII,https://en.wikisource.org/wiki/Sanskrit_Grammar_(Whitney)/Chapter_XIII#989
429,present_a,733,750,IX,https://en.wikisource.org/wiki/Sanskrit_Grammar_(Whitney)/Chapter_IX#733
429,present_root,611,641,IX,https://en.wikisource.org/wiki/Sanskrit_Grammar_(Whitney)/Chapter_IX#611
429,present_acc_a,751,758,IX,https://en.wikisource.org/wiki/Sanskrit_Grammar_(Whitney)/Chapter_IX#751
429,passive_present,768,774,IX,https://en.wikisource.org/wiki/Sanskrit_Grammar_(Whitney)/Chapter_IX#768
429,perfect,781,823,X,https://en.wikisource.org/wiki/Sanskrit_Grammar_(Whitney)/Chapter_X#781
429,aor_class,824,827,XI,https://en.wikisource.org/wiki/Sanskrit_Grammar_(Whitney)/Chapter_XI#824
429,aor_redup,856,873,XI,https://en.wikisource.org/wiki/Sanskrit_Grammar_(Whitney)/Chapter_XI#856
429,aor_s,878,897,XI,https://en.wikisource.org/wiki/Sanskrit_Grammar_(Whitney)/Chapter_XI#878
429,aor_is,898,911,XI,https://en.wikisource.org/wiki/Sanskrit_Grammar_(Whitney)/Chapter_XI#898
429,s_future,931,940,XII,https://en.wikisource.org/wiki/Sanskrit_Grammar_(Whitney)/Chapter_XII#931
429,periphrastic_future,942,949,XII,https://en.wikisource.org/wiki/Sanskrit_Grammar_(Whitney)/Chapter_XII#942
429,causative,1041,1052,XIV,https://en.wikisource.org/wiki/Sanskrit_Grammar_(Whitney)/Chapter_XIV#1041
429,desiderative,1026,1040,XIV,https://en.wikisource.org/wiki/Sanskrit_Grammar_(Whitney)/Chapter_XIV#1026
429,intensive,1000,1025,XIV,https://en.wikisource.org/wiki/Sanskrit_Grammar_(Whitney)/Chapter_XIV#1000
429,ppp,952,958,XIII,https://en.wikisource.org/wiki/Sanskrit_Grammar_(Whitney)/Chapter_XIII#952
429,infinitive,968,979,XIII,https://en.wikisource.org/wiki/Sanskrit_Grammar_(Whitney)/Chapter_XIII#968
429,gerund,989,994,XIII,https://en.wikisource.org/wiki/Sanskrit_Grammar_(Whitney)/Chapter_XIII#989
430,present_a,733,750,IX,https://en.wikisource.org/wiki/Sanskrit_Grammar_(Whitney)/Chapter_IX#733
430,present_root,611,641,IX,https://en.wikisource.org/wiki/Sanskrit_Grammar_(Whitney)/Chapter_IX#611
430,causative,1041,1052,XIV,https://en.wikisource.org/wiki/Sanskrit_Grammar_(Whitney)/Chapter_XIV#1041
431,present_acc_a,751,758,IX,https://en.wikisource.org/wiki/Sanskrit_Grammar_(Whitney)/Chapter_IX#751
431,perfect,781,823,X,https://en.wikisource.org/wiki/Sanskrit_Grammar_(Whitney)/Chapter_X#781
431,aor_class,824,827,XI,https://en.wikisource.org/wiki/Sanskrit_Grammar_(Whitney)/Chapter_XI#824
431,aor_root,828,846,XI,https://en.wikisource.org/wiki/Sanskrit_Grammar_(Whitney)/Chapter_XI#828
431,aor_redup,856,873,XI,https://en.wikisource.org/wiki/Sanskrit_Grammar_(Whitney)/Chapter_XI#856
431,aor_s,878,897,XI,https://en.wikisource.org/wiki/Sanskrit_Grammar_(Whitney)/Chapter_XI#878
431,aor_is,898,911,XI,https://en.wikisource.org/wiki/Sanskrit_Grammar_(Whitney)/Chapter_XI#898
431,s_future,931,940,XII,https://en.wikisource.org/wiki/Sanskrit_Grammar_(Whitney)/Chapter_XII#931
431,periphrastic_future,942,949,XII,https://en.wikisource.org/wiki/Sanskrit_Grammar_(Whitney)/Chapter_XII#942
431,causative,1041,1052,XIV,https://en.wikisource.org/wiki/Sanskrit_Grammar_(Whitney)/Chapter_XIV#1041
431,desiderative,1026,1040,XIV,https://en.wikisource.org/wiki/Sanskrit_Grammar_(Whitney)/Chapter_XIV#1026
431,intensive,1000,1025,XIV,https://en.wikisource.org/wiki/Sanskrit_Grammar_(Whitney)/Chapter_XIV#1000
431,ppp,952,958,XIII,https://en.wikisource.org/wiki/Sanskrit_Grammar_(Whitney)/Chapter_XIII#952
431,gerund,989,994,XIII,https://en.wikisource.org/wiki/Sanskrit_Grammar_(Whitney)/Chapter_XIII#989
433,present_ya,759,767,IX,https://en.wikisource.org/wiki/Sanskrit_Grammar_(Whitney)/Chapter_IX#759
433,passive_present,768,774,IX,https://en.wikisource.org/wiki/Sanskrit_Grammar_(Whitney)/Chapter_IX#768
433,perfect,781,823,X,https://en.wikisource.org/wiki/Sanskrit_Grammar_(Whitney)/Chapter_X#781
433,aor_class,824,827,XI,https://en.wikisource.org/wiki/Sanskrit_Grammar_(Whitney)/Chapter_XI#824
433,aor_root,828,846,XI,https://en.wikisource.org/wiki/Sanskrit_Grammar_(Whitney)/Chapter_XI#828
433,aor_a,847,855,XI,https://en.wikisource.org/wiki/Sanskrit_Grammar_(Whitney)/Chapter_XI#847
433,aor_redup,856,873,XI,https://en.wikisource.org/wiki/Sanskrit_Grammar_(Whitney)/Chapter_XI#856
433,aor_is,898,911,XI,https://en.wikisource.org/wiki/Sanskrit_Grammar_(Whitney)/Chapter_XI#898
433,s_future,931,940,XII,https://en.wikisource.org/wiki/Sanskrit_Grammar_(Whitney)/Chapter_XII#931
433,periphrastic_future,942,949,XII,https://en.wikisource.org/wiki/Sanskrit_Grammar_(Whitney)/Chapter_XII#942
433,causative,1041,1052,XIV,https://en.wikisource.org/wiki/Sanskrit_Grammar_(Whitney)/Chapter_XIV#1041
433,desiderative,1026,1040,XIV,https://en.wikisource.org/wiki/Sanskrit_Grammar_(Whitney)/Chapter_XIV#1026
433,intensive,1000,1025,XIV,https://en.wikisource.org/wiki/Sanskrit_Grammar_(Whitney)/Chapter_XIV#1000
433,ppp,952,958,XIII,https://en.wikisource.org/wiki/Sanskrit_Grammar_(Whitney)/Chapter_XIII#952
433,infinitive,968,979,XIII,https://en.wikisource.org/wiki/Sanskrit_Grammar_(Whitney)/Chapter_XIII#968
433,gerund,989,994,XIII,https://en.wikisource.org/wiki/Sanskrit_Grammar_(Whitney)/Chapter_XIII#989
434,present_a,733,750,IX,https://en.wikisource.org/wiki/Sanskrit_Grammar_(Whitney)/Chapter_IX#733
434,perfect,781,823,X,https://en.wikisource.org/wiki/Sanskrit_Grammar_(Whitney)/Chapter_X#781
434,aor_class,824,827,XI,https://en.wikisource.org/wiki/Sanskrit_Grammar_(Whitney)/Chapter_XI#824
434,aor_is,898,911,XI,https://en.wikisource.org/wiki/Sanskrit_Grammar_(Whitney)/Chapter_XI#898
434,s_future,931,940,XII,https://en.wikisource.org/wiki/Sanskrit_Grammar_(Whitney)/Chapter_XII#931
434,periphrastic_future,942,949,XII,https://en.wikisource.org/wiki/Sanskrit_Grammar_(Whitney)/Chapter_XII#942
435,present_a,733,750,IX,https://en.wikisource.org/wiki/Sanskrit_Grammar_(Whitney)/Chapter_IX#733
435,present_ya,759,767,IX,https://en.wikisource.org/wiki/Sanskrit_Grammar_(Whitney)/Chapter_IX#759
435,passive_present,768,774,IX,https://en.wikisource.org/wiki/Sanskrit_Grammar_(Whitney)/Chapter_IX#768
435,perfect,781,823,X,https://en.wikisource.org/wiki/Sanskrit_Grammar_(Whitney)/Chapter_X#781
435,aor_class,824,827,XI,https://en.wikisource.org/wiki/Sanskrit_Grammar_(Whitney)/Chapter_XI#824
435,aor_root,828,846,XI,https://en.wikisource.org/wiki/Sanskrit_Grammar_(Whitney)/Chapter_XI#828
435,aor_redup,856,873,XI,https://en.wikisource.org/wiki/Sanskrit_Grammar_(Whitney)/Chapter_XI#856
435,aor_s,878,897,XI,https://en.wikisource.org/wiki/Sanskrit_Grammar_(Whitney)/Chapter_XI#878
435,s_future,931,940,XII,https://en.wikisource.org/wiki/Sanskrit_Grammar_(Whitney)/Chapter_XII#931
435,periphrastic_future,942,949,XII,https://en.wikisource.org/wiki/Sanskrit_Grammar_(Whitney)/Chapter_XII#942
435,causative,1041,1052,XIV,https://en.wikisource.org/wiki/Sanskrit_Grammar_(Whitney)/Chapter_XIV#1041
435,desiderative,1026,1040,XIV,https://en.wikisource.org/wiki/Sanskrit_Grammar_(Whitney)/Chapter_XIV#1026
435,intensive,1000,1025,XIV,https://en.wikisource.org/wiki/Sanskrit_Grammar_(Whitney)/Chapter_XIV#1000
435,gerund,989,994,XIII,https://en.wikisource.org/wiki/Sanskrit_Grammar_(Whitney)/Chapter_XIII#989
436,present_a,733,750,IX,https://en.wikisource.org/wiki/Sanskrit_Grammar_(Whitney)/Chapter_IX#733
437,present_a,733,750,IX,https://en.wikisource.org/wiki/Sanskrit_Grammar_(Whitney)/Chapter_IX#733
437,causative,1041,1052,XIV,https://en.wikisource.org/wiki/Sanskrit_Grammar_(Whitney)/Chapter_XIV#1041
438,present_a,733,750,IX,https://en.wikisource.org/wiki/Sanskrit_Grammar_(Whitney)/Chapter_IX#733
438,passive_present,768,774,IX,https://en.wikisource.org/wiki/Sanskrit_Grammar_(Whitney)/Chapter_IX#768
438,perfect,781,823,X,https://en.wikisource.org/wiki/Sanskrit_Grammar_(Whitney)/Chapter_X#781
438,aor_class,824,827,XI,https://en.wikisource.org/wiki/Sanskrit_Grammar_(Whitney)/Chapter_XI#824
438,aor_redup,856,873,XI,https://en.wikisource.org/wiki/Sanskrit_Grammar_(Whitney)/Chapter_XI#856
438,aor_is,898,911,XI,https://en.wikisource.org/wiki/Sanskrit_Grammar_(Whitney)/Chapter_XI#898
438,s_future,931,940,XII,https://en.wikisource.org/wiki/Sanskrit_Grammar_(Whitney)/Chapter_XII#931
438,periphrastic_future,942,949,XII,https://en.wikisource.org/wiki/Sanskrit_Grammar_(Whitney)/Chapter_XII#942
438,causative,1041,1052,XIV,https://en.wikisource.org/wiki/Sanskrit_Grammar_(Whitney)/Chapter_XIV#1041
438,desiderative,1026,1040,XIV,https://en.wikisource.org/wiki/Sanskrit_Grammar_(Whitney)/Chapter_XIV#1026
438,intensive,1000,1025,XIV,https://en.wikisource.org/wiki/Sanskrit_Grammar_(Whitney)/Chapter_XIV#1000
438,ppp,952,958,XIII,https://en.wikisource.org/wiki/Sanskrit_Grammar_(Whitney)/Chapter_XIII#952
438,gerund,989,994,XIII,https://en.wikisource.org/wiki/Sanskrit_Grammar_(Whitney)/Chapter_XIII#989
439,present_a,733,750,IX,https://en.wikisource.org/wiki/Sanskrit_Grammar_(Whitney)/Chapter_IX#733
439,passive_present,768,774,IX,https://en.wikisource.org/wiki/Sanskrit_Grammar_(Whitney)/Chapter_IX#768
439,perfect,781,823,X,https://en.wikisource.org/wiki/Sanskrit_Grammar_(Whitney)/Chapter_X#781
439,aor_class,824,827,XI,https://en.wikisource.org/wiki/Sanskrit_Grammar_(Whitney)/Chapter_XI#824
439,aor_redup,856,873,XI,https://en.wikisource.org/wiki/Sanskrit_Grammar_(Whitney)/Chapter_XI#856
439,aor_is,898,911,XI,https://en.wikisource.org/wiki/Sanskrit_Grammar_(Whitney)/Chapter_XI#898
439,s_future,931,940,XII,https://en.wikisource.org/wiki/Sanskrit_Grammar_(Whitney)/Chapter_XII#931
439,periphrastic_future,942,949,XII,https://en.wikisource.org/wiki/Sanskrit_Grammar_(Whitney)/Chapter_XII#942
439,causative,1041,1052,XIV,https://en.wikisource.org/wiki/Sanskrit_Grammar_(Whitney)/Chapter_XIV#1041
439,desiderative,1026,1040,XIV,https://en.wikisource.org/wiki/Sanskrit_Grammar_(Whitney)/Chapter_XIV#1026
439,intensive,1000,1025,XIV,https://en.wikisource.org/wiki/Sanskrit_Grammar_(Whitney)/Chapter_XIV#1000
439,ppp,952,958,XIII,https://en.wikisource.org/wiki/Sanskrit_Grammar_(Whitney)/Chapter_XIII#952
439,gerund,989,994,XIII,https://en.wikisource.org/wiki/Sanskrit_Grammar_(Whitney)/Chapter_XIII#989
440,present_a,733,750,IX,https://en.wikisource.org/wiki/Sanskrit_Grammar_(Whitney)/Chapter_IX#733
440,perfect,781,823,X,https://en.wikisource.org/wiki/Sanskrit_Grammar_(Whitney)/Chapter_X#781
440,aor_class,824,827,XI,https://en.wikisource.org/wiki/Sanskrit_Grammar_(Whitney)/Chapter_XI#824
440,aor_root,828,846,XI,https://en.wikisource.org/wiki/Sanskrit_Grammar_(Whitney)/Chapter_XI#828
440,aor_redup,856,873,XI,https://en.wikisource.org/wiki/Sanskrit_Grammar_(Whitney)/Chapter_XI#856
440,s_future,931,940,XII,https://en.wikisource.org/wiki/Sanskrit_Grammar_(Whitney)/Chapter_XII#931
440,periphrastic_future,942,949,XII,https://en.wikisource.org/wiki/Sanskrit_Grammar_(Whitney)/Chapter_XII#942
440,causative,1041,1052,XIV,https://en.wikisource.org/wiki/Sanskrit_Grammar_(Whitney)/Chapter_XIV#1041
440,desiderative,1026,1040,XIV,https://en.wikisource.org/wiki/Sanskrit_Grammar_(Whitney)/Chapter_XIV#1026
440,intensive,1000,1025,XIV,https://en.wikisource.org/wiki/Sanskrit_Grammar_(Whitney)/Chapter_XIV#1000
440,ppp,952,958,XIII,https://en.wikisource.org/wiki/Sanskrit_Grammar_(Whitney)/Chapter_XIII#952
440,infinitive,968,979,XIII,https://en.wikisource.org/wiki/Sanskrit_Grammar_(Whitney)/Chapter_XIII#968
440,gerund,989,994,XIII,https://en.wikisource.org/wiki/Sanskrit_Grammar_(Whitney)/Chapter_XIII#989
441,present_ya,759,767,IX,https://en.wikisource.org/wiki/Sanskrit_Grammar_(Whitney)/Chapter_IX#759
442,present_a,733,750,IX,https://en.wikisource.org/wiki/Sanskrit_Grammar_(Whitney)/Chapter_IX#733
442,perfect,781,823,X,https://en.wikisource.org/wiki/Sanskrit_Grammar_(Whitney)/Chapter_X#781
442,aor_class,824,827,XI,https://en.wikisource.org/wiki/Sanskrit_Grammar_(Whitney)/Chapter_XI#824
442,aor_is,898,911,XI,https://en.wikisource.org/wiki/Sanskrit_Grammar_(Whitney)/Chapter_XI#898
442,s_future,931,940,XII,https://en.wikisource.org/wiki/Sanskrit_Grammar_(Whitney)/Chapter_XII#931
442,periphrastic_future,942,949,XII,https://en.wikisource.org/wiki/Sanskrit_Grammar_(Whitney)/Chapter_XII#942
442,causative,1041,1052,XIV,https://en.wikisource.org/wiki/Sanskrit_Grammar_(Whitney)/Chapter_XIV#1041
443,present_root,611,641,IX,https://en.wikisource.org/wiki/Sanskrit_Grammar_(Whitney)/Chapter_IX#611
443,present_ya,759,767,IX,https://en.wikisource.org/wiki/Sanskrit_Grammar_(Whitney)/Chapter_IX#759
443,perfect,781,823,X,https://en.wikisource.org/wiki/Sanskrit_Grammar_(Whitney)/Chapter_X#781
443,aor_class,824,827,XI,https://en.wikisource.org/wiki/Sanskrit_Grammar_(Whitney)/Chapter_XI#824
443,aor_root,828,846,XI,https://en.wikisource.org/wiki/Sanskrit_Grammar_(Whitney)/Chapter_XI#828
443,aor_redup,856,873,XI,https://en.wikisource.org/wiki/Sanskrit_Grammar_(Whitney)/Chapter_XI#856
443,aor_s,878,897,XI,https://en.wikisource.org/wiki/Sanskrit_Grammar_(Whitney)/Chapter_XI#878
443,s_future,931,940,XII,https://en.wikisource.org/wiki/Sanskrit_Grammar_(Whitney)/Chapter_XII#931
443,periphrastic_future,942,949,XII,https://en.wikisource.org/wiki/Sanskrit_Grammar_(Whitney)/Chapter_XII#942
443,causative,1041,1052,XIV,https://en.wikisource.org/wiki/Sanskrit_Grammar_(Whitney)/Chapter_XIV#1041
443,desiderative,1026,1040,XIV,https://en.wikisource.org/wiki/Sanskrit_Grammar_(Whitney)/Chapter_XIV#1026
443,intensive,1000,1025,XIV,https://en.wikisource.org/wiki/Sanskrit_Grammar_(Whitney)/Chapter_XIV#1000
443,ppp,952,958,XIII,https://en.wikisource.org/wiki/Sanskrit_Grammar_(Whitney)/Chapter_XIII#952
443,infinitive,968,979,XIII,https://en.wikisource.org/wiki/Sanskrit_Grammar_(Whitney)/Chapter_XIII#968
443,gerund,989,994,XIII,https://en.wikisource.org/wiki/Sanskrit_Grammar_(Whitney)/Chapter_XIII#989
444,present_a,733,750,IX,https://en.wikisource.org/wiki/Sanskrit_Grammar_(Whitney)/Chapter_IX#733
444,passive_present,768,774,IX,https://en.wikisource.org/wiki/Sanskrit_Grammar_(Whitney)/Chapter_IX#768
444,perfect,781,823,X,https://en.wikisource.org/wiki/Sanskrit_Grammar_(Whitney)/Chapter_X#781
444,aor_class,824,827,XI,https://en.wikisource.org/wiki/Sanskrit_Grammar_(Whitney)/Chapter_XI#824
444,aor_is,898,911,XI,https://en.wikisource.org/wiki/Sanskrit_Grammar_(Whitney)/Chapter_XI#898
444,causative,1041,1052,XIV,https://en.wikisource.org/wiki/Sanskrit_Grammar_(Whitney)/Chapter_XIV#1041
444,intensive,1000,1025,XIV,https://en.wikisource.org/wiki/Sanskrit_Grammar_(Whitney)/Chapter_XIV#1000
444,ppp,952,958,XIII,https://en.wikisource.org/wiki/Sanskrit_Grammar_(Whitney)/Chapter_XIII#952
445,present_a,733,750,IX,https://en.wikisource.org/wiki/Sanskrit_Grammar_(Whitney)/Chapter_IX#733
446,present_ya,759,767,IX,https://en.wikisource.org/wiki/Sanskrit_Grammar_(Whitney)/Chapter_IX#759
446,perfect,781,823,X,https://en.wikisource.org/wiki/Sanskrit_Grammar_(Whitney)/Chapter_X#781
446,aor_class,824,827,XI,https://en.wikisource.org/wiki/Sanskrit_Grammar_(Whitney)/Chapter_XI#824
446,aor_root,828,846,XI,https://en.wikisource.org/wiki/Sanskrit_Grammar_(Whitney)/Chapter_XI#828
446,causative,1041,1052,XIV,https://en.wikisource.org/wiki/Sanskrit_Grammar_(Whitney)/Chapter_XIV#1041
446,ppp,952,958,XIII,https://en.wikisource.org/wiki/Sanskrit_Grammar_(Whitney)/Chapter_XIII#952
448,present_a,733,750,IX,https://en.wikisource.org/wiki/Sanskrit_Grammar_(Whitney)/Chapter_IX#733
448,present_root,611,641,IX,https://en.wikisource.org/wiki/Sanskrit_Grammar_(Whitney)/Chapter_IX#611
448,present_redup,642,682,IX,https://en.wikisource.org/wiki/Sanskrit_Grammar_(Whitney)/Chapter_IX#642
448,passive_present,768,774,IX,https://en.wikisource.org/wiki/Sanskrit_Grammar_(Whitney)/Chapter_IX#768
448,perfect,781,823,X,https://en.wikisource.org/wiki/Sanskrit_Grammar_(Whitney)/Chapter_X#781
448,aor_class,824,827,XI,https://en.wikisource.org/wiki/Sanskrit_Grammar_(Whitney)/Chapter_XI#824
448,aor_root,828,846,XI,https://en.wikisource.org/wiki/Sanskrit_Grammar_(Whitney)/Chapter_XI#828
448,aor_redup,856,873,XI,https://en.wikisource.org/wiki/Sanskrit_Grammar_(Whitney)/Chapter_XI#856
448,aor_s,878,897,XI,https://en.wikisource.org/wiki/Sanskrit_Grammar_(Whitney)/Chapter_XI#878
448,s_future,931,940,XII,https://en.wikisource.org/wiki/Sanskrit_Grammar_(Whitney)/Chapter_XII#931
448,periphrastic_future,942,949,XII,https://en.wikisource.org/wiki/Sanskrit_Grammar_(Whitney)/Chapter_XII#942
448,causative,1041,1052,XIV,https://en.wikisource.org/wiki/Sanskrit_Grammar_(Whitney)/Chapter_XIV#1041
448,desiderative,1026,1040,XIV,https://en.wikisource.org/wiki/Sanskrit_Grammar_(Whitney)/Chapter_XIV#1026
448,intensive,1000,1025,XIV,https://en.wikisource.org/wiki/Sanskrit_Grammar_(Whitney)/Chapter_XIV#1000
448,ppp,952,958,XIII,https://en.wikisource.org/wiki/Sanskrit_Grammar_(Whitney)/Chapter_XIII#952
448,infinitive,968,979,XIII,https://en.wikisource.org/wiki/Sanskrit_Grammar_(Whitney)/Chapter_XIII#968
448,gerund,989,994,XIII,https://en.wikisource.org/wiki/Sanskrit_Grammar_(Whitney)/Chapter_XIII#989
449,present_root,611,641,IX,https://en.wikisource.org/wiki/Sanskrit_Grammar_(Whitney)/Chapter_IX#611
449,passive_present,768,774,IX,https://en.wikisource.org/wiki/Sanskrit_Grammar_(Whitney)/Chapter_IX#768
449,perfect,781,823,X,https://en.wikisource.org/wiki/Sanskrit_Grammar_(Whitney)/Chapter_X#781
449,aor_class,824,827,XI,https://en.wikisource.org/wiki/Sanskrit_Grammar_(Whitney)/Chapter_XI#824
449,aor_s,878,897,XI,https://en.wikisource.org/wiki/Sanskrit_Grammar_(Whitney)/Chapter_XI#878
449,aor_sis,912,915,XI,https://en.wikisource.org/wiki/Sanskrit_Grammar_(Whitney)/Chapter_XI#912
449,s_future,931,940,XII,https://en.wikisource.org/wiki/Sanskrit_Grammar_(Whitney)/Chapter_XII#931
449,periphrastic_future,942,949,XII,https://en.wikisource.org/wiki/Sanskrit_Grammar_(Whitney)/Chapter_XII#942
449,causative,1041,1052,XIV,https://en.wikisource.org/wiki/Sanskrit_Grammar_(Whitney)/Chapter_XIV#1041
449,desiderative,1026,1040,XIV,https://en.wikisource.org/wiki/Sanskrit_Grammar_(Whitney)/Chapter_XIV#1026
449,intensive,1000,1025,XIV,https://en.wikisource.org/wiki/Sanskrit_Grammar_(Whitney)/Chapter_XIV#1000
451,present_a,733,750,IX,https://en.wikisource.org/wiki/Sanskrit_Grammar_(Whitney)/Chapter_IX#733
452,present_a,733,750,IX,https://en.wikisource.org/wiki/Sanskrit_Grammar_(Whitney)/Chapter_IX#733
452,present_nu_u,697,716,IX,https://en.wikisource.org/wiki/Sanskrit_Grammar_(Whitney)/Chapter_IX#697
452,perfect,781,823,X,https://en.wikisource.org/wiki/Sanskrit_Grammar_(Whitney)/Chapter_X#781
453,present_a,733,750,IX,https://en.wikisource.org/wiki/Sanskrit_Grammar_(Whitney)/Chapter_IX#733
453,perfect,781,823,X,https://en.wikisource.org/wiki/Sanskrit_Grammar_(Whitney)/Chapter_X#781
453,aor_class,824,827,XI,https://en.wikisource.org/wiki/Sanskrit_Grammar_(Whitney)/Chapter_XI#824
453,aor_is,898,911,XI,https://en.wikisource.org/wiki/Sanskrit_Grammar_(Whitney)/Chapter_XI#898
453,s_future,931,940,XII,https://en.wikisource.org/wiki/Sanskrit_Grammar_(Whitney)/Chapter_XII#931
453,periphrastic_future,942,949,XII,https://en.wikisource.org/wiki/Sanskrit_Grammar_(Whitney)/Chapter_XII#942
453,causative,1041,1052,XIV,https://en.wikisource.org/wiki/Sanskrit_Grammar_(Whitney)/Chapter_XIV#1041
454,present_a,733,750,IX,https://en.wikisource.org/wiki/Sanskrit_Grammar_(Whitney)/Chapter_IX#733
455,present_acc_a,751,758,IX,https://en.wikisource.org/wiki/Sanskrit_Grammar_(Whitney)/Chapter_IX#751
455,passive_present,768,774,IX,https://en.wikisource.org/wiki/Sanskrit_Grammar_(Whitney)/Chapter_IX#768
455,perfect,781,823,X,https://en.wikisource.org/wiki/Sanskrit_Grammar_(Whitney)/Chapter_X#781
455,aor_class,824,827,XI,https://en.wikisource.org/wiki/Sanskrit_Grammar_(Whitney)/Chapter_XI#824
455,aor_root,828,846,XI,https://en.wikisource.org/wiki/Sanskrit_Grammar_(Whitney)/Chapter_XI#828
455,aor_redup,856,873,XI,https://en.wikisource.org/wiki/Sanskrit_Grammar_(Whitney)/Chapter_XI#856
455,aor_is,898,911,XI,https://en.wikisource.org/wiki/Sanskrit_Grammar_(Whitney)/Chapter_XI#898
455,s_future,931,940,XII,https://en.wikisource.org/wiki/Sanskrit_Grammar_(Whitney)/Chapter_XII#931
455,periphrastic_future,942,949,XII,https://en.wikisource.org/wiki/Sanskrit_Grammar_(Whitney)/Chapter_XII#942
455,causative,1041,1052,XIV,https://en.wikisource.org/wiki/Sanskrit_Grammar_(Whitney)/Chapter_XIV#1041
455,desiderative,1026,1040,XIV,https://en.wikisource.org/wiki/Sanskrit_Grammar_(Whitney)/Chapter_XIV#1026
455,intensive,1000,1025,XIV,https://en.wikisource.org/wiki/Sanskrit_Grammar_(Whitney)/Chapter_XIV#1000
455,ppp,952,958,XIII,https://en.wikisource.org/wiki/Sanskrit_Grammar_(Whitney)/Chapter_XIII#952
456,present_acc_a,751,758,IX,https://en.wikisource.org/wiki/Sanskrit_Grammar_(Whitney)/Chapter_IX#751
456,present_nasal,683,696,IX,https://en.wikisource.org/wiki/Sanskrit_Grammar_(Whitney)/Chapter_IX#683
456,passive_present,768,774,IX,https://en.wikisource.org/wiki/Sanskrit_Grammar_(Whitney)/Chapter_IX#768
456,perfect,781,823,X,https://en.wikisource.org/wiki/Sanskrit_Grammar_(Whitney)/Chapter_X#781
456,aor_class,824,827,XI,https://en.wikisource.org/wiki/Sanskrit_Grammar_(Whitney)/Chapter_XI#824
456,aor_root,828,846,XI,https://en.wikisource.org/wiki/Sanskrit_Grammar_(Whitney)/Chapter_XI#828
456,aor_redup,856,873,XI,https://en.wikisource.org/wiki/Sanskrit_Grammar_(Whitney)/Chapter_XI#856
456,s_future,931,940,XII,https://en.wikisource.org/wiki/Sanskrit_Grammar_(Whitney)/Chapter_XII#931
456,periphrastic_future,942,949,XII,https://en.wikisource.org/wiki/Sanskrit_Grammar_(Whitney)/Chapter_XII#942
456,causative,1041,1052,XIV,https://en.wikisource.org/wiki/Sanskrit_Grammar_(Whitney)/Chapter_XIV#1041
456,desiderative,1026,1040,XIV,https://en.wikisource.org/wiki/Sanskrit_Grammar_(Whitney)/Chapter_XIV#1026
456,intensive,1000,1025,XIV,https://en.wikisource.org/wiki/Sanskrit_Grammar_(Whitney)/Chapter_XIV#1000
456,ppp,952,958,XIII,https://en.wikisource.org/wiki/Sanskrit_Grammar_(Whitney)/Chapter_XIII#952
456,infinitive,968,979,XIII,https://en.wikisource.org/wiki/Sanskrit_Grammar_(Whitney)/Chapter_XIII#968
456,gerund,989,994,XIII,https://en.wikisource.org/wiki/Sanskrit_Grammar_(Whitney)/Chapter_XIII#989
457,present_ya,759,767,IX,https://en.wikisource.org/wiki/Sanskrit_Grammar_(Whitney)/Chapter_IX#759
457,perfect,781,823,X,https://en.wikisource.org/wiki/Sanskrit_Grammar_(Whitney)/Chapter_X#781
460,perfect,781,823,X,https://en.wikisource.org/wiki/Sanskrit_Grammar_(Whitney)/Chapter_X#781
460,causative,1041,1052,XIV,https://en.wikisource.org/wiki/Sanskrit_Grammar_(Whitney)/Chapter_XIV#1041
461,present_a,733,750,IX,https://en.wikisource.org/wiki/Sanskrit_Grammar_(Whitney)/Chapter_IX#733
462,present_acc_a,751,758,IX,https://en.wikisource.org/wiki/Sanskrit_Grammar_(Whitney)/Chapter_IX#751
462,passive_present,768,774,IX,https://en.wikisource.org/wiki/Sanskrit_Grammar_(Whitney)/Chapter_IX#768
462,perfect,781,823,X,https://en.wikisource.org/wiki/Sanskrit_Grammar_(Whitney)/Chapter_X#781
462,aor_class,824,827,XI,https://en.wikisource.org/wiki/Sanskrit_Grammar_(Whitney)/Chapter_XI#824
462,aor_is,898,911,XI,https://en.wikisource.org/wiki/Sanskrit_Grammar_(Whitney)/Chapter_XI#898
462,s_future,931,940,XII,https://en.wikisource.org/wiki/Sanskrit_Grammar_(Whitney)/Chapter_XII#931
462,periphrastic_future,942,949,XII,https://en.wikisource.org/wiki/Sanskrit_Grammar_(Whitney)/Chapter_XII#942
462,causative,1041,1052,XIV,https://en.wikisource.org/wiki/Sanskrit_Grammar_(Whitney)/Chapter_XIV#1041
463,perfect,781,823,X,https://en.wikisource.org/wiki/Sanskrit_Grammar_(Whitney)/Chapter_X#781
463,aor_class,824,827,XI,https://en.wikisource.org/wiki/Sanskrit_Grammar_(Whitney)/Chapter_XI#824
463,aor_is,898,911,XI,https://en.wikisource.org/wiki/Sanskrit_Grammar_(Whitney)/Chapter_XI#898
463,s_future,931,940,XII,https://en.wikisource.org/wiki/Sanskrit_Grammar_(Whitney)/Chapter_XII#931
463,periphrastic_future,942,949,XII,https://en.wikisource.org/wiki/Sanskrit_Grammar_(Whitney)/Chapter_XII#942
463,causative,1041,1052,XIV,https://en.wikisource.org/wiki/Sanskrit_Grammar_(Whitney)/Chapter_XIV#1041
464,present_a,733,750,IX,https://en.wikisource.org/wiki/Sanskrit_Grammar_(Whitney)/Chapter_IX#733
464,present_ya,759,767,IX,https://en.wikisource.org/wiki/Sanskrit_Grammar_(Whitney)/Chapter_IX#759
464,present_na,717,732,IX,https://en.wikisource.org/wiki/Sanskrit_Grammar_(Whitney)/Chapter_IX#717
464,passive_present,768,774,IX,https://en.wikisource.org/wiki/Sanskrit_Grammar_(Whitney)/Chapter_IX#768
464,perfect,781,823,X,https://en.wikisource.org/wiki/Sanskrit_Grammar_(Whitney)/Chapter_X#781
464,aor_class,824,827,XI,https://en.wikisource.org/wiki/Sanskrit_Grammar_(Whitney)/Chapter_XI#824
464,aor_root,828,846,XI,https://en.wikisource.org/wiki/Sanskrit_Grammar_(Whitney)/Chapter_XI#828
464,aor_a,847,855,XI,https://en.wikisource.org/wiki/Sanskrit_Grammar_(Whitney)/Chapter_XI#847
464,aor_redup,856,873,XI,https://en.wikisource.org/wiki/Sanskrit_Grammar_(Whitney)/Chapter_XI#856
464,aor_is,898,911,XI,https://en.wikisource.org/wiki/Sanskrit_Grammar_(Whitney)/Chapter_XI#898
464,s_future,931,940,XII,https://en.wikisource.org/wiki/Sanskrit_Grammar_(Whitney)/Chapter_XII#931
464,periphrastic_future,942,949,XII,https://en.wikisource.org/wiki/Sanskrit_Grammar_(Whitney)/Chapter_XII#942
464,causative,1041,1052,XIV,https://en.wikisource.org/wiki/Sanskrit_Grammar_(Whitney)/Chapter_XIV#1041
464,desiderative,1026,1040,XIV,https://en.wikisource.org/wiki/Sanskrit_Grammar_(Whitney)/Chapter_XIV#1026
464,intensive,1000,1025,XIV,https://en.wikisource.org/wiki/Sanskrit_Grammar_(Whitney)/Chapter_XIV#1000
465,present_a,733,750,IX,https://en.wikisource.org/wiki/Sanskrit_Grammar_(Whitney)/Chapter_IX#733
465,present_na,717,732,IX,https://en.wikisource.org/wiki/Sanskrit_Grammar_(Whitney)/Chapter_IX#717
465,passive_present,768,774,IX,https://en.wikisource.org/wiki/Sanskrit_Grammar_(Whitney)/Chapter_IX#768
465,perfect,781,823,X,https://en.wikisource.org/wiki/Sanskrit_Grammar_(Whitney)/Chapter_X#781
465,aor_class,824,827,XI,https://en.wikisource.org/wiki/Sanskrit_Grammar_(Whitney)/Chapter_XI#824
465,aor_redup,856,873,XI,https://en.wikisource.org/wiki/Sanskrit_Grammar_(Whitney)/Chapter_XI#856
465,aor_is,898,911,XI,https://en.wikisource.org/wiki/Sanskrit_Grammar_(Whitney)/Chapter_XI#898
465,s_future,931,940,XII,https://en.wikisource.org/wiki/Sanskrit_Grammar_(Whitney)/Chapter_XII#931
465,periphrastic_future,942,949,XII,https://en.wikisource.org/wiki/Sanskrit_Grammar_(Whitney)/Chapter_XII#942
465,causative,1041,1052,XIV,https://en.wikisource.org/wiki/Sanskrit_Grammar_(Whitney)/Chapter_XIV#1041
465,desiderative,1026,1040,XIV,https://en.wikisource.org/wiki/Sanskrit_Grammar_(Whitney)/Chapter_XIV#1026
465,intensive,1000,1025,XIV,https://en.wikisource.org/wiki/Sanskrit_Grammar_(Whitney)/Chapter_XIV#1000
465,ppp,952,958,XIII,https://en.wikisource.org/wiki/Sanskrit_Grammar_(Whitney)/Chapter_XIII#952
465,infinitive,968,979,XIII,https://en.wikisource.org/wiki/Sanskrit_Grammar_(Whitney)/Chapter_XIII#968
465,gerund,989,994,XIII,https://en.wikisource.org/wiki/Sanskrit_Grammar_(Whitney)/Chapter_XIII#989
466,present_a,733,750,IX,https://en.wikisource.org/wiki/Sanskrit_Grammar_(Whitney)/Chapter_IX#733
466,perfect,781,823,X,https://en.wikisource.org/wiki/Sanskrit_Grammar_(Whitney)/Chapter_X#781
466,aor_class,824,827,XI,https://en.wikisource.org/wiki/Sanskrit_Grammar_(Whitney)/Chapter_XI#824
466,causative,1041,1052,XIV,https://en.wikisource.org/wiki/Sanskrit_Grammar_(Whitney)/Chapter_XIV#1041
467,present_a,733,750,IX,https://en.wikisource.org/wiki/Sanskrit_Grammar_(Whitney)/Chapter_IX#733
467,passive_present,768,774,IX,https://en.wikisource.org/wiki/Sanskrit_Grammar_(Whitney)/Chapter_IX#768
467,perfect,781,823,X,https://en.wikisource.org/wiki/Sanskrit_Grammar_(Whitney)/Chapter_X#781
467,aor_class,824,827,XI,https://en.wikisource.org/wiki/Sanskrit_Grammar_(Whitney)/Chapter_XI#824
467,aor_redup,856,873,XI,https://en.wikisource.org/wiki/Sanskrit_Grammar_(Whitney)/Chapter_XI#856
467,aor_is,898,911,XI,https://en.wikisource.org/wiki/Sanskrit_Grammar_(Whitney)/Chapter_XI#898
467,s_future,931,940,XII,https://en.wikisource.org/wiki/Sanskrit_Grammar_(Whitney)/Chapter_XII#931
467,periphrastic_future,942,949,XII,https://en.wikisource.org/wiki/Sanskrit_Grammar_(Whitney)/Chapter_XII#942
467,causative,1041,1052,XIV,https://en.wikisource.org/wiki/Sanskrit_Grammar_(Whitney)/Chapter_XIV#1041
467,desiderative,1026,1040,XIV,https://en.wikisource.org/wiki/Sanskrit_Grammar_(Whitney)/Chapter_XIV#1026
467,intensive,1000,1025,XIV,https://en.wikisource.org/wiki/Sanskrit_Grammar_(Whitney)/Chapter_XIV#1000
469,present_redup,642,682,IX,https://en.wikisource.org/wiki/Sanskrit_Grammar_(Whitney)/Chapter_IX#642
469,present_ya,759,767,IX,https://en.wikisource.org/wiki/Sanskrit_Grammar_(Whitney)/Chapter_IX#759
469,present_nu_u,697,716,IX,https://en.wikisource.org/wiki/Sanskrit_Grammar_(Whitney)/Chapter_IX#697
469,present_acc_a,751,758,IX,https://en.wikisource.org/wiki/Sanskrit_Grammar_(Whitney)/Chapter_IX#751
469,present_na,717,732,IX,https://en.wikisource.org/wiki/Sanskrit_Grammar_(Whitney)/Chapter_IX#717
469,passive_present,768,774,IX,https://en.wikisource.org/wiki/Sanskrit_Grammar_(Whitney)/Chapter_IX#768
469,perfect,781,823,X,https://en.wikisource.org/wiki/Sanskrit_Grammar_(Whitney)/Chapter_X#781
469,aor_class,824,827,XI,https://en.wikisource.org/wiki/Sanskrit_Grammar_(Whitney)/Chapter_XI#824
469,aor_root,828,846,XI,https://en.wikisource.org/wiki/Sanskrit_Grammar_(Whitney)/Chapter_XI#828
469,aor_redup,856,873,XI,https://en.wikisource.org/wiki/Sanskrit_Grammar_(Whitney)/Chapter_XI#856
469,aor_is,898,911,XI,https://en.wikisource.org/wiki/Sanskrit_Grammar_(Whitney)/Chapter_XI#898
469,s_future,931,940,XII,https://en.wikisource.org/wiki/Sanskrit_Grammar_(Whitney)/Chapter_XII#931
469,periphrastic_future,942,949,XII,https://en.wikisource.org/wiki/Sanskrit_Grammar_(Whitney)/Chapter_XII#942
469,causative,1041,1052,XIV,https://en.wikisource.org/wiki/Sanskrit_Grammar_(Whitney)/Chapter_XIV#1041
469,desiderative,1026,1040,XIV,https://en.wikisource.org/wiki/Sanskrit_Grammar_(Whitney)/Chapter_XIV#1026
469,intensive,1000,1025,XIV,https://en.wikisource.org/wiki/Sanskrit_Grammar_(Whitney)/Chapter_XIV#1000
469,ppp,952,958,XIII,https://en.wikisource.org/wiki/Sanskrit_Grammar_(Whitney)/Chapter_XIII#952
469,infinitive,968,979,XIII,https://en.wikisource.org/wiki/Sanskrit_Grammar_(Whitney)/Chapter_XIII#968
469,gerund,989,994,XIII,https://en.wikisource.org/wiki/Sanskrit_Grammar_(Whitney)/Chapter_XIII#989
470,present_a,733,750,IX,https://en.wikisource.org/wiki/Sanskrit_Grammar_(Whitney)/Chapter_IX#733
470,present_root,611,641,IX,https://en.wikisource.org/wiki/Sanskrit_Grammar_(Whitney)/Chapter_IX#611
470,present_redup,642,682,IX,https://en.wikisource.org/wiki/Sanskrit_Grammar_(Whitney)/Chapter_IX#642
470,aor_class,824,827,XI,https://en.wikisource.org/wiki/Sanskrit_Grammar_(Whitney)/Chapter_XI#824
470,aor_redup,856,873,XI,https://en.wikisource.org/wiki/Sanskrit_Grammar_(Whitney)/Chapter_XI#856
470,aor_s,878,897,XI,https://en.wikisource.org/wiki/Sanskrit_Grammar_(Whitney)/Chapter_XI#878
470,aor_is,898,911,XI,https://en.wikisource.org/wiki/Sanskrit_Grammar_(Whitney)/Chapter_XI#898
470,causative,1041,1052,XIV,https://en.wikisource.org/wiki/Sanskrit_Grammar_(Whitney)/Chapter_XIV#1041
471,present_nu_u,697,716,IX,https://en.wikisource.org/wiki/Sanskrit_Grammar_(Whitney)/Chapter_IX#697
471,passive_present,768,774,IX,https://en.wikisource.org/wiki/Sanskrit_Grammar_(Whitney)/Chapter_IX#768
471,causative,1041,1052,XIV,https://en.wikisource.org/wiki/Sanskrit_Grammar_(Whitney)/Chapter_XIV#1041
471,ppp,952,958,XIII,https://en.wikisource.org/wiki/Sanskrit_Grammar_(Whitney)/Chapter_XIII#952
472,present_a,733,750,IX,https://en.wikisource.org/wiki/Sanskrit_Grammar_(Whitney)/Chapter_IX#733
472,present_redup,642,682,IX,https://en.wikisource.org/wiki/Sanskrit_Grammar_(Whitney)/Chapter_IX#642
472,present_nasal,683,696,IX,https://en.wikisource.org/wiki/Sanskrit_Grammar_(Whitney)/Chapter_IX#683
472,passive_present,768,774,IX,https://en.wikisource.org/wiki/Sanskrit_Grammar_(Whitney)/Chapter_IX#768
472,perfect,781,823,X,https://en.wikisource.org/wiki/Sanskrit_Grammar_(Whitney)/Chapter_X#781
472,aor_class,824,827,XI,https://en.wikisource.org/wiki/Sanskrit_Grammar_(Whitney)/Chapter_XI#824
472,aor_root,828,846,XI,https://en.wikisource.org/wiki/Sanskrit_Grammar_(Whitney)/Chapter_XI#828
472,aor_s,878,897,XI,https://en.wikisource.org/wiki/Sanskrit_Grammar_(Whitney)/Chapter_XI#878
472,aor_is,898,911,XI,https://en.wikisource.org/wiki/Sanskrit_Grammar_(Whitney)/Chapter_XI#898
472,s_future,931,940,XII,https://en.wikisource.org/wiki/Sanskrit_Grammar_(Whitney)/Chapter_XII#931
472,periphrastic_future,942,949,XII,https://en.wikisource.org/wiki/Sanskrit_Grammar_(Whitney)/Chapter_XII#942
472,causative,1041,1052,XIV,https://en.wikisource.org/wiki/Sanskrit_Grammar_(Whitney)/Chapter_XIV#1041
472,desiderative,1026,1040,XIV,https://en.wikisource.org/wiki/Sanskrit_Grammar_(Whitney)/Chapter_XIV#1026
472,intensive,1000,1025,XIV,https://en.wikisource.org/wiki/Sanskrit_Grammar_(Whitney)/Chapter_XIV#1000
472,ppp,952,958,XIII,https://en.wikisource.org/wiki/Sanskrit_Grammar_(Whitney)/Chapter_XIII#952
476,present_ya,759,767,IX,https://en.wikisource.org/wiki/Sanskrit_Grammar_(Whitney)/Chapter_IX#759
476,perfect,781,823,X,https://en.wikisource.org/wiki/Sanskrit_Grammar_(Whitney)/Chapter_X#781
476,aor_class,824,827,XI,https://en.wikisource.org/wiki/Sanskrit_Grammar_(Whitney)/Chapter_XI#824
476,aor_root,828,846,XI,https://en.wikisource.org/wiki/Sanskrit_Grammar_(Whitney)/Chapter_XI#828
476,aor_is,898,911,XI,https://en.wikisource.org/wiki/Sanskrit_Grammar_(Whitney)/Chapter_XI#898
476,aor_sis,912,915,XI,https://en.wikisource.org/wiki/Sanskrit_Grammar_(Whitney)/Chapter_XI#912
476,s_future,931,940,XII,https://en.wikisource.org/wiki/Sanskrit_Grammar_(Whitney)/Chapter_XII#931
476,periphrastic_future,942,949,XII,https://en.wikisource.org/wiki/Sanskrit_Grammar_(Whitney)/Chapter_XII#942
476,causative,1041,1052,XIV,https://en.wikisource.org/wiki/Sanskrit_Grammar_(Whitney)/Chapter_XIV#1041
476,ppp,952,958,XIII,https://en.wikisource.org/wiki/Sanskrit_Grammar_(Whitney)/Chapter_XIII#952
477,present_acc_a,751,758,IX,https://en.wikisource.org/wiki/Sanskrit_Grammar_(Whitney)/Chapter_IX#751
477,passive_present,768,774,IX,https://en.wikisource.org/wiki/Sanskrit_Grammar_(Whitney)/Chapter_IX#768
477,perfect,781,823,X,https://en.wikisource.org/wiki/Sanskrit_Grammar_(Whitney)/Chapter_X#781
477,aor_class,824,827,XI,https://en.wikisource.org/wiki/Sanskrit_Grammar_(Whitney)/Chapter_XI#824
477,aor_redup,856,873,XI,https://en.wikisource.org/wiki/Sanskrit_Grammar_(Whitney)/Chapter_XI#856
477,aor_s,878,897,XI,https://en.wikisource.org/wiki/Sanskrit_Grammar_(Whitney)/Chapter_XI#878
477,s_future,931,940,XII,https://en.wikisource.org/wiki/Sanskrit_Grammar_(Whitney)/Chapter_XII#931
477,periphrastic_future,942,949,XII,https://en.wikisource.org/wiki/Sanskrit_Grammar_(Whitney)/Chapter_XII#942
477,causative,1041,1052,XIV,https://en.wikisource.org/wiki/Sanskrit_Grammar_(Whitney)/Chapter_XIV#1041
477,desiderative,1026,1040,XIV,https://en.wikisource.org/wiki/Sanskrit_Grammar_(Whitney)/Chapter_XIV#1026
477,intensive,1000,1025,XIV,https://en.wikisource.org/wiki/Sanskrit_Grammar_(Whitney)/Chapter_XIV#1000
477,ppp,952,958,XIII,https://en.wikisource.org/wiki/Sanskrit_Grammar_(Whitney)/Chapter_XIII#952
477,infinitive,968,979,XIII,https://en.wikisource.org/wiki/Sanskrit_Grammar_(Whitney)/Chapter_XIII#968
477,gerund,989,994,XIII,https://en.wikisource.org/wiki/Sanskrit_Grammar_(Whitney)/Chapter_XIII#989
478,present_a,733,750,IX,https://en.wikisource.org/wiki/Sanskrit_Grammar_(Whitney)/Chapter_IX#733
478,perfect,781,823,X,https://en.wikisource.org/wiki/Sanskrit_Grammar_(Whitney)/Chapter_X#781
478,aor_class,824,827,XI,https://en.wikisource.org/wiki/Sanskrit_Grammar_(Whitney)/Chapter_XI#824
478,aor_root,828,846,XI,https://en.wikisource.org/wiki/Sanskrit_Grammar_(Whitney)/Chapter_XI#828
478,aor_redup,856,873,XI,https://en.wikisource.org/wiki/Sanskrit_Grammar_(Whitney)/Chapter_XI#856
478,aor_is,898,911,XI,https://en.wikisource.org/wiki/Sanskrit_Grammar_(Whitney)/Chapter_XI#898
478,s_future,931,940,XII,https://en.wikisource.org/wiki/Sanskrit_Grammar_(Whitney)/Chapter_XII#931
478,periphrastic_future,942,949,XII,https://en.wikisource.org/wiki/Sanskrit_Grammar_(Whitney)/Chapter_XII#942
478,causative,1041,1052,XIV,https://en.wikisource.org/wiki/Sanskrit_Grammar_(Whitney)/Chapter_XIV#1041
478,ppp,952,958,XIII,https://en.wikisource.org/wiki/Sanskrit_Grammar_(Whitney)/Chapter_XIII#952
479,present_root,611,641,IX,https://en.wikisource.org/wiki/Sanskrit_Grammar_(Whitney)/Chapter_IX#611
479,perfect,781,823,X,https://en.wikisource.org/wiki/Sanskrit_Grammar_(Whitney)/Chapter_X#781
479,aor_class,824,827,XI,https://en.wikisource.org/wiki/Sanskrit_Grammar_(Whitney)/Chapter_XI#824
479,aor_root,828,846,XI,https://en.wikisource.org/wiki/Sanskrit_Grammar_(Whitney)/Chapter_XI#828
479,aor_s,878,897,XI,https://en.wikisource.org/wiki/Sanskrit_Grammar_(Whitney)/Chapter_XI#878
479,ppp,952,958,XIII,https://en.wikisource.org/wiki/Sanskrit_Grammar_(Whitney)/Chapter_XIII#952
480,present_ya,759,767,IX,https://en.wikisource.org/wiki/Sanskrit_Grammar_(Whitney)/Chapter_IX#759
480,present_na,717,732,IX,https://en.wikisource.org/wiki/Sanskrit_Grammar_(Whitney)/Chapter_IX#717
480,perfect,781,823,X,https://en.wikisource.org/wiki/Sanskrit_Grammar_(Whitney)/Chapter_X#781
480,aor_class,824,827,XI,https://en.wikisource.org/wiki/Sanskrit_Grammar_(Whitney)/Chapter_XI#824
480,aor_root,828,846,XI,https://en.wikisource.org/wiki/Sanskrit_Grammar_(Whitney)/Chapter_XI#828
480,aor_s,878,897,XI,https://en.wikisource.org/wiki/Sanskrit_Grammar_(Whitney)/Chapter_XI#878
480,s_future,931,940,XII,https://en.wikisource.org/wiki/Sanskrit_Grammar_(Whitney)/Chapter_XII#931
480,periphrastic_future,942,949,XII,https://en.wikisource.org/wiki/Sanskrit_Grammar_(Whitney)/Chapter_XII#942
480,causative,1041,1052,XIV,https://en.wikisource.org/wiki/Sanskrit_Grammar_(Whitney)/Chapter_XIV#1041
480,desiderative,1026,1040,XIV,https://en.wikisource.org/wiki/Sanskrit_Grammar_(Whitney)/Chapter_XIV#1026
480,intensive,1000,1025,XIV,https://en.wikisource.org/wiki/Sanskrit_Grammar_(Whitney)/Chapter_XIV#1000
480,ppp,952,958,XIII,https://en.wikisource.org/wiki/Sanskrit_Grammar_(Whitney)/Chapter_XIII#952
480,gerund,989,994,XIII,https://en.wikisource.org/wiki/Sanskrit_Grammar_(Whitney)/Chapter_XIII#989
481,present_a,733,750,IX,https://en.wikisource.org/wiki/Sanskrit_Grammar_(Whitney)/Chapter_IX#733
481,perfect,781,823,X,https://en.wikisource.org/wiki/Sanskrit_Grammar_(Whitney)/Chapter_X#781
481,aor_class,824,827,XI,https://en.wikisource.org/wiki/Sanskrit_Grammar_(Whitney)/Chapter_XI#824
481,aor_s,878,897,XI,https://en.wikisource.org/wiki/Sanskrit_Grammar_(Whitney)/Chapter_XI#878
482,present_a,733,750,IX,https://en.wikisource.org/wiki/Sanskrit_Grammar_(Whitney)/Chapter_IX#733
482,perfect,781,823,X,https://en.wikisource.org/wiki/Sanskrit_Grammar_(Whitney)/Chapter_X#781
482,aor_class,824,827,XI,https://en.wikisource.org/wiki/Sanskrit_Grammar_(Whitney)/Chapter_XI#824
482,aor_is,898,911,XI,https://en.wikisource.org/wiki/Sanskrit_Grammar_(Whitney)/Chapter_XI#898
482,s_future,931,940,XII,https://en.wikisource.org/wiki/Sanskrit_Grammar_(Whitney)/Chapter_XII#931
482,periphrastic_future,942,949,XII,https://en.wikisource.org/wiki/Sanskrit_Grammar_(Whitney)/Chapter_XII#942
482,causative,1041,1052,XIV,https://en.wikisource.org/wiki/Sanskrit_Grammar_(Whitney)/Chapter_XIV#1041
482,intensive,1000,1025,XIV,https://en.wikisource.org/wiki/Sanskrit_Grammar_(Whitney)/Chapter_XIV#1000
483,present_ya,759,767,IX,https://en.wikisource.org/wiki/Sanskrit_Grammar_(Whitney)/Chapter_IX#759
483,present_nu_u,697,716,IX,https://en.wikisource.org/wiki/Sanskrit_Grammar_(Whitney)/Chapter_IX#697
483,present_acc_a,751,758,IX,https://en.wikisource.org/wiki/Sanskrit_Grammar_(Whitney)/Chapter_IX#751
483,present_na,717,732,IX,https://en.wikisource.org/wiki/Sanskrit_Grammar_(Whitney)/Chapter_IX#717
483,perfect,781,823,X,https://en.wikisource.org/wiki/Sanskrit_Grammar_(Whitney)/Chapter_X#781
483,aor_class,824,827,XI,https://en.wikisource.org/wiki/Sanskrit_Grammar_(Whitney)/Chapter_XI#824
483,aor_is,898,911,XI,https://en.wikisource.org/wiki/Sanskrit_Grammar_(Whitney)/Chapter_XI#898
483,s_future,931,940,XII,https://en.wikisource.org/wiki/Sanskrit_Grammar_(Whitney)/Chapter_XII#931
483,periphrastic_future,942,949,XII,https://en.wikisource.org/wiki/Sanskrit_Grammar_(Whitney)/Chapter_XII#942
485,present_a,733,750,IX,https://en.wikisource.org/wiki/Sanskrit_Grammar_(Whitney)/Chapter_IX#733
485,perfect,781,823,X,https://en.wikisource.org/wiki/Sanskrit_Grammar_(Whitney)/Chapter_X#781
485,aor_class,824,827,XI,https://en.wikisource.org/wiki/Sanskrit_Grammar_(Whitney)/Chapter_XI#824
485,aor_redup,856,873,XI,https://en.wikisource.org/wiki/Sanskrit_Grammar_(Whitney)/Chapter_XI#856
485,aor_s,878,897,XI,https://en.wikisource.org/wiki/Sanskrit_Grammar_(Whitney)/Chapter_XI#878
485,s_future,931,940,XII,https://en.wikisource.org/wiki/Sanskrit_Grammar_(Whitney)/Chapter_XII#931
485,causative,1041,1052,XIV,https://en.wikisource.org/wiki/Sanskrit_Grammar_(Whitney)/Chapter_XIV#1041
485,desiderative,1026,1040,XIV,https://en.wikisource.org/wiki/Sanskrit_Grammar_(Whitney)/Chapter_XIV#1026
485,intensive,1000,1025,XIV,https://en.wikisource.org/wiki/Sanskrit_Grammar_(Whitney)/Chapter_XIV#1000
485,ppp,952,958,XIII,https://en.wikisource.org/wiki/Sanskrit_Grammar_(Whitney)/Chapter_XIII#952
485,gerund,989,994,XIII,https://en.wikisource.org/wiki/Sanskrit_Grammar_(Whitney)/Chapter_XIII#989
486,present_a,733,750,IX,https://en.wikisource.org/wiki/Sanskrit_Grammar_(Whitney)/Chapter_IX#733
486,passive_present,768,774,IX,https://en.wikisource.org/wiki/Sanskrit_Grammar_(Whitney)/Chapter_IX#768
486,perfect,781,823,X,https://en.wikisource.org/wiki/Sanskrit_Grammar_(Whitney)/Chapter_X#781
486,aor_class,824,827,XI,https://en.wikisource.org/wiki/Sanskrit_Grammar_(Whitney)/Chapter_XI#824
486,aor_is,898,911,XI,https://en.wikisource.org/wiki/Sanskrit_Grammar_(Whitney)/Chapter_XI#898
486,s_future,931,940,XII,https://en.wikisource.org/wiki/Sanskrit_Grammar_(Whitney)/Chapter_XII#931
486,periphrastic_future,942,949,XII,https://en.wikisource.org/wiki/Sanskrit_Grammar_(Whitney)/Chapter_XII#942
486,ppp,952,958,XIII,https://en.wikisource.org/wiki/Sanskrit_Grammar_(Whitney)/Chapter_XIII#952
487,present_root,611,641,IX,https://en.wikisource.org/wiki/Sanskrit_Grammar_(Whitney)/Chapter_IX#611
487,passive_present,768,774,IX,https://en.wikisource.org/wiki/Sanskrit_Grammar_(Whitney)/Chapter_IX#768
487,perfect,781,823,X,https://en.wikisource.org/wiki/Sanskrit_Grammar_(Whitney)/Chapter_X#781
487,aor_class,824,827,XI,https://en.wikisource.org/wiki/Sanskrit_Grammar_(Whitney)/Chapter_XI#824
487,aor_is,898,911,XI,https://en.wikisource.org/wiki/Sanskrit_Grammar_(Whitney)/Chapter_XI#898
487,s_future,931,940,XII,https://en.wikisource.org/wiki/Sanskrit_Grammar_(Whitney)/Chapter_XII#931
487,periphrastic_future,942,949,XII,https://en.wikisource.org/wiki/Sanskrit_Grammar_(Whitney)/Chapter_XII#942
487,causative,1041,1052,XIV,https://en.wikisource.org/wiki/Sanskrit_Grammar_(Whitney)/Chapter_XIV#1041
487,desiderative,1026,1040,XIV,https://en.wikisource.org/wiki/Sanskrit_Grammar_(Whitney)/Chapter_XIV#1026
487,intensive,1000,1025,XIV,https://en.wikisource.org/wiki/Sanskrit_Grammar_(Whitney)/Chapter_XIV#1000
488,present_a,733,750,IX,https://en.wikisource.org/wiki/Sanskrit_Grammar_(Whitney)/Chapter_IX#733
488,passive_present,768,774,IX,https://en.wikisource.org/wiki/Sanskrit_Grammar_(Whitney)/Chapter_IX#768
488,perfect,781,823,X,https://en.wikisource.org/wiki/Sanskrit_Grammar_(Whitney)/Chapter_X#781
488,aor_class,824,827,XI,https://en.wikisource.org/wiki/Sanskrit_Grammar_(Whitney)/Chapter_XI#824
488,aor_redup,856,873,XI,https://en.wikisource.org/wiki/Sanskrit_Grammar_(Whitney)/Chapter_XI#856
488,aor_is,898,911,XI,https://en.wikisource.org/wiki/Sanskrit_Grammar_(Whitney)/Chapter_XI#898
488,s_future,931,940,XII,https://en.wikisource.org/wiki/Sanskrit_Grammar_(Whitney)/Chapter_XII#931
488,periphrastic_future,942,949,XII,https://en.wikisource.org/wiki/Sanskrit_Grammar_(Whitney)/Chapter_XII#942
488,causative,1041,1052,XIV,https://en.wikisource.org/wiki/Sanskrit_Grammar_(Whitney)/Chapter_XIV#1041
488,desiderative,1026,1040,XIV,https://en.wikisource.org/wiki/Sanskrit_Grammar_(Whitney)/Chapter_XIV#1026
488,intensive,1000,1025,XIV,https://en.wikisource.org/wiki/Sanskrit_Grammar_(Whitney)/Chapter_XIV#1000
489,present_a,733,750,IX,https://en.wikisource.org/wiki/Sanskrit_Grammar_(Whitney)/Chapter_IX#733
489,perfect,781,823,X,https://en.wikisource.org/wiki/Sanskrit_Grammar_(Whitney)/Chapter_X#781
489,aor_class,824,827,XI,https://en.wikisource.org/wiki/Sanskrit_Grammar_(Whitney)/Chapter_XI#824
489,aor_is,898,911,XI,https://en.wikisource.org/wiki/Sanskrit_Grammar_(Whitney)/Chapter_XI#898
489,s_future,931,940,XII,https://en.wikisource.org/wiki/Sanskrit_Grammar_(Whitney)/Chapter_XII#931
489,periphrastic_future,942,949,XII,https://en.wikisource.org/wiki/Sanskrit_Grammar_(Whitney)/Chapter_XII#942
489,causative,1041,1052,XIV,https://en.wikisource.org/wiki/Sanskrit_Grammar_(Whitney)/Chapter_XIV#1041
489,desiderative,1026,1040,XIV,https://en.wikisource.org/wiki/Sanskrit_Grammar_(Whitney)/Chapter_XIV#1026
489,intensive,1000,1025,XIV,https://en.wikisource.org/wiki/Sanskrit_Grammar_(Whitney)/Chapter_XIV#1000
490,intensive,1000,1025,XIV,https://en.wikisource.org/wiki/Sanskrit_Grammar_(Whitney)/Chapter_XIV#1000
491,present_a,733,750,IX,https://en.wikisource.org/wiki/Sanskrit_Grammar_(Whitney)/Chapter_IX#733
491,perfect,781,823,X,https://en.wikisource.org/wiki/Sanskrit_Grammar_(Whitney)/Chapter_X#781
491,aor_class,824,827,XI,https://en.wikisource.org/wiki/Sanskrit_Grammar_(Whitney)/Chapter_XI#824
491,aor_redup,856,873,XI,https://en.wikisource.org/wiki/Sanskrit_Grammar_(Whitney)/Chapter_XI#856
491,aor_is,898,911,XI,https://en.wikisource.org/wiki/Sanskrit_Grammar_(Whitney)/Chapter_XI#898
491,s_future,931,940,XII,https://en.wikisource.org/wiki/Sanskrit_Grammar_(Whitney)/Chapter_XII#931
491,periphrastic_future,942,949,XII,https://en.wikisource.org/wiki/Sanskrit_Grammar_(Whitney)/Chapter_XII#942
491,causative,1041,1052,XIV,https://en.wikisource.org/wiki/Sanskrit_Grammar_(Whitney)/Chapter_XIV#1041
491,desiderative,1026,1040,XIV,https://en.wikisource.org/wiki/Sanskrit_Grammar_(Whitney)/Chapter_XIV#1026
491,intensive,1000,1025,XIV,https://en.wikisource.org/wiki/Sanskrit_Grammar_(Whitney)/Chapter_XIV#1000
491,ppp,952,958,XIII,https://en.wikisource.org/wiki/Sanskrit_Grammar_(Whitney)/Chapter_XIII#952
492,present_a,733,750,IX,https://en.wikisource.org/wiki/Sanskrit_Grammar_(Whitney)/Chapter_IX#733
492,perfect,781,823,X,https://en.wikisource.org/wiki/Sanskrit_Grammar_(Whitney)/Chapter_X#781
492,s_future,931,940,XII,https://en.wikisource.org/wiki/Sanskrit_Grammar_(Whitney)/Chapter_XII#931
492,ppp,952,958,XIII,https://en.wikisource.org/wiki/Sanskrit_Grammar_(Whitney)/Chapter_XIII#952
493,present_a,733,750,IX,https://en.wikisource.org/wiki/Sanskrit_Grammar_(Whitney)/Chapter_IX#733
493,perfect,781,823,X,https://en.wikisource.org/wiki/Sanskrit_Grammar_(Whitney)/Chapter_X#781
493,aor_class,824,827,XI,https://en.wikisource.org/wiki/Sanskrit_Grammar_(Whitney)/Chapter_XI#824
493,aor_is,898,911,XI,https://en.wikisource.org/wiki/Sanskrit_Grammar_(Whitney)/Chapter_XI#898
493,s_future,931,940,XII,https://en.wikisource.org/wiki/Sanskrit_Grammar_(Whitney)/Chapter_XII#931
493,periphrastic_future,942,949,XII,https://en.wikisource.org/wiki/Sanskrit_Grammar_(Whitney)/Chapter_XII#942
493,causative,1041,1052,XIV,https://en.wikisource.org/wiki/Sanskrit_Grammar_(Whitney)/Chapter_XIV#1041
494,present_a,733,750,IX,https://en.wikisource.org/wiki/Sanskrit_Grammar_(Whitney)/Chapter_IX#733
494,present_na,717,732,IX,https://en.wikisource.org/wiki/Sanskrit_Grammar_(Whitney)/Chapter_IX#717
494,passive_present,768,774,IX,https://en.wikisource.org/wiki/Sanskrit_Grammar_(Whitney)/Chapter_IX#768
494,perfect,781,823,X,https://en.wikisource.org/wiki/Sanskrit_Grammar_(Whitney)/Chapter_X#781
494,aor_class,824,827,XI,https://en.wikisource.org/wiki/Sanskrit_Grammar_(Whitney)/Chapter_XI#824
494,aor_redup,856,873,XI,https://en.wikisource.org/wiki/Sanskrit_Grammar_(Whitney)/Chapter_XI#856
494,aor_is,898,911,XI,https://en.wikisource.org/wiki/Sanskrit_Grammar_(Whitney)/Chapter_XI#898
494,s_future,931,940,XII,https://en.wikisource.org/wiki/Sanskrit_Grammar_(Whitney)/Chapter_XII#931
494,periphrastic_future,942,949,XII,https://en.wikisource.org/wiki/Sanskrit_Grammar_(Whitney)/Chapter_XII#942
494,causative,1041,1052,XIV,https://en.wikisource.org/wiki/Sanskrit_Grammar_(Whitney)/Chapter_XIV#1041
494,desiderative,1026,1040,XIV,https://en.wikisource.org/wiki/Sanskrit_Grammar_(Whitney)/Chapter_XIV#1026
494,intensive,1000,1025,XIV,https://en.wikisource.org/wiki/Sanskrit_Grammar_(Whitney)/Chapter_XIV#1000
494,ppp,952,958,XIII,https://en.wikisource.org/wiki/Sanskrit_Grammar_(Whitney)/Chapter_XIII#952
494,infinitive,968,979,XIII,https://en.wikisource.org/wiki/Sanskrit_Grammar_(Whitney)/Chapter_XIII#968
494,gerund,989,994,XIII,https://en.wikisource.org/wiki/Sanskrit_Grammar_(Whitney)/Chapter_XIII#989
495,intensive,1000,1025,XIV,https://en.wikisource.org/wiki/Sanskrit_Grammar_(Whitney)/Chapter_XIV#1000
496,present_a,733,750,IX,https://en.wikisource.org/wiki/Sanskrit_Grammar_(Whitney)/Chapter_IX#733
496,passive_present,768,774,IX,https://en.wikisource.org/wiki/Sanskrit_Grammar_(Whitney)/Chapter_IX#768
496,perfect,781,823,X,https://en.wikisource.org/wiki/Sanskrit_Grammar_(Whitney)/Chapter_X#781
496,aor_class,824,827,XI,https://en.wikisource.org/wiki/Sanskrit_Grammar_(Whitney)/Chapter_XI#824
496,aor_redup,856,873,XI,https://en.wikisource.org/wiki/Sanskrit_Grammar_(Whitney)/Chapter_XI#856
496,aor_is,898,911,XI,https://en.wikisource.org/wiki/Sanskrit_Grammar_(Whitney)/Chapter_XI#898
496,s_future,931,940,XII,https://en.wikisource.org/wiki/Sanskrit_Grammar_(Whitney)/Chapter_XII#931
496,periphrastic_future,942,949,XII,https://en.wikisource.org/wiki/Sanskrit_Grammar_(Whitney)/Chapter_XII#942
496,causative,1041,1052,XIV,https://en.wikisource.org/wiki/Sanskrit_Grammar_(Whitney)/Chapter_XIV#1041
496,desiderative,1026,1040,XIV,https://en.wikisource.org/wiki/Sanskrit_Grammar_(Whitney)/Chapter_XIV#1026
496,intensive,1000,1025,XIV,https://en.wikisource.org/wiki/Sanskrit_Grammar_(Whitney)/Chapter_XIV#1000
496,ppp,952,958,XIII,https://en.wikisource.org/wiki/Sanskrit_Grammar_(Whitney)/Chapter_XIII#952
496,infinitive,968,979,XIII,https://en.wikisource.org/wiki/Sanskrit_Grammar_(Whitney)/Chapter_XIII#968
496,gerund,989,994,XIII,https://en.wikisource.org/wiki/Sanskrit_Grammar_(Whitney)/Chapter_XIII#989
497,present_a,733,750,IX,https://en.wikisource.org/wiki/Sanskrit_Grammar_(Whitney)/Chapter_IX#733
497,present_ya,759,767,IX,https://en.wikisource.org/wiki/Sanskrit_Grammar_(Whitney)/Chapter_IX#759
497,passive_present,768,774,IX,https://en.wikisource.org/wiki/Sanskrit_Grammar_(Whitney)/Chapter_IX#768
497,perfect,781,823,X,https://en.wikisource.org/wiki/Sanskrit_Grammar_(Whitney)/Chapter_X#781
497,aor_class,824,827,XI,https://en.wikisource.org/wiki/Sanskrit_Grammar_(Whitney)/Chapter_XI#824
497,aor_root,828,846,XI,https://en.wikisource.org/wiki/Sanskrit_Grammar_(Whitney)/Chapter_XI#828
497,aor_a,847,855,XI,https://en.wikisource.org/wiki/Sanskrit_Grammar_(Whitney)/Chapter_XI#847
497,aor_redup,856,873,XI,https://en.wikisource.org/wiki/Sanskrit_Grammar_(Whitney)/Chapter_XI#856
497,aor_s,878,897,XI,https://en.wikisource.org/wiki/Sanskrit_Grammar_(Whitney)/Chapter_XI#878
497,aor_is,898,911,XI,https://en.wikisource.org/wiki/Sanskrit_Grammar_(Whitney)/Chapter_XI#898
497,s_future,931,940,XII,https://en.wikisource.org/wiki/Sanskrit_Grammar_(Whitney)/Chapter_XII#931
497,periphrastic_future,942,949,XII,https://en.wikisource.org/wiki/Sanskrit_Grammar_(Whitney)/Chapter_XII#942
497,causative,1041,1052,XIV,https://en.wikisource.org/wiki/Sanskrit_Grammar_(Whitney)/Chapter_XIV#1041
497,desiderative,1026,1040,XIV,https://en.wikisource.org/wiki/Sanskrit_Grammar_(Whitney)/Chapter_XIV#1026
497,intensive,1000,1025,XIV,https://en.wikisource.org/wiki/Sanskrit_Grammar_(Whitney)/Chapter_XIV#1000
497,ppp,952,958,XIII,https://en.wikisource.org/wiki/Sanskrit_Grammar_(Whitney)/Chapter_XIII#952
497,infinitive,968,979,XIII,https://en.wikisource.org/wiki/Sanskrit_Grammar_(Whitney)/Chapter_XIII#968
497,gerund,989,994,XIII,https://en.wikisource.org/wiki/Sanskrit_Grammar_(Whitney)/Chapter_XIII#989
498,causative,1041,1052,XIV,https://en.wikisource.org/wiki/Sanskrit_Grammar_(Whitney)/Chapter_XIV#1041
500,present_a,733,750,IX,https://en.wikisource.org/wiki/Sanskrit_Grammar_(Whitney)/Chapter_IX#733
500,present_acc_a,751,758,IX,https://en.wikisource.org/wiki/Sanskrit_Grammar_(Whitney)/Chapter_IX#751
500,perfect,781,823,X,https://en.wikisource.org/wiki/Sanskrit_Grammar_(Whitney)/Chapter_X#781
500,causative,1041,1052,XIV,https://en.wikisource.org/wiki/Sanskrit_Grammar_(Whitney)/Chapter_XIV#1041
500,intensive,1000,1025,XIV,https://en.wikisource.org/wiki/Sanskrit_Grammar_(Whitney)/Chapter_XIV#1000
500,ppp,952,958,XIII,https://en.wikisource.org/wiki/Sanskrit_Grammar_(Whitney)/Chapter_XIII#952
502,present_root,611,641,IX,https://en.wikisource.org/wiki/Sanskrit_Grammar_(Whitney)/Chapter_IX#611
502,present_acc_a,751,758,IX,https://en.wikisource.org/wiki/Sanskrit_Grammar_(Whitney)/Chapter_IX#751
502,aor_class,824,827,XI,https://en.wikisource.org/wiki/Sanskrit_Grammar_(Whitney)/Chapter_XI#824
502,aor_root,828,846,XI,https://en.wikisource.org/wiki/Sanskrit_Grammar_(Whitney)/Chapter_XI#828
504,present_a,733,750,IX,https://en.wikisource.org/wiki/Sanskrit_Grammar_(Whitney)/Chapter_IX#733
504,aor_class,824,827,XI,https://en.wikisource.org/wiki/Sanskrit_Grammar_(Whitney)/Chapter_XI#824
504,aor_root,828,846,XI,https://en.wikisource.org/wiki/Sanskrit_Grammar_(Whitney)/Chapter_XI#828
504,aor_redup,856,873,XI,https://en.wikisource.org/wiki/Sanskrit_Grammar_(Whitney)/Chapter_XI#856
504,causative,1041,1052,XIV,https://en.wikisource.org/wiki/Sanskrit_Grammar_(Whitney)/Chapter_XIV#1041
504,desiderative,1026,1040,XIV,https://en.wikisource.org/wiki/Sanskrit_Grammar_(Whitney)/Chapter_XIV#1026
504,infinitive,968,979,XIII,https://en.wikisource.org/wiki/Sanskrit_Grammar_(Whitney)/Chapter_XIII#968
505,present_a,733,750,IX,https://en.wikisource.org/wiki/Sanskrit_Grammar_(Whitney)/Chapter_IX#733
505,present_root,611,641,IX,https://en.wikisource.org/wiki/Sanskrit_Grammar_(Whitney)/Chapter_IX#611
505,passive_present,768,774,IX,https://en.wikisource.org/wiki/Sanskrit_Grammar_(Whitney)/Chapter_IX#768
505,perfect,781,823,X,https://en.wikisource.org/wiki/Sanskrit_Grammar_(Whitney)/Chapter_X#781
505,aor_class,824,827,XI,https://en.wikisource.org/wiki/Sanskrit_Grammar_(Whitney)/Chapter_XI#824
505,aor_redup,856,873,XI,https://en.wikisource.org/wiki/Sanskrit_Grammar_(Whitney)/Chapter_XI#856
505,aor_s,878,897,XI,https://en.wikisource.org/wiki/Sanskrit_Grammar_(Whitney)/Chapter_XI#878
505,s_future,931,940,XII,https://en.wikisource.org/wiki/Sanskrit_Grammar_(Whitney)/Chapter_XII#931
505,periphrastic_future,942,949,XII,https://en.wikisource.org/wiki/Sanskrit_Grammar_(Whitney)/Chapter_XII#942
505,causative,1041,1052,XIV,https://en.wikisource.org/wiki/Sanskrit_Grammar_(Whitney)/Chapter_XIV#1041
505,desiderative,1026,1040,XIV,https://en.wikisource.org/wiki/Sanskrit_Grammar_(Whitney)/Chapter_XIV#1026
505,intensive,1000,1025,XIV,https://en.wikisource.org/wiki/Sanskrit_Grammar_(Whitney)/Chapter_XIV#1000
505,ppp,952,958,XIII,https://en.wikisource.org/wiki/Sanskrit_Grammar_(Whitney)/Chapter_XIII#952
505,infinitive,968,979,XIII,https://en.wikisource.org/wiki/Sanskrit_Grammar_(Whitney)/Chapter_XIII#968
505,gerund,989,994,XIII,https://en.wikisource.org/wiki/Sanskrit_Grammar_(Whitney)/Chapter_XIII#989
506,present_nasal,683,696,IX,https://en.wikisource.org/wiki/Sanskrit_Grammar_(Whitney)/Chapter_IX#683
506,passive_present,768,774,IX,https://en.wikisource.org/wiki/Sanskrit_Grammar_(Whitney)/Chapter_IX#768
506,perfect,781,823,X,https://en.wikisource.org/wiki/Sanskrit_Grammar_(Whitney)/Chapter_X#781
506,aor_class,824,827,XI,https://en.wikisource.org/wiki/Sanskrit_Grammar_(Whitney)/Chapter_XI#824
506,aor_root,828,846,XI,https://en.wikisource.org/wiki/Sanskrit_Grammar_(Whitney)/Chapter_XI#828
506,aor_redup,856,873,XI,https://en.wikisource.org/wiki/Sanskrit_Grammar_(Whitney)/Chapter_XI#856
506,aor_s,878,897,XI,https://en.wikisource.org/wiki/Sanskrit_Grammar_(Whitney)/Chapter_XI#878
506,s_future,931,940,XII,https://en.wikisource.org/wiki/Sanskrit_Grammar_(Whitney)/Chapter_XII#931
506,periphrastic_future,942,949,XII,https://en.wikisource.org/wiki/Sanskrit_Grammar_(Whitney)/Chapter_XII#942
506,causative,1041,1052,XIV,https://en.wikisource.org/wiki/Sanskrit_Grammar_(Whitney)/Chapter_XIV#1041
506,desiderative,1026,1040,XIV,https://en.wikisource.org/wiki/Sanskrit_Grammar_(Whitney)/Chapter_XIV#1026
506,intensive,1000,1025,XIV,https://en.wikisource.org/wiki/Sanskrit_Grammar_(Whitney)/Chapter_XIV#1000
506,ppp,952,958,XIII,https://en.wikisource.org/wiki/Sanskrit_Grammar_(Whitney)/Chapter_XIII#952
506,gerund,989,994,XIII,https://en.wikisource.org/wiki/Sanskrit_Grammar_(Whitney)/Chapter_XIII#989
508,present_a,733,750,IX,https://en.wikisource.org/wiki/Sanskrit_Grammar_(Whitney)/Chapter_IX#733
508,passive_present,768,774,IX,https://en.wikisource.org/wiki/Sanskrit_Grammar_(Whitney)/Chapter_IX#768
508,perfect,781,823,X,https://en.wikisource.org/wiki/Sanskrit_Grammar_(Whitney)/Chapter_X#781
508,aor_class,824,827,XI,https://en.wikisource.org/wiki/Sanskrit_Grammar_(Whitney)/Chapter_XI#824
508,aor_root,828,846,XI,https://en.wikisource.org/wiki/Sanskrit_Grammar_(Whitney)/Chapter_XI#828
508,aor_redup,856,873,XI,https://en.wikisource.org/wiki/Sanskrit_Grammar_(Whitney)/Chapter_XI#856
508,aor_is,898,911,XI,https://en.wikisource.org/wiki/Sanskrit_Grammar_(Whitney)/Chapter_XI#898
508,s_future,931,940,XII,https://en.wikisource.org/wiki/Sanskrit_Grammar_(Whitney)/Chapter_XII#931
508,periphrastic_future,942,949,XII,https://en.wikisource.org/wiki/Sanskrit_Grammar_(Whitney)/Chapter_XII#942
508,causative,1041,1052,XIV,https://en.wikisource.org/wiki/Sanskrit_Grammar_(Whitney)/Chapter_XIV#1041
508,desiderative,1026,1040,XIV,https://en.wikisource.org/wiki/Sanskrit_Grammar_(Whitney)/Chapter_XIV#1026
508,ppp,952,958,XIII,https://en.wikisource.org/wiki/Sanskrit_Grammar_(Whitney)/Chapter_XIII#952
508,gerund,989,994,XIII,https://en.wikisource.org/wiki/Sanskrit_Grammar_(Whitney)/Chapter_XIII#989
509,present_a,733,750,IX,https://en.wikisource.org/wiki/Sanskrit_Grammar_(Whitney)/Chapter_IX#733
510,present_a,733,750,IX,https://en.wikisource.org/wiki/Sanskrit_Grammar_(Whitney)/Chapter_IX#733
510,causative,1041,1052,XIV,https://en.wikisource.org/wiki/Sanskrit_Grammar_(Whitney)/Chapter_XIV#1041
511,present_a,733,750,IX,https://en.wikisource.org/wiki/Sanskrit_Grammar_(Whitney)/Chapter_IX#733
511,causative,1041,1052,XIV,https://en.wikisource.org/wiki/Sanskrit_Grammar_(Whitney)/Chapter_XIV#1041
512,present_a,733,750,IX,https://en.wikisource.org/wiki/Sanskrit_Grammar_(Whitney)/Chapter_IX#733
513,present_a,733,750,IX,https://en.wikisource.org/wiki/Sanskrit_Grammar_(Whitney)/Chapter_IX#733
513,causative,1041,1052,XIV,https://en.wikisource.org/wiki/Sanskrit_Grammar_(Whitney)/Chapter_XIV#1041
514,present_a,733,750,IX,https://en.wikisource.org/wiki/Sanskrit_Grammar_(Whitney)/Chapter_IX#733
514,perfect,781,823,X,https://en.wikisource.org/wiki/Sanskrit_Grammar_(Whitney)/Chapter_X#781
514,aor_class,824,827,XI,https://en.wikisource.org/wiki/Sanskrit_Grammar_(Whitney)/Chapter_XI#824
514,aor_is,898,911,XI,https://en.wikisource.org/wiki/Sanskrit_Grammar_(Whitney)/Chapter_XI#898
514,s_future,931,940,XII,https://en.wikisource.org/wiki/Sanskrit_Grammar_(Whitney)/Chapter_XII#931
514,periphrastic_future,942,949,XII,https://en.wikisource.org/wiki/Sanskrit_Grammar_(Whitney)/Chapter_XII#942
514,infinitive,968,979,XIII,https://en.wikisource.org/wiki/Sanskrit_Grammar_(Whitney)/Chapter_XIII#968
515,present_redup,642,682,IX,https://en.wikisource.org/wiki/Sanskrit_Grammar_(Whitney)/Chapter_IX#642
515,ppp,952,958,XIII,https://en.wikisource.org/wiki/Sanskrit_Grammar_(Whitney)/Chapter_XIII#952
516,present_root,611,641,IX,https://en.wikisource.org/wiki/Sanskrit_Grammar_(Whitney)/Chapter_IX#611
516,passive_present,768,774,IX,https://en.wikisource.org/wiki/Sanskrit_Grammar_(Whitney)/Chapter_IX#768
516,perfect,781,823,X,https://en.wikisource.org/wiki/Sanskrit_Grammar_(Whitney)/Chapter_X#781
516,aor_class,824,827,XI,https://en.wikisource.org/wiki/Sanskrit_Grammar_(Whitney)/Chapter_XI#824
516,aor_is,898,911,XI,https://en.wikisource.org/wiki/Sanskrit_Grammar_(Whitney)/Chapter_XI#898
516,s_future,931,940,XII,https://en.wikisource.org/wiki/Sanskrit_Grammar_(Whitney)/Chapter_XII#931
516,periphrastic_future,942,949,XII,https://en.wikisource.org/wiki/Sanskrit_Grammar_(Whitney)/Chapter_XII#942
516,causative,1041,1052,XIV,https://en.wikisource.org/wiki/Sanskrit_Grammar_(Whitney)/Chapter_XIV#1041
516,desiderative,1026,1040,XIV,https://en.wikisource.org/wiki/Sanskrit_Grammar_(Whitney)/Chapter_XIV#1026
516,intensive,1000,1025,XIV,https://en.wikisource.org/wiki/Sanskrit_Grammar_(Whitney)/Chapter_XIV#1000
516,ppp,952,958,XIII,https://en.wikisource.org/wiki/Sanskrit_Grammar_(Whitney)/Chapter_XIII#952
517,present_a,733,750,IX,https://en.wikisource.org/wiki/Sanskrit_Grammar_(Whitney)/Chapter_IX#733
517,perfect,781,823,X,https://en.wikisource.org/wiki/Sanskrit_Grammar_(Whitney)/Chapter_X#781
517,aor_class,824,827,XI,https://en.wikisource.org/wiki/Sanskrit_Grammar_(Whitney)/Chapter_XI#824
517,aor_is,898,911,XI,https://en.wikisource.org/wiki/Sanskrit_Grammar_(Whitney)/Chapter_XI#898
517,s_future,931,940,XII,https://en.wikisource.org/wiki/Sanskrit_Grammar_(Whitney)/Chapter_XII#931
517,periphrastic_future,942,949,XII,https://en.wikisource.org/wiki/Sanskrit_Grammar_(Whitney)/Chapter_XII#942
517,causative,1041,1052,XIV,https://en.wikisource.org/wiki/Sanskrit_Grammar_(Whitney)/Chapter_XIV#1041
517,intensive,1000,1025,XIV,https://en.wikisource.org/wiki/Sanskrit_Grammar_(Whitney)/Chapter_XIV#1000
517,ppp,952,958,XIII,https://en.wikisource.org/wiki/Sanskrit_Grammar_(Whitney)/Chapter_XIII#952
518,present_a,733,750,IX,https://en.wikisource.org/wiki/Sanskrit_Grammar_(Whitney)/Chapter_IX#733
518,passive_present,768,774,IX,https://en.wikisource.org/wiki/Sanskrit_Grammar_(Whitney)/Chapter_IX#768
518,perfect,781,823,X,https://en.wikisource.org/wiki/Sanskrit_Grammar_(Whitney)/Chapter_X#781
518,aor_class,824,827,XI,https://en.wikisource.org/wiki/Sanskrit_Grammar_(Whitney)/Chapter_XI#824
518,aor_root,828,846,XI,https://en.wikisource.org/wiki/Sanskrit_Grammar_(Whitney)/Chapter_XI#828
518,aor_redup,856,873,XI,https://en.wikisource.org/wiki/Sanskrit_Grammar_(Whitney)/Chapter_XI#856
518,aor_is,898,911,XI,https://en.wikisource.org/wiki/Sanskrit_Grammar_(Whitney)/Chapter_XI#898
518,s_future,931,940,XII,https://en.wikisource.org/wiki/Sanskrit_Grammar_(Whitney)/Chapter_XII#931
518,periphrastic_future,942,949,XII,https://en.wikisource.org/wiki/Sanskrit_Grammar_(Whitney)/Chapter_XII#942
518,causative,1041,1052,XIV,https://en.wikisource.org/wiki/Sanskrit_Grammar_(Whitney)/Chapter_XIV#1041
518,desiderative,1026,1040,XIV,https://en.wikisource.org/wiki/Sanskrit_Grammar_(Whitney)/Chapter_XIV#1026
518,intensive,1000,1025,XIV,https://en.wikisource.org/wiki/Sanskrit_Grammar_(Whitney)/Chapter_XIV#1000
518,ppp,952,958,XIII,https://en.wikisource.org/wiki/Sanskrit_Grammar_(Whitney)/Chapter_XIII#952
518,infinitive,968,979,XIII,https://en.wikisource.org/wiki/Sanskrit_Grammar_(Whitney)/Chapter_XIII#968
518,gerund,989,994,XIII,https://en.wikisource.org/wiki/Sanskrit_Grammar_(Whitney)/Chapter_XIII#989
519,present_a,733,750,IX,https://en.wikisource.org/wiki/Sanskrit_Grammar_(Whitney)/Chapter_IX#733
519,perfect,781,823,X,https://en.wikisource.org/wiki/Sanskrit_Grammar_(Whitney)/Chapter_X#781
519,aor_class,824,827,XI,https://en.wikisource.org/wiki/Sanskrit_Grammar_(Whitney)/Chapter_XI#824
519,aor_redup,856,873,XI,https://en.wikisource.org/wiki/Sanskrit_Grammar_(Whitney)/Chapter_XI#856
519,aor_is,898,911,XI,https://en.wikisource.org/wiki/Sanskrit_Grammar_(Whitney)/Chapter_XI#898
519,s_future,931,940,XII,https://en.wikisource.org/wiki/Sanskrit_Grammar_(Whitney)/Chapter_XII#931
519,periphrastic_future,942,949,XII,https://en.wikisource.org/wiki/Sanskrit_Grammar_(Whitney)/Chapter_XII#942
519,causative,1041,1052,XIV,https://en.wikisource.org/wiki/Sanskrit_Grammar_(Whitney)/Chapter_XIV#1041
519,desiderative,1026,1040,XIV,https://en.wikisource.org/wiki/Sanskrit_Grammar_(Whitney)/Chapter_XIV#1026
519,intensive,1000,1025,XIV,https://en.wikisource.org/wiki/Sanskrit_Grammar_(Whitney)/Chapter_XIV#1000
519,ppp,952,958,XIII,https://en.wikisource.org/wiki/Sanskrit_Grammar_(Whitney)/Chapter_XIII#952
520,present_a,733,750,IX,https://en.wikisource.org/wiki/Sanskrit_Grammar_(Whitney)/Chapter_IX#733
520,perfect,781,823,X,https://en.wikisource.org/wiki/Sanskrit_Grammar_(Whitney)/Chapter_X#781
520,aor_class,824,827,XI,https://en.wikisource.org/wiki/Sanskrit_Grammar_(Whitney)/Chapter_XI#824
520,aor_is,898,911,XI,https://en.wikisource.org/wiki/Sanskrit_Grammar_(Whitney)/Chapter_XI#898
520,s_future,931,940,XII,https://en.wikisource.org/wiki/Sanskrit_Grammar_(Whitney)/Chapter_XII#931
520,periphrastic_future,942,949,XII,https://en.wikisource.org/wiki/Sanskrit_Grammar_(Whitney)/Chapter_XII#942
520,causative,1041,1052,XIV,https://en.wikisource.org/wiki/Sanskrit_Grammar_(Whitney)/Chapter_XIV#1041
520,ppp,952,958,XIII,https://en.wikisource.org/wiki/Sanskrit_Grammar_(Whitney)/Chapter_XIII#952
520,infinitive,968,979,XIII,https://en.wikisource.org/wiki/Sanskrit_Grammar_(Whitney)/Chapter_XIII#968
520,gerund,989,994,XIII,https://en.wikisource.org/wiki/Sanskrit_Grammar_(Whitney)/Chapter_XIII#989
521,present_nasal,683,696,IX,https://en.wikisource.org/wiki/Sanskrit_Grammar_(Whitney)/Chapter_IX#683
521,passive_present,768,774,IX,https://en.wikisource.org/wiki/Sanskrit_Grammar_(Whitney)/Chapter_IX#768
521,perfect,781,823,X,https://en.wikisource.org/wiki/Sanskrit_Grammar_(Whitney)/Chapter_X#781
521,aor_class,824,827,XI,https://en.wikisource.org/wiki/Sanskrit_Grammar_(Whitney)/Chapter_XI#824
521,aor_root,828,846,XI,https://en.wikisource.org/wiki/Sanskrit_Grammar_(Whitney)/Chapter_XI#828
521,aor_a,847,855,XI,https://en.wikisource.org/wiki/Sanskrit_Grammar_(Whitney)/Chapter_XI#847
521,aor_redup,856,873,XI,https://en.wikisource.org/wiki/Sanskrit_Grammar_(Whitney)/Chapter_XI#856
521,aor_s,878,897,XI,https://en.wikisource.org/wiki/Sanskrit_Grammar_(Whitney)/Chapter_XI#878
521,s_future,931,940,XII,https://en.wikisource.org/wiki/Sanskrit_Grammar_(Whitney)/Chapter_XII#931
521,periphrastic_future,942,949,XII,https://en.wikisource.org/wiki/Sanskrit_Grammar_(Whitney)/Chapter_XII#942
521,causative,1041,1052,XIV,https://en.wikisource.org/wiki/Sanskrit_Grammar_(Whitney)/Chapter_XIV#1041
521,desiderative,1026,1040,XIV,https://en.wikisource.org/wiki/Sanskrit_Grammar_(Whitney)/Chapter_XIV#1026
521,intensive,1000,1025,XIV,https://en.wikisource.org/wiki/Sanskrit_Grammar_(Whitney)/Chapter_XIV#1000
521,ppp,952,958,XIII,https://en.wikisource.org/wiki/Sanskrit_Grammar_(Whitney)/Chapter_XIII#952
521,infinitive,968,979,XIII,https://en.wikisource.org/wiki/Sanskrit_Grammar_(Whitney)/Chapter_XIII#968
521,gerund,989,994,XIII,https://en.wikisource.org/wiki/Sanskrit_Grammar_(Whitney)/Chapter_XIII#989
522,present_root,611,641,IX,https://en.wikisource.org/wiki/Sanskrit_Grammar_(Whitney)/Chapter_IX#611
523,present_a,733,750,IX,https://en.wikisource.org/wiki/Sanskrit_Grammar_(Whitney)/Chapter_IX#733
523,present_redup,642,682,IX,https://en.wikisource.org/wiki/Sanskrit_Grammar_(Whitney)/Chapter_IX#642
523,passive_present,768,774,IX,https://en.wikisource.org/wiki/Sanskrit_Grammar_(Whitney)/Chapter_IX#768
523,perfect,781,823,X,https://en.wikisource.org/wiki/Sanskrit_Grammar_(Whitney)/Chapter_X#781
523,aor_class,824,827,XI,https://en.wikisource.org/wiki/Sanskrit_Grammar_(Whitney)/Chapter_XI#824
523,aor_root,828,846,XI,https://en.wikisource.org/wiki/Sanskrit_Grammar_(Whitney)/Chapter_XI#828
523,aor_redup,856,873,XI,https://en.wikisource.org/wiki/Sanskrit_Grammar_(Whitney)/Chapter_XI#856
523,aor_s,878,897,XI,https://en.wikisource.org/wiki/Sanskrit_Grammar_(Whitney)/Chapter_XI#878
523,s_future,931,940,XII,https://en.wikisource.org/wiki/Sanskrit_Grammar_(Whitney)/Chapter_XII#931
523,periphrastic_future,942,949,XII,https://en.wikisource.org/wiki/Sanskrit_Grammar_(Whitney)/Chapter_XII#942
523,causative,1041,1052,XIV,https://en.wikisource.org/wiki/Sanskrit_Grammar_(Whitney)/Chapter_XIV#1041
523,desiderative,1026,1040,XIV,https://en.wikisource.org/wiki/Sanskrit_Grammar_(Whitney)/Chapter_XIV#1026
523,intensive,1000,1025,XIV,https://en.wikisource.org/wiki/Sanskrit_Grammar_(Whitney)/Chapter_XIV#1000
523,ppp,952,958,XIII,https://en.wikisource.org/wiki/Sanskrit_Grammar_(Whitney)/Chapter_XIII#952
523,infinitive,968,979,XIII,https://en.wikisource.org/wiki/Sanskrit_Grammar_(Whitney)/Chapter_XIII#968
523,gerund,989,994,XIII,https://en.wikisource.org/wiki/Sanskrit_Grammar_(Whitney)/Chapter_XIII#989
524,present_acc_a,751,758,IX,https://en.wikisource.org/wiki/Sanskrit_Grammar_(Whitney)/Chapter_IX#751
524,passive_present,768,774,IX,https://en.wikisource.org/wiki/Sanskrit_Grammar_(Whitney)/Chapter_IX#768
524,perfect,781,823,X,https://en.wikisource.org/wiki/Sanskrit_Grammar_(Whitney)/Chapter_X#781
524,aor_class,824,827,XI,https://en.wikisource.org/wiki/Sanskrit_Grammar_(Whitney)/Chapter_XI#824
524,aor_is,898,911,XI,https://en.wikisource.org/wiki/Sanskrit_Grammar_(Whitney)/Chapter_XI#898
524,s_future,931,940,XII,https://en.wikisource.org/wiki/Sanskrit_Grammar_(Whitney)/Chapter_XII#931
524,periphrastic_future,942,949,XII,https://en.wikisource.org/wiki/Sanskrit_Grammar_(Whitney)/Chapter_XII#942
525,present_nasal,683,696,IX,https://en.wikisource.org/wiki/Sanskrit_Grammar_(Whitney)/Chapter_IX#683
525,passive_present,768,774,IX,https://en.wikisource.org/wiki/Sanskrit_Grammar_(Whitney)/Chapter_IX#768
525,perfect,781,823,X,https://en.wikisource.org/wiki/Sanskrit_Grammar_(Whitney)/Chapter_X#781
525,aor_class,824,827,XI,https://en.wikisource.org/wiki/Sanskrit_Grammar_(Whitney)/Chapter_XI#824
525,aor_root,828,846,XI,https://en.wikisource.org/wiki/Sanskrit_Grammar_(Whitney)/Chapter_XI#828
525,aor_a,847,855,XI,https://en.wikisource.org/wiki/Sanskrit_Grammar_(Whitney)/Chapter_XI#847
525,aor_redup,856,873,XI,https://en.wikisource.org/wiki/Sanskrit_Grammar_(Whitney)/Chapter_XI#856
525,aor_s,878,897,XI,https://en.wikisource.org/wiki/Sanskrit_Grammar_(Whitney)/Chapter_XI#878
525,aor_sis,912,915,XI,https://en.wikisource.org/wiki/Sanskrit_Grammar_(Whitney)/Chapter_XI#912
525,s_future,931,940,XII,https://en.wikisource.org/wiki/Sanskrit_Grammar_(Whitney)/Chapter_XII#931
525,periphrastic_future,942,949,XII,https://en.wikisource.org/wiki/Sanskrit_Grammar_(Whitney)/Chapter_XII#942
525,causative,1041,1052,XIV,https://en.wikisource.org/wiki/Sanskrit_Grammar_(Whitney)/Chapter_XIV#1041
525,desiderative,1026,1040,XIV,https://en.wikisource.org/wiki/Sanskrit_Grammar_(Whitney)/Chapter_XIV#1026
525,intensive,1000,1025,XIV,https://en.wikisource.org/wiki/Sanskrit_Grammar_(Whitney)/Chapter_XIV#1000
525,ppp,952,958,XIII,https://en.wikisource.org/wiki/Sanskrit_Grammar_(Whitney)/Chapter_XIII#952
525,infinitive,968,979,XIII,https://en.wikisource.org/wiki/Sanskrit_Grammar_(Whitney)/Chapter_XIII#968
525,gerund,989,994,XIII,https://en.wikisource.org/wiki/Sanskrit_Grammar_(Whitney)/Chapter_XIII#989
526,present_acc_a,751,758,IX,https://en.wikisource.org/wiki/Sanskrit_Grammar_(Whitney)/Chapter_IX#751
526,intensive,1000,1025,XIV,https://en.wikisource.org/wiki/Sanskrit_Grammar_(Whitney)/Chapter_XIV#1000
528,present_a,733,750,IX,https://en.wikisource.org/wiki/Sanskrit_Grammar_(Whitney)/Chapter_IX#733
528,passive_present,768,774,IX,https://en.wikisource.org/wiki/Sanskrit_Grammar_(Whitney)/Chapter_IX#768
528,perfect,781,823,X,https://en.wikisource.org/wiki/Sanskrit_Grammar_(Whitney)/Chapter_X#781
528,aor_class,824,827,XI,https://en.wikisource.org/wiki/Sanskrit_Grammar_(Whitney)/Chapter_XI#824
528,aor_root,828,846,XI,https://en.wikisource.org/wiki/Sanskrit_Grammar_(Whitney)/Chapter_XI#828
528,aor_a,847,855,XI,https://en.wikisource.org/wiki/Sanskrit_Grammar_(Whitney)/Chapter_XI#847
528,aor_redup,856,873,XI,https://en.wikisource.org/wiki/Sanskrit_Grammar_(Whitney)/Chapter_XI#856
528,aor_is,898,911,XI,https://en.wikisource.org/wiki/Sanskrit_Grammar_(Whitney)/Chapter_XI#898
528,s_future,931,940,XII,https://en.wikisource.org/wiki/Sanskrit_Grammar_(Whitney)/Chapter_XII#931
528,periphrastic_future,942,949,XII,https://en.wikisource.org/wiki/Sanskrit_Grammar_(Whitney)/Chapter_XII#942
528,causative,1041,1052,XIV,https://en.wikisource.org/wiki/Sanskrit_Grammar_(Whitney)/Chapter_XIV#1041
528,desiderative,1026,1040,XIV,https://en.wikisource.org/wiki/Sanskrit_Grammar_(Whitney)/Chapter_XIV#1026
528,intensive,1000,1025,XIV,https://en.wikisource.org/wiki/Sanskrit_Grammar_(Whitney)/Chapter_XIV#1000
528,ppp,952,958,XIII,https://en.wikisource.org/wiki/Sanskrit_Grammar_(Whitney)/Chapter_XIII#952
528,infinitive,968,979,XIII,https://en.wikisource.org/wiki/Sanskrit_Grammar_(Whitney)/Chapter_XIII#968
528,gerund,989,994,XIII,https://en.wikisource.org/wiki/Sanskrit_Grammar_(Whitney)/Chapter_XIII#989
529,present_a,733,750,IX,https://en.wikisource.org/wiki/Sanskrit_Grammar_(Whitney)/Chapter_IX#733
529,perfect,781,823,X,https://en.wikisource.org/wiki/Sanskrit_Grammar_(Whitney)/Chapter_X#781
529,aor_class,824,827,XI,https://en.wikisource.org/wiki/Sanskrit_Grammar_(Whitney)/Chapter_XI#824
529,aor_redup,856,873,XI,https://en.wikisource.org/wiki/Sanskrit_Grammar_(Whitney)/Chapter_XI#856
529,aor_is,898,911,XI,https://en.wikisource.org/wiki/Sanskrit_Grammar_(Whitney)/Chapter_XI#898
529,s_future,931,940,XII,https://en.wikisource.org/wiki/Sanskrit_Grammar_(Whitney)/Chapter_XII#931
529,periphrastic_future,942,949,XII,https://en.wikisource.org/wiki/Sanskrit_Grammar_(Whitney)/Chapter_XII#942
529,causative,1041,1052,XIV,https://en.wikisource.org/wiki/Sanskrit_Grammar_(Whitney)/Chapter_XIV#1041
530,present_a,733,750,IX,https://en.wikisource.org/wiki/Sanskrit_Grammar_(Whitney)/Chapter_IX#733
530,present_root,611,641,IX,https://en.wikisource.org/wiki/Sanskrit_Grammar_(Whitney)/Chapter_IX#611
530,present_redup,642,682,IX,https://en.wikisource.org/wiki/Sanskrit_Grammar_(Whitney)/Chapter_IX#642
530,passive_present,768,774,IX,https://en.wikisource.org/wiki/Sanskrit_Grammar_(Whitney)/Chapter_IX#768
530,perfect,781,823,X,https://en.wikisource.org/wiki/Sanskrit_Grammar_(Whitney)/Chapter_X#781
530,aor_class,824,827,XI,https://en.wikisource.org/wiki/Sanskrit_Grammar_(Whitney)/Chapter_XI#824
530,aor_root,828,846,XI,https://en.wikisource.org/wiki/Sanskrit_Grammar_(Whitney)/Chapter_XI#828
530,aor_redup,856,873,XI,https://en.wikisource.org/wiki/Sanskrit_Grammar_(Whitney)/Chapter_XI#856
530,aor_s,878,897,XI,https://en.wikisource.org/wiki/Sanskrit_Grammar_(Whitney)/Chapter_XI#878
530,s_future,931,940,XII,https://en.wikisource.org/wiki/Sanskrit_Grammar_(Whitney)/Chapter_XII#931
530,periphrastic_future,942,949,XII,https://en.wikisource.org/wiki/Sanskrit_Grammar_(Whitney)/Chapter_XII#942
530,causative,1041,1052,XIV,https://en.wikisource.org/wiki/Sanskrit_Grammar_(Whitney)/Chapter_XIV#1041
530,desiderative,1026,1040,XIV,https://en.wikisource.org/wiki/Sanskrit_Grammar_(Whitney)/Chapter_XIV#1026
530,intensive,1000,1025,XIV,https://en.wikisource.org/wiki/Sanskrit_Grammar_(Whitney)/Chapter_XIV#1000
530,ppp,952,958,XIII,https://en.wikisource.org/wiki/Sanskrit_Grammar_(Whitney)/Chapter_XIII#952
530,infinitive,968,979,XIII,https://en.wikisource.org/wiki/Sanskrit_Grammar_(Whitney)/Chapter_XIII#968
530,gerund,989,994,XIII,https://en.wikisource.org/wiki/Sanskrit_Grammar_(Whitney)/Chapter_XIII#989
531,present_ya,759,767,IX,https://en.wikisource.org/wiki/Sanskrit_Grammar_(Whitney)/Chapter_IX#759
531,present_acc_a,751,758,IX,https://en.wikisource.org/wiki/Sanskrit_Grammar_(Whitney)/Chapter_IX#751
531,passive_present,768,774,IX,https://en.wikisource.org/wiki/Sanskrit_Grammar_(Whitney)/Chapter_IX#768
531,perfect,781,823,X,https://en.wikisource.org/wiki/Sanskrit_Grammar_(Whitney)/Chapter_X#781
531,aor_class,824,827,XI,https://en.wikisource.org/wiki/Sanskrit_Grammar_(Whitney)/Chapter_XI#824
531,aor_redup,856,873,XI,https://en.wikisource.org/wiki/Sanskrit_Grammar_(Whitney)/Chapter_XI#856
531,aor_is,898,911,XI,https://en.wikisource.org/wiki/Sanskrit_Grammar_(Whitney)/Chapter_XI#898
531,s_future,931,940,XII,https://en.wikisource.org/wiki/Sanskrit_Grammar_(Whitney)/Chapter_XII#931
531,periphrastic_future,942,949,XII,https://en.wikisource.org/wiki/Sanskrit_Grammar_(Whitney)/Chapter_XII#942
531,causative,1041,1052,XIV,https://en.wikisource.org/wiki/Sanskrit_Grammar_(Whitney)/Chapter_XIV#1041
531,desiderative,1026,1040,XIV,https://en.wikisource.org/wiki/Sanskrit_Grammar_(Whitney)/Chapter_XIV#1026
531,intensive,1000,1025,XIV,https://en.wikisource.org/wiki/Sanskrit_Grammar_(Whitney)/Chapter_XIV#1000
531,ppp,952,958,XIII,https://en.wikisource.org/wiki/Sanskrit_Grammar_(Whitney)/Chapter_XIII#952
531,gerund,989,994,XIII,https://en.wikisource.org/wiki/Sanskrit_Grammar_(Whitney)/Chapter_XIII#989
532,present_a,733,750,IX,https://en.wikisource.org/wiki/Sanskrit_Grammar_(Whitney)/Chapter_IX#733
532,perfect,781,823,X,https://en.wikisource.org/wiki/Sanskrit_Grammar_(Whitney)/Chapter_X#781
532,aor_class,824,827,XI,https://en.wikisource.org/wiki/Sanskrit_Grammar_(Whitney)/Chapter_XI#824
532,aor_redup,856,873,XI,https://en.wikisource.org/wiki/Sanskrit_Grammar_(Whitney)/Chapter_XI#856
532,aor_is,898,911,XI,https://en.wikisource.org/wiki/Sanskrit_Grammar_(Whitney)/Chapter_XI#898
532,s_future,931,940,XII,https://en.wikisource.org/wiki/Sanskrit_Grammar_(Whitney)/Chapter_XII#931
532,periphrastic_future,942,949,XII,https://en.wikisource.org/wiki/Sanskrit_Grammar_(Whitney)/Chapter_XII#942
532,causative,1041,1052,XIV,https://en.wikisource.org/wiki/Sanskrit_Grammar_(Whitney)/Chapter_XIV#1041
532,desiderative,1026,1040,XIV,https://en.wikisource.org/wiki/Sanskrit_Grammar_(Whitney)/Chapter_XIV#1026
532,intensive,1000,1025,XIV,https://en.wikisource.org/wiki/Sanskrit_Grammar_(Whitney)/Chapter_XIV#1000
533,present_a,733,750,IX,https://en.wikisource.org/wiki/Sanskrit_Grammar_(Whitney)/Chapter_IX#733
533,present_ya,759,767,IX,https://en.wikisource.org/wiki/Sanskrit_Grammar_(Whitney)/Chapter_IX#759
533,perfect,781,823,X,https://en.wikisource.org/wiki/Sanskrit_Grammar_(Whitney)/Chapter_X#781
533,aor_class,824,827,XI,https://en.wikisource.org/wiki/Sanskrit_Grammar_(Whitney)/Chapter_XI#824
533,aor_a,847,855,XI,https://en.wikisource.org/wiki/Sanskrit_Grammar_(Whitney)/Chapter_XI#847
533,aor_redup,856,873,XI,https://en.wikisource.org/wiki/Sanskrit_Grammar_(Whitney)/Chapter_XI#856
533,aor_is,898,911,XI,https://en.wikisource.org/wiki/Sanskrit_Grammar_(Whitney)/Chapter_XI#898
533,s_future,931,940,XII,https://en.wikisource.org/wiki/Sanskrit_Grammar_(Whitney)/Chapter_XII#931
533,periphrastic_future,942,949,XII,https://en.wikisource.org/wiki/Sanskrit_Grammar_(Whitney)/Chapter_XII#942
533,causative,1041,1052,XIV,https://en.wikisource.org/wiki/Sanskrit_Grammar_(Whitney)/Chapter_XIV#1041
533,desiderative,1026,1040,XIV,https://en.wikisource.org/wiki/Sanskrit_Grammar_(Whitney)/Chapter_XIV#1026
533,intensive,1000,1025,XIV,https://en.wikisource.org/wiki/Sanskrit_Grammar_(Whitney)/Chapter_XIV#1000
533,ppp,952,958,XIII,https://en.wikisource.org/wiki/Sanskrit_Grammar_(Whitney)/Chapter_XIII#952
534,present_a,733,750,IX,https://en.wikisource.org/wiki/Sanskrit_Grammar_(Whitney)/Chapter_IX#733
534,present_ya,759,767,IX,https://en.wikisource.org/wiki/Sanskrit_Grammar_(Whitney)/Chapter_IX#759
534,perfect,781,823,X,https://en.wikisource.org/wiki/Sanskrit_Grammar_(Whitney)/Chapter_X#781
534,aor_class,824,827,XI,https://en.wikisource.org/wiki/Sanskrit_Grammar_(Whitney)/Chapter_XI#824
534,aor_root,828,846,XI,https://en.wikisource.org/wiki/Sanskrit_Grammar_(Whitney)/Chapter_XI#828
534,aor_redup,856,873,XI,https://en.wikisource.org/wiki/Sanskrit_Grammar_(Whitney)/Chapter_XI#856
534,aor_is,898,911,XI,https://en.wikisource.org/wiki/Sanskrit_Grammar_(Whitney)/Chapter_XI#898
534,s_future,931,940,XII,https://en.wikisource.org/wiki/Sanskrit_Grammar_(Whitney)/Chapter_XII#931
534,periphrastic_future,942,949,XII,https://en.wikisource.org/wiki/Sanskrit_Grammar_(Whitney)/Chapter_XII#942
534,causative,1041,1052,XIV,https://en.wikisource.org/wiki/Sanskrit_Grammar_(Whitney)/Chapter_XIV#1041
534,desiderative,1026,1040,XIV,https://en.wikisource.org/wiki/Sanskrit_Grammar_(Whitney)/Chapter_XIV#1026
534,intensive,1000,1025,XIV,https://en.wikisource.org/wiki/Sanskrit_Grammar_(Whitney)/Chapter_XIV#1000
534,ppp,952,958,XIII,https://en.wikisource.org/wiki/Sanskrit_Grammar_(Whitney)/Chapter_XIII#952
534,infinitive,968,979,XIII,https://en.wikisource.org/wiki/Sanskrit_Grammar_(Whitney)/Chapter_XIII#968
534,gerund,989,994,XIII,https://en.wikisource.org/wiki/Sanskrit_Grammar_(Whitney)/Chapter_XIII#989
535,present_a,733,750,IX,https://en.wikisource.org/wiki/Sanskrit_Grammar_(Whitney)/Chapter_IX#733
535,perfect,781,823,X,https://en.wikisource.org/wiki/Sanskrit_Grammar_(Whitney)/Chapter_X#781
535,aor_class,824,827,XI,https://en.wikisource.org/wiki/Sanskrit_Grammar_(Whitney)/Chapter_XI#824
535,aor_root,828,846,XI,https://en.wikisource.org/wiki/Sanskrit_Grammar_(Whitney)/Chapter_XI#828
535,aor_redup,856,873,XI,https://en.wikisource.org/wiki/Sanskrit_Grammar_(Whitney)/Chapter_XI#856
535,aor_is,898,911,XI,https://en.wikisource.org/wiki/Sanskrit_Grammar_(Whitney)/Chapter_XI#898
535,s_future,931,940,XII,https://en.wikisource.org/wiki/Sanskrit_Grammar_(Whitney)/Chapter_XII#931
535,periphrastic_future,942,949,XII,https://en.wikisource.org/wiki/Sanskrit_Grammar_(Whitney)/Chapter_XII#942
535,causative,1041,1052,XIV,https://en.wikisource.org/wiki/Sanskrit_Grammar_(Whitney)/Chapter_XIV#1041
535,desiderative,1026,1040,XIV,https://en.wikisource.org/wiki/Sanskrit_Grammar_(Whitney)/Chapter_XIV#1026
535,intensive,1000,1025,XIV,https://en.wikisource.org/wiki/Sanskrit_Grammar_(Whitney)/Chapter_XIV#1000
536,present_na,717,732,IX,https://en.wikisource.org/wiki/Sanskrit_Grammar_(Whitney)/Chapter_IX#717
536,perfect,781,823,X,https://en.wikisource.org/wiki/Sanskrit_Grammar_(Whitney)/Chapter_X#781
536,aor_class,824,827,XI,https://en.wikisource.org/wiki/Sanskrit_Grammar_(Whitney)/Chapter_XI#824
536,aor_is,898,911,XI,https://en.wikisource.org/wiki/Sanskrit_Grammar_(Whitney)/Chapter_XI#898
536,s_future,931,940,XII,https://en.wikisource.org/wiki/Sanskrit_Grammar_(Whitney)/Chapter_XII#931
536,periphrastic_future,942,949,XII,https://en.wikisource.org/wiki/Sanskrit_Grammar_(Whitney)/Chapter_XII#942
536,causative,1041,1052,XIV,https://en.wikisource.org/wiki/Sanskrit_Grammar_(Whitney)/Chapter_XIV#1041
536,desiderative,1026,1040,XIV,https://en.wikisource.org/wiki/Sanskrit_Grammar_(Whitney)/Chapter_XIV#1026
536,intensive,1000,1025,XIV,https://en.wikisource.org/wiki/Sanskrit_Grammar_(Whitney)/Chapter_XIV#1000
537,present_a,733,750,IX,https://en.wikisource.org/wiki/Sanskrit_Grammar_(Whitney)/Chapter_IX#733
537,perfect,781,823,X,https://en.wikisource.org/wiki/Sanskrit_Grammar_(Whitney)/Chapter_X#781
538,present_a,733,750,IX,https://en.wikisource.org/wiki/Sanskrit_Grammar_(Whitney)/Chapter_IX#733
538,perfect,781,823,X,https://en.wikisource.org/wiki/Sanskrit_Grammar_(Whitney)/Chapter_X#781
538,aor_class,824,827,XI,https://en.wikisource.org/wiki/Sanskrit_Grammar_(Whitney)/Chapter_XI#824
538,aor_is,898,911,XI,https://en.wikisource.org/wiki/Sanskrit_Grammar_(Whitney)/Chapter_XI#898
538,s_future,931,940,XII,https://en.wikisource.org/wiki/Sanskrit_Grammar_(Whitney)/Chapter_XII#931
538,periphrastic_future,942,949,XII,https://en.wikisource.org/wiki/Sanskrit_Grammar_(Whitney)/Chapter_XII#942
538,causative,1041,1052,XIV,https://en.wikisource.org/wiki/Sanskrit_Grammar_(Whitney)/Chapter_XIV#1041
538,ppp,952,958,XIII,https://en.wikisource.org/wiki/Sanskrit_Grammar_(Whitney)/Chapter_XIII#952
538,gerund,989,994,XIII,https://en.wikisource.org/wiki/Sanskrit_Grammar_(Whitney)/Chapter_XIII#989
539,present_a,733,750,IX,https://en.wikisource.org/wiki/Sanskrit_Grammar_(Whitney)/Chapter_IX#733
539,perfect,781,823,X,https://en.wikisource.org/wiki/Sanskrit_Grammar_(Whitney)/Chapter_X#781
539,aor_class,824,827,XI,https://en.wikisource.org/wiki/Sanskrit_Grammar_(Whitney)/Chapter_XI#824
539,aor_root,828,846,XI,https://en.wikisource.org/wiki/Sanskrit_Grammar_(Whitney)/Chapter_XI#828
539,aor_redup,856,873,XI,https://en.wikisource.org/wiki/Sanskrit_Grammar_(Whitney)/Chapter_XI#856
539,aor_s,878,897,XI,https://en.wikisource.org/wiki/Sanskrit_Grammar_(Whitney)/Chapter_XI#878
539,aor_is,898,911,XI,https://en.wikisource.org/wiki/Sanskrit_Grammar_(Whitney)/Chapter_XI#898
539,s_future,931,940,XII,https://en.wikisource.org/wiki/Sanskrit_Grammar_(Whitney)/Chapter_XII#931
539,periphrastic_future,942,949,XII,https://en.wikisource.org/wiki/Sanskrit_Grammar_(Whitney)/Chapter_XII#942
539,causative,1041,1052,XIV,https://en.wikisource.org/wiki/Sanskrit_Grammar_(Whitney)/Chapter_XIV#1041
539,desiderative,1026,1040,XIV,https://en.wikisource.org/wiki/Sanskrit_Grammar_(Whitney)/Chapter_XIV#1026
539,intensive,1000,1025,XIV,https://en.wikisource.org/wiki/Sanskrit_Grammar_(Whitney)/Chapter_XIV#1000
539,ppp,952,958,XIII,https://en.wikisource.org/wiki/Sanskrit_Grammar_(Whitney)/Chapter_XIII#952
539,infinitive,968,979,XIII,https://en.wikisource.org/wiki/Sanskrit_Grammar_(Whitney)/Chapter_XIII#968
539,gerund,989,994,XIII,https://en.wikisource.org/wiki/Sanskrit_Grammar_(Whitney)/Chapter_XIII#989
540,present_a,733,750,IX,https://en.wikisource.org/wiki/Sanskrit_Grammar_(Whitney)/Chapter_IX#733
540,perfect,781,823,X,https://en.wikisource.org/wiki/Sanskrit_Grammar_(Whitney)/Chapter_X#781
540,aor_class,824,827,XI,https://en.wikisource.org/wiki/Sanskrit_Grammar_(Whitney)/Chapter_XI#824
540,aor_is,898,911,XI,https://en.wikisource.org/wiki/Sanskrit_Grammar_(Whitney)/Chapter_XI#898
540,s_future,931,940,XII,https://en.wikisource.org/wiki/Sanskrit_Grammar_(Whitney)/Chapter_XII#931
540,periphrastic_future,942,949,XII,https://en.wikisource.org/wiki/Sanskrit_Grammar_(Whitney)/Chapter_XII#942
540,gerund,989,994,XIII,https://en.wikisource.org/wiki/Sanskrit_Grammar_(Whitney)/Chapter_XIII#989
542,causative,1041,1052,XIV,https://en.wikisource.org/wiki/Sanskrit_Grammar_(Whitney)/Chapter_XIV#1041
543,present_a,733,750,IX,https://en.wikisource.org/wiki/Sanskrit_Grammar_(Whitney)/Chapter_IX#733
543,causative,1041,1052,XIV,https://en.wikisource.org/wiki/Sanskrit_Grammar_(Whitney)/Chapter_XIV#1041
544,present_a,733,750,IX,https://en.wikisource.org/wiki/Sanskrit_Grammar_(Whitney)/Chapter_IX#733
544,present_na,717,732,IX,https://en.wikisource.org/wiki/Sanskrit_Grammar_(Whitney)/Chapter_IX#717
544,passive_present,768,774,IX,https://en.wikisource.org/wiki/Sanskrit_Grammar_(Whitney)/Chapter_IX#768
544,perfect,781,823,X,https://en.wikisource.org/wiki/Sanskrit_Grammar_(Whitney)/Chapter_X#781
544,aor_class,824,827,XI,https://en.wikisource.org/wiki/Sanskrit_Grammar_(Whitney)/Chapter_XI#824
544,aor_redup,856,873,XI,https://en.wikisource.org/wiki/Sanskrit_Grammar_(Whitney)/Chapter_XI#856
544,aor_is,898,911,XI,https://en.wikisource.org/wiki/Sanskrit_Grammar_(Whitney)/Chapter_XI#898
544,s_future,931,940,XII,https://en.wikisource.org/wiki/Sanskrit_Grammar_(Whitney)/Chapter_XII#931
544,periphrastic_future,942,949,XII,https://en.wikisource.org/wiki/Sanskrit_Grammar_(Whitney)/Chapter_XII#942
544,causative,1041,1052,XIV,https://en.wikisource.org/wiki/Sanskrit_Grammar_(Whitney)/Chapter_XIV#1041
544,desiderative,1026,1040,XIV,https://en.wikisource.org/wiki/Sanskrit_Grammar_(Whitney)/Chapter_XIV#1026
544,intensive,1000,1025,XIV,https://en.wikisource.org/wiki/Sanskrit_Grammar_(Whitney)/Chapter_XIV#1000
544,ppp,952,958,XIII,https://en.wikisource.org/wiki/Sanskrit_Grammar_(Whitney)/Chapter_XIII#952
544,infinitive,968,979,XIII,https://en.wikisource.org/wiki/Sanskrit_Grammar_(Whitney)/Chapter_XIII#968
544,gerund,989,994,XIII,https://en.wikisource.org/wiki/Sanskrit_Grammar_(Whitney)/Chapter_XIII#989
545,present_a,733,750,IX,https://en.wikisource.org/wiki/Sanskrit_Grammar_(Whitney)/Chapter_IX#733
545,present_root,611,641,IX,https://en.wikisource.org/wiki/Sanskrit_Grammar_(Whitney)/Chapter_IX#611
545,present_redup,642,682,IX,https://en.wikisource.org/wiki/Sanskrit_Grammar_(Whitney)/Chapter_IX#642
545,present_ya,759,767,IX,https://en.wikisource.org/wiki/Sanskrit_Grammar_(Whitney)/Chapter_IX#759
545,passive_present,768,774,IX,https://en.wikisource.org/wiki/Sanskrit_Grammar_(Whitney)/Chapter_IX#768
545,perfect,781,823,X,https://en.wikisource.org/wiki/Sanskrit_Grammar_(Whitney)/Chapter_X#781
545,aor_class,824,827,XI,https://en.wikisource.org/wiki/Sanskrit_Grammar_(Whitney)/Chapter_XI#824
545,aor_root,828,846,XI,https://en.wikisource.org/wiki/Sanskrit_Grammar_(Whitney)/Chapter_XI#828
545,aor_redup,856,873,XI,https://en.wikisource.org/wiki/Sanskrit_Grammar_(Whitney)/Chapter_XI#856
545,aor_s,878,897,XI,https://en.wikisource.org/wiki/Sanskrit_Grammar_(Whitney)/Chapter_XI#878
545,aor_is,898,911,XI,https://en.wikisource.org/wiki/Sanskrit_Grammar_(Whitney)/Chapter_XI#898
545,s_future,931,940,XII,https://en.wikisource.org/wiki/Sanskrit_Grammar_(Whitney)/Chapter_XII#931
545,periphrastic_future,942,949,XII,https://en.wikisource.org/wiki/Sanskrit_Grammar_(Whitney)/Chapter_XII#942
545,causative,1041,1052,XIV,https://en.wikisource.org/wiki/Sanskrit_Grammar_(Whitney)/Chapter_XIV#1041
545,desiderative,1026,1040,XIV,https://en.wikisource.org/wiki/Sanskrit_Grammar_(Whitney)/Chapter_XIV#1026
545,intensive,1000,1025,XIV,https://en.wikisource.org/wiki/Sanskrit_Grammar_(Whitney)/Chapter_XIV#1000
545,ppp,952,958,XIII,https://en.wikisource.org/wiki/Sanskrit_Grammar_(Whitney)/Chapter_XIII#952
546,present_redup,642,682,IX,https://en.wikisource.org/wiki/Sanskrit_Grammar_(Whitney)/Chapter_IX#642
546,present_ya,759,767,IX,https://en.wikisource.org/wiki/Sanskrit_Grammar_(Whitney)/Chapter_IX#759
546,present_nu_u,697,716,IX,https://en.wikisource.org/wiki/Sanskrit_Grammar_(Whitney)/Chapter_IX#697
546,passive_present,768,774,IX,https://en.wikisource.org/wiki/Sanskrit_Grammar_(Whitney)/Chapter_IX#768
546,perfect,781,823,X,https://en.wikisource.org/wiki/Sanskrit_Grammar_(Whitney)/Chapter_X#781
546,aor_class,824,827,XI,https://en.wikisource.org/wiki/Sanskrit_Grammar_(Whitney)/Chapter_XI#824
546,aor_root,828,846,XI,https://en.wikisource.org/wiki/Sanskrit_Grammar_(Whitney)/Chapter_XI#828
546,aor_redup,856,873,XI,https://en.wikisource.org/wiki/Sanskrit_Grammar_(Whitney)/Chapter_XI#856
546,aor_s,878,897,XI,https://en.wikisource.org/wiki/Sanskrit_Grammar_(Whitney)/Chapter_XI#878
546,aor_is,898,911,XI,https://en.wikisource.org/wiki/Sanskrit_Grammar_(Whitney)/Chapter_XI#898
546,s_future,931,940,XII,https://en.wikisource.org/wiki/Sanskrit_Grammar_(Whitney)/Chapter_XII#931
546,periphrastic_future,942,949,XII,https://en.wikisource.org/wiki/Sanskrit_Grammar_(Whitney)/Chapter_XII#942
546,causative,1041,1052,XIV,https://en.wikisource.org/wiki/Sanskrit_Grammar_(Whitney)/Chapter_XIV#1041
546,desiderative,1026,1040,XIV,https://en.wikisource.org/wiki/Sanskrit_Grammar_(Whitney)/Chapter_XIV#1026
546,intensive,1000,1025,XIV,https://en.wikisource.org/wiki/Sanskrit_Grammar_(Whitney)/Chapter_XIV#1000
546,ppp,952,958,XIII,https://en.wikisource.org/wiki/Sanskrit_Grammar_(Whitney)/Chapter_XIII#952
546,infinitive,968,979,XIII,https://en.wikisource.org/wiki/Sanskrit_Grammar_(Whitney)/Chapter_XIII#968
546,gerund,989,994,XIII,https://en.wikisource.org/wiki/Sanskrit_Grammar_(Whitney)/Chapter_XIII#989
548,present_root,611,641,IX,https://en.wikisource.org/wiki/Sanskrit_Grammar_(Whitney)/Chapter_IX#611
548,present_redup,642,682,IX,https://en.wikisource.org/wiki/Sanskrit_Grammar_(Whitney)/Chapter_IX#642
548,present_ya,759,767,IX,https://en.wikisource.org/wiki/Sanskrit_Grammar_(Whitney)/Chapter_IX#759
548,passive_present,768,774,IX,https://en.wikisource.org/wiki/Sanskrit_Grammar_(Whitney)/Chapter_IX#768
548,perfect,781,823,X,https://en.wikisource.org/wiki/Sanskrit_Grammar_(Whitney)/Chapter_X#781
548,aor_class,824,827,XI,https://en.wikisource.org/wiki/Sanskrit_Grammar_(Whitney)/Chapter_XI#824
548,aor_root,828,846,XI,https://en.wikisource.org/wiki/Sanskrit_Grammar_(Whitney)/Chapter_XI#828
548,aor_s,878,897,XI,https://en.wikisource.org/wiki/Sanskrit_Grammar_(Whitney)/Chapter_XI#878
548,aor_sis,912,915,XI,https://en.wikisource.org/wiki/Sanskrit_Grammar_(Whitney)/Chapter_XI#912
548,s_future,931,940,XII,https://en.wikisource.org/wiki/Sanskrit_Grammar_(Whitney)/Chapter_XII#931
548,periphrastic_future,942,949,XII,https://en.wikisource.org/wiki/Sanskrit_Grammar_(Whitney)/Chapter_XII#942
548,causative,1041,1052,XIV,https://en.wikisource.org/wiki/Sanskrit_Grammar_(Whitney)/Chapter_XIV#1041
548,desiderative,1026,1040,XIV,https://en.wikisource.org/wiki/Sanskrit_Grammar_(Whitney)/Chapter_XIV#1026
548,intensive,1000,1025,XIV,https://en.wikisource.org/wiki/Sanskrit_Grammar_(Whitney)/Chapter_XIV#1000
548,ppp,952,958,XIII,https://en.wikisource.org/wiki/Sanskrit_Grammar_(Whitney)/Chapter_XIII#952
548,infinitive,968,979,XIII,https://en.wikisource.org/wiki/Sanskrit_Grammar_(Whitney)/Chapter_XIII#968
548,gerund,989,994,XIII,https://en.wikisource.org/wiki/Sanskrit_Grammar_(Whitney)/Chapter_XIII#989
549,present_a,733,750,IX,https://en.wikisource.org/wiki/Sanskrit_Grammar_(Whitney)/Chapter_IX#733
549,passive_present,768,774,IX,https://en.wikisource.org/wiki/Sanskrit_Grammar_(Whitney)/Chapter_IX#768
549,perfect,781,823,X,https://en.wikisource.org/wiki/Sanskrit_Grammar_(Whitney)/Chapter_X#781
549,aor_class,824,827,XI,https://en.wikisource.org/wiki/Sanskrit_Grammar_(Whitney)/Chapter_XI#824
549,aor_s,878,897,XI,https://en.wikisource.org/wiki/Sanskrit_Grammar_(Whitney)/Chapter_XI#878
549,s_future,931,940,XII,https://en.wikisource.org/wiki/Sanskrit_Grammar_(Whitney)/Chapter_XII#931
549,intensive,1000,1025,XIV,https://en.wikisource.org/wiki/Sanskrit_Grammar_(Whitney)/Chapter_XIV#1000
549,gerund,989,994,XIII,https://en.wikisource.org/wiki/Sanskrit_Grammar_(Whitney)/Chapter_XIII#989
550,present_redup,642,682,IX,https://en.wikisource.org/wiki/Sanskrit_Grammar_(Whitney)/Chapter_IX#642
550,perfect,781,823,X,https://en.wikisource.org/wiki/Sanskrit_Grammar_(Whitney)/Chapter_X#781
550,aor_class,824,827,XI,https://en.wikisource.org/wiki/Sanskrit_Grammar_(Whitney)/Chapter_XI#824
550,aor_redup,856,873,XI,https://en.wikisource.org/wiki/Sanskrit_Grammar_(Whitney)/Chapter_XI#856
550,intensive,1000,1025,XIV,https://en.wikisource.org/wiki/Sanskrit_Grammar_(Whitney)/Chapter_XIV#1000
551,present_a,733,750,IX,https://en.wikisource.org/wiki/Sanskrit_Grammar_(Whitney)/Chapter_IX#733
551,perfect,781,823,X,https://en.wikisource.org/wiki/Sanskrit_Grammar_(Whitney)/Chapter_X#781
551,aor_class,824,827,XI,https://en.wikisource.org/wiki/Sanskrit_Grammar_(Whitney)/Chapter_XI#824
551,aor_is,898,911,XI,https://en.wikisource.org/wiki/Sanskrit_Grammar_(Whitney)/Chapter_XI#898
551,s_future,931,940,XII,https://en.wikisource.org/wiki/Sanskrit_Grammar_(Whitney)/Chapter_XII#931
551,periphrastic_future,942,949,XII,https://en.wikisource.org/wiki/Sanskrit_Grammar_(Whitney)/Chapter_XII#942
551,causative,1041,1052,XIV,https://en.wikisource.org/wiki/Sanskrit_Grammar_(Whitney)/Chapter_XIV#1041
551,ppp,952,958,XIII,https://en.wikisource.org/wiki/Sanskrit_Grammar_(Whitney)/Chapter_XIII#952
551,infinitive,968,979,XIII,https://en.wikisource.org/wiki/Sanskrit_Grammar_(Whitney)/Chapter_XIII#968
551,gerund,989,994,XIII,https://en.wikisource.org/wiki/Sanskrit_Grammar_(Whitney)/Chapter_XIII#989
554,present_a,733,750,IX,https://en.wikisource.org/wiki/Sanskrit_Grammar_(Whitney)/Chapter_IX#733
554,present_redup,642,682,IX,https://en.wikisource.org/wiki/Sanskrit_Grammar_(Whitney)/Chapter_IX#642
554,perfect,781,823,X,https://en.wikisource.org/wiki/Sanskrit_Grammar_(Whitney)/Chapter_X#781
554,causative,1041,1052,XIV,https://en.wikisource.org/wiki/Sanskrit_Grammar_(Whitney)/Chapter_XIV#1041
556,present_a,733,750,IX,https://en.wikisource.org/wiki/Sanskrit_Grammar_(Whitney)/Chapter_IX#733
556,perfect,781,823,X,https://en.wikisource.org/wiki/Sanskrit_Grammar_(Whitney)/Chapter_X#781
556,ppp,952,958,XIII,https://en.wikisource.org/wiki/Sanskrit_Grammar_(Whitney)/Chapter_XIII#952
556,gerund,989,994,XIII,https://en.wikisource.org/wiki/Sanskrit_Grammar_(Whitney)/Chapter_XIII#989
558,present_acc_a,751,758,IX,https://en.wikisource.org/wiki/Sanskrit_Grammar_(Whitney)/Chapter_IX#751
558,perfect,781,823,X,https://en.wikisource.org/wiki/Sanskrit_Grammar_(Whitney)/Chapter_X#781
558,aor_class,824,827,XI,https://en.wikisource.org/wiki/Sanskrit_Grammar_(Whitney)/Chapter_XI#824
558,aor_is,898,911,XI,https://en.wikisource.org/wiki/Sanskrit_Grammar_(Whitney)/Chapter_XI#898
558,s_future,931,940,XII,https://en.wikisource.org/wiki/Sanskrit_Grammar_(Whitney)/Chapter_XII#931
558,causative,1041,1052,XIV,https://en.wikisource.org/wiki/Sanskrit_Grammar_(Whitney)/Chapter_XIV#1041
558,ppp,952,958,XIII,https://en.wikisource.org/wiki/Sanskrit_Grammar_(Whitney)/Chapter_XIII#952
558,gerund,989,994,XIII,https://en.wikisource.org/wiki/Sanskrit_Grammar_(Whitney)/Chapter_XIII#989
559,present_acc_a,751,758,IX,https://en.wikisource.org/wiki/Sanskrit_Grammar_(Whitney)/Chapter_IX#751
559,perfect,781,823,X,https://en.wikisource.org/wiki/Sanskrit_Grammar_(Whitney)/Chapter_X#781
559,aor_class,824,827,XI,https://en.wikisource.org/wiki/Sanskrit_Grammar_(Whitney)/Chapter_XI#824
559,aor_redup,856,873,XI,https://en.wikisource.org/wiki/Sanskrit_Grammar_(Whitney)/Chapter_XI#856
559,aor_is,898,911,XI,https://en.wikisource.org/wiki/Sanskrit_Grammar_(Whitney)/Chapter_XI#898
559,s_future,931,940,XII,https://en.wikisource.org/wiki/Sanskrit_Grammar_(Whitney)/Chapter_XII#931
559,periphrastic_future,942,949,XII,https://en.wikisource.org/wiki/Sanskrit_Grammar_(Whitney)/Chapter_XII#942
559,ppp,952,958,XIII,https://en.wikisource.org/wiki/Sanskrit_Grammar_(Whitney)/Chapter_XIII#952
559,gerund,989,994,XIII,https://en.wikisource.org/wiki/Sanskrit_Grammar_(Whitney)/Chapter_XIII#989
560,present_a,733,750,IX,https://en.wikisource.org/wiki/Sanskrit_Grammar_(Whitney)/Chapter_IX#733
560,perfect,781,823,X,https://en.wikisource.org/wiki/Sanskrit_Grammar_(Whitney)/Chapter_X#781
560,aor_class,824,827,XI,https://en.wikisource.org/wiki/Sanskrit_Grammar_(Whitney)/Chapter_XI#824
560,aor_redup,856,873,XI,https://en.wikisource.org/wiki/Sanskrit_Grammar_(Whitney)/Chapter_XI#856
560,s_future,931,940,XII,https://en.wikisource.org/wiki/Sanskrit_Grammar_(Whitney)/Chapter_XII#931
560,periphrastic_future,942,949,XII,https://en.wikisource.org/wiki/Sanskrit_Grammar_(Whitney)/Chapter_XII#942
560,causative,1041,1052,XIV,https://en.wikisource.org/wiki/Sanskrit_Grammar_(Whitney)/Chapter_XIV#1041
560,desiderative,1026,1040,XIV,https://en.wikisource.org/wiki/Sanskrit_Grammar_(Whitney)/Chapter_XIV#1026
560,intensive,1000,1025,XIV,https://en.wikisource.org/wiki/Sanskrit_Grammar_(Whitney)/Chapter_XIV#1000
560,ppp,952,958,XIII,https://en.wikisource.org/wiki/Sanskrit_Grammar_(Whitney)/Chapter_XIII#952
561,present_redup,642,682,IX,https://en.wikisource.org/wiki/Sanskrit_Grammar_(Whitney)/Chapter_IX#642
561,present_ya,759,767,IX,https://en.wikisource.org/wiki/Sanskrit_Grammar_(Whitney)/Chapter_IX#759
561,present_nu_u,697,716,IX,https://en.wikisource.org/wiki/Sanskrit_Grammar_(Whitney)/Chapter_IX#697
561,present_na,717,732,IX,https://en.wikisource.org/wiki/Sanskrit_Grammar_(Whitney)/Chapter_IX#717
561,passive_present,768,774,IX,https://en.wikisource.org/wiki/Sanskrit_Grammar_(Whitney)/Chapter_IX#768
561,perfect,781,823,X,https://en.wikisource.org/wiki/Sanskrit_Grammar_(Whitney)/Chapter_X#781
561,aor_class,824,827,XI,https://en.wikisource.org/wiki/Sanskrit_Grammar_(Whitney)/Chapter_XI#824
561,aor_s,878,897,XI,https://en.wikisource.org/wiki/Sanskrit_Grammar_(Whitney)/Chapter_XI#878
561,aor_sis,912,915,XI,https://en.wikisource.org/wiki/Sanskrit_Grammar_(Whitney)/Chapter_XI#912
561,s_future,931,940,XII,https://en.wikisource.org/wiki/Sanskrit_Grammar_(Whitney)/Chapter_XII#931
561,periphrastic_future,942,949,XII,https://en.wikisource.org/wiki/Sanskrit_Grammar_(Whitney)/Chapter_XII#942
561,causative,1041,1052,XIV,https://en.wikisource.org/wiki/Sanskrit_Grammar_(Whitney)/Chapter_XIV#1041
561,desiderative,1026,1040,XIV,https://en.wikisource.org/wiki/Sanskrit_Grammar_(Whitney)/Chapter_XIV#1026
561,intensive,1000,1025,XIV,https://en.wikisource.org/wiki/Sanskrit_Grammar_(Whitney)/Chapter_XIV#1000
561,ppp,952,958,XIII,https://en.wikisource.org/wiki/Sanskrit_Grammar_(Whitney)/Chapter_XIII#952
561,gerund,989,994,XIII,https://en.wikisource.org/wiki/Sanskrit_Grammar_(Whitney)/Chapter_XIII#989
562,present_a,733,750,IX,https://en.wikisource.org/wiki/Sanskrit_Grammar_(Whitney)/Chapter_IX#733
562,passive_present,768,774,IX,https://en.wikisource.org/wiki/Sanskrit_Grammar_(Whitney)/Chapter_IX#768
562,perfect,781,823,X,https://en.wikisource.org/wiki/Sanskrit_Grammar_(Whitney)/Chapter_X#781
562,aor_class,824,827,XI,https://en.wikisource.org/wiki/Sanskrit_Grammar_(Whitney)/Chapter_XI#824
562,aor_redup,856,873,XI,https://en.wikisource.org/wiki/Sanskrit_Grammar_(Whitney)/Chapter_XI#856
562,aor_is,898,911,XI,https://en.wikisource.org/wiki/Sanskrit_Grammar_(Whitney)/Chapter_XI#898
562,s_future,931,940,XII,https://en.wikisource.org/wiki/Sanskrit_Grammar_(Whitney)/Chapter_XII#931
562,periphrastic_future,942,949,XII,https://en.wikisource.org/wiki/Sanskrit_Grammar_(Whitney)/Chapter_XII#942
562,causative,1041,1052,XIV,https://en.wikisource.org/wiki/Sanskrit_Grammar_(Whitney)/Chapter_XIV#1041
562,desiderative,1026,1040,XIV,https://en.wikisource.org/wiki/Sanskrit_Grammar_(Whitney)/Chapter_XIV#1026
562,intensive,1000,1025,XIV,https://en.wikisource.org/wiki/Sanskrit_Grammar_(Whitney)/Chapter_XIV#1000
562,ppp,952,958,XIII,https://en.wikisource.org/wiki/Sanskrit_Grammar_(Whitney)/Chapter_XIII#952
562,gerund,989,994,XIII,https://en.wikisource.org/wiki/Sanskrit_Grammar_(Whitney)/Chapter_XIII#989
563,present_a,733,750,IX,https://en.wikisource.org/wiki/Sanskrit_Grammar_(Whitney)/Chapter_IX#733
564,present_acc_a,751,758,IX,https://en.wikisource.org/wiki/Sanskrit_Grammar_(Whitney)/Chapter_IX#751
564,passive_present,768,774,IX,https://en.wikisource.org/wiki/Sanskrit_Grammar_(Whitney)/Chapter_IX#768
564,perfect,781,823,X,https://en.wikisource.org/wiki/Sanskrit_Grammar_(Whitney)/Chapter_X#781
564,aor_class,824,827,XI,https://en.wikisource.org/wiki/Sanskrit_Grammar_(Whitney)/Chapter_XI#824
564,aor_root,828,846,XI,https://en.wikisource.org/wiki/Sanskrit_Grammar_(Whitney)/Chapter_XI#828
564,aor_a,847,855,XI,https://en.wikisource.org/wiki/Sanskrit_Grammar_(Whitney)/Chapter_XI#847
564,aor_redup,856,873,XI,https://en.wikisource.org/wiki/Sanskrit_Grammar_(Whitney)/Chapter_XI#856
564,aor_s,878,897,XI,https://en.wikisource.org/wiki/Sanskrit_Grammar_(Whitney)/Chapter_XI#878
564,s_future,931,940,XII,https://en.wikisource.org/wiki/Sanskrit_Grammar_(Whitney)/Chapter_XII#931
564,periphrastic_future,942,949,XII,https://en.wikisource.org/wiki/Sanskrit_Grammar_(Whitney)/Chapter_XII#942
564,causative,1041,1052,XIV,https://en.wikisource.org/wiki/Sanskrit_Grammar_(Whitney)/Chapter_XIV#1041
564,desiderative,1026,1040,XIV,https://en.wikisource.org/wiki/Sanskrit_Grammar_(Whitney)/Chapter_XIV#1026
564,intensive,1000,1025,XIV,https://en.wikisource.org/wiki/Sanskrit_Grammar_(Whitney)/Chapter_XIV#1000
564,ppp,952,958,XIII,https://en.wikisource.org/wiki/Sanskrit_Grammar_(Whitney)/Chapter_XIII#952
564,infinitive,968,979,XIII,https://en.wikisource.org/wiki/Sanskrit_Grammar_(Whitney)/Chapter_XIII#968
564,gerund,989,994,XIII,https://en.wikisource.org/wiki/Sanskrit_Grammar_(Whitney)/Chapter_XIII#989
565,present_a,733,750,IX,https://en.wikisource.org/wiki/Sanskrit_Grammar_(Whitney)/Chapter_IX#733
565,causative,1041,1052,XIV,https://en.wikisource.org/wiki/Sanskrit_Grammar_(Whitney)/Chapter_XIV#1041
566,present_a,733,750,IX,https://en.wikisource.org/wiki/Sanskrit_Grammar_(Whitney)/Chapter_IX#733
566,perfect,781,823,X,https://en.wikisource.org/wiki/Sanskrit_Grammar_(Whitney)/Chapter_X#781
566,aor_class,824,827,XI,https://en.wikisource.org/wiki/Sanskrit_Grammar_(Whitney)/Chapter_XI#824
566,aor_root,828,846,XI,https://en.wikisource.org/wiki/Sanskrit_Grammar_(Whitney)/Chapter_XI#828
566,aor_redup,856,873,XI,https://en.wikisource.org/wiki/Sanskrit_Grammar_(Whitney)/Chapter_XI#856
566,aor_is,898,911,XI,https://en.wikisource.org/wiki/Sanskrit_Grammar_(Whitney)/Chapter_XI#898
566,s_future,931,940,XII,https://en.wikisource.org/wiki/Sanskrit_Grammar_(Whitney)/Chapter_XII#931
566,periphrastic_future,942,949,XII,https://en.wikisource.org/wiki/Sanskrit_Grammar_(Whitney)/Chapter_XII#942
566,causative,1041,1052,XIV,https://en.wikisource.org/wiki/Sanskrit_Grammar_(Whitney)/Chapter_XIV#1041
566,desiderative,1026,1040,XIV,https://en.wikisource.org/wiki/Sanskrit_Grammar_(Whitney)/Chapter_XIV#1026
566,intensive,1000,1025,XIV,https://en.wikisource.org/wiki/Sanskrit_Grammar_(Whitney)/Chapter_XIV#1000
566,ppp,952,958,XIII,https://en.wikisource.org/wiki/Sanskrit_Grammar_(Whitney)/Chapter_XIII#952
567,present_a,733,750,IX,https://en.wikisource.org/wiki/Sanskrit_Grammar_(Whitney)/Chapter_IX#733
567,present_acc_a,751,758,IX,https://en.wikisource.org/wiki/Sanskrit_Grammar_(Whitney)/Chapter_IX#751
567,present_na,717,732,IX,https://en.wikisource.org/wiki/Sanskrit_Grammar_(Whitney)/Chapter_IX#717
567,passive_present,768,774,IX,https://en.wikisource.org/wiki/Sanskrit_Grammar_(Whitney)/Chapter_IX#768
567,perfect,781,823,X,https://en.wikisource.org/wiki/Sanskrit_Grammar_(Whitney)/Chapter_X#781
567,aor_class,824,827,XI,https://en.wikisource.org/wiki/Sanskrit_Grammar_(Whitney)/Chapter_XI#824
567,aor_root,828,846,XI,https://en.wikisource.org/wiki/Sanskrit_Grammar_(Whitney)/Chapter_XI#828
567,aor_redup,856,873,XI,https://en.wikisource.org/wiki/Sanskrit_Grammar_(Whitney)/Chapter_XI#856
567,aor_is,898,911,XI,https://en.wikisource.org/wiki/Sanskrit_Grammar_(Whitney)/Chapter_XI#898
567,s_future,931,940,XII,https://en.wikisource.org/wiki/Sanskrit_Grammar_(Whitney)/Chapter_XII#931
567,periphrastic_future,942,949,XII,https://en.wikisource.org/wiki/Sanskrit_Grammar_(Whitney)/Chapter_XII#942
567,causative,1041,1052,XIV,https://en.wikisource.org/wiki/Sanskrit_Grammar_(Whitney)/Chapter_XIV#1041
567,desiderative,1026,1040,XIV,https://en.wikisource.org/wiki/Sanskrit_Grammar_(Whitney)/Chapter_XIV#1026
567,intensive,1000,1025,XIV,https://en.wikisource.org/wiki/Sanskrit_Grammar_(Whitney)/Chapter_XIV#1000
567,ppp,952,958,XIII,https://en.wikisource.org/wiki/Sanskrit_Grammar_(Whitney)/Chapter_XIII#952
567,gerund,989,994,XIII,https://en.wikisource.org/wiki/Sanskrit_Grammar_(Whitney)/Chapter_XIII#989
568,present_ya,759,767,IX,https://en.wikisource.org/wiki/Sanskrit_Grammar_(Whitney)/Chapter_IX#759
568,perfect,781,823,X,https://en.wikisource.org/wiki/Sanskrit_Grammar_(Whitney)/Chapter_X#781
568,aor_class,824,827,XI,https://en.wikisource.org/wiki/Sanskrit_Grammar_(Whitney)/Chapter_XI#824
568,aor_a,847,855,XI,https://en.wikisource.org/wiki/Sanskrit_Grammar_(Whitney)/Chapter_XI#847
568,aor_redup,856,873,XI,https://en.wikisource.org/wiki/Sanskrit_Grammar_(Whitney)/Chapter_XI#856
568,s_future,931,940,XII,https://en.wikisource.org/wiki/Sanskrit_Grammar_(Whitney)/Chapter_XII#931
568,periphrastic_future,942,949,XII,https://en.wikisource.org/wiki/Sanskrit_Grammar_(Whitney)/Chapter_XII#942
568,causative,1041,1052,XIV,https://en.wikisource.org/wiki/Sanskrit_Grammar_(Whitney)/Chapter_XIV#1041
568,desiderative,1026,1040,XIV,https://en.wikisource.org/wiki/Sanskrit_Grammar_(Whitney)/Chapter_XIV#1026
568,intensive,1000,1025,XIV,https://en.wikisource.org/wiki/Sanskrit_Grammar_(Whitney)/Chapter_XIV#1000
568,ppp,952,958,XIII,https://en.wikisource.org/wiki/Sanskrit_Grammar_(Whitney)/Chapter_XIII#952
570,present_a,733,750,IX,https://en.wikisource.org/wiki/Sanskrit_Grammar_(Whitney)/Chapter_IX#733
570,perfect,781,823,X,https://en.wikisource.org/wiki/Sanskrit_Grammar_(Whitney)/Chapter_X#781
570,aor_class,824,827,XI,https://en.wikisource.org/wiki/Sanskrit_Grammar_(Whitney)/Chapter_XI#824
570,aor_is,898,911,XI,https://en.wikisource.org/wiki/Sanskrit_Grammar_(Whitney)/Chapter_XI#898
570,s_future,931,940,XII,https://en.wikisource.org/wiki/Sanskrit_Grammar_(Whitney)/Chapter_XII#931
570,periphrastic_future,942,949,XII,https://en.wikisource.org/wiki/Sanskrit_Grammar_(Whitney)/Chapter_XII#942
570,causative,1041,1052,XIV,https://en.wikisource.org/wiki/Sanskrit_Grammar_(Whitney)/Chapter_XIV#1041
570,ppp,952,958,XIII,https://en.wikisource.org/wiki/Sanskrit_Grammar_(Whitney)/Chapter_XIII#952
570,gerund,989,994,XIII,https://en.wikisource.org/wiki/Sanskrit_Grammar_(Whitney)/Chapter_XIII#989
571,present_a,733,750,IX,https://en.wikisource.org/wiki/Sanskrit_Grammar_(Whitney)/Chapter_IX#733
571,passive_present,768,774,IX,https://en.wikisource.org/wiki/Sanskrit_Grammar_(Whitney)/Chapter_IX#768
571,perfect,781,823,X,https://en.wikisource.org/wiki/Sanskrit_Grammar_(Whitney)/Chapter_X#781
571,aor_class,824,827,XI,https://en.wikisource.org/wiki/Sanskrit_Grammar_(Whitney)/Chapter_XI#824
571,aor_root,828,846,XI,https://en.wikisource.org/wiki/Sanskrit_Grammar_(Whitney)/Chapter_XI#828
571,aor_redup,856,873,XI,https://en.wikisource.org/wiki/Sanskrit_Grammar_(Whitney)/Chapter_XI#856
571,aor_s,878,897,XI,https://en.wikisource.org/wiki/Sanskrit_Grammar_(Whitney)/Chapter_XI#878
571,s_future,931,940,XII,https://en.wikisource.org/wiki/Sanskrit_Grammar_(Whitney)/Chapter_XII#931
571,periphrastic_future,942,949,XII,https://en.wikisource.org/wiki/Sanskrit_Grammar_(Whitney)/Chapter_XII#942
571,causative,1041,1052,XIV,https://en.wikisource.org/wiki/Sanskrit_Grammar_(Whitney)/Chapter_XIV#1041
571,desiderative,1026,1040,XIV,https://en.wikisource.org/wiki/Sanskrit_Grammar_(Whitney)/Chapter_XIV#1026
571,intensive,1000,1025,XIV,https://en.wikisource.org/wiki/Sanskrit_Grammar_(Whitney)/Chapter_XIV#1000
571,ppp,952,958,XIII,https://en.wikisource.org/wiki/Sanskrit_Grammar_(Whitney)/Chapter_XIII#952
571,infinitive,968,979,XIII,https://en.wikisource.org/wiki/Sanskrit_Grammar_(Whitney)/Chapter_XIII#968
571,gerund,989,994,XIII,https://en.wikisource.org/wiki/Sanskrit_Grammar_(Whitney)/Chapter_XIII#989
572,present_acc_a,751,758,IX,https://en.wikisource.org/wiki/Sanskrit_Grammar_(Whitney)/Chapter_IX#751
572,present_na,717,732,IX,https://en.wikisource.org/wiki/Sanskrit_Grammar_(Whitney)/Chapter_IX#717
572,passive_present,768,774,IX,https://en.wikisource.org/wiki/Sanskrit_Grammar_(Whitney)/Chapter_IX#768
572,perfect,781,823,X,https://en.wikisource.org/wiki/Sanskrit_Grammar_(Whitney)/Chapter_X#781
572,aor_class,824,827,XI,https://en.wikisource.org/wiki/Sanskrit_Grammar_(Whitney)/Chapter_XI#824
572,aor_root,828,846,XI,https://en.wikisource.org/wiki/Sanskrit_Grammar_(Whitney)/Chapter_XI#828
572,aor_redup,856,873,XI,https://en.wikisource.org/wiki/Sanskrit_Grammar_(Whitney)/Chapter_XI#856
572,aor_is,898,911,XI,https://en.wikisource.org/wiki/Sanskrit_Grammar_(Whitney)/Chapter_XI#898
572,ppp,952,958,XIII,https://en.wikisource.org/wiki/Sanskrit_Grammar_(Whitney)/Chapter_XIII#952
573,present_a,733,750,IX,https://en.wikisource.org/wiki/Sanskrit_Grammar_(Whitney)/Chapter_IX#733
573,present_acc_a,751,758,IX,https://en.wikisource.org/wiki/Sanskrit_Grammar_(Whitney)/Chapter_IX#751
573,perfect,781,823,X,https://en.wikisource.org/wiki/Sanskrit_Grammar_(Whitney)/Chapter_X#781
573,causative,1041,1052,XIV,https://en.wikisource.org/wiki/Sanskrit_Grammar_(Whitney)/Chapter_XIV#1041
574,present_ya,759,767,IX,https://en.wikisource.org/wiki/Sanskrit_Grammar_(Whitney)/Chapter_IX#759
574,aor_class,824,827,XI,https://en.wikisource.org/wiki/Sanskrit_Grammar_(Whitney)/Chapter_XI#824
574,aor_s,878,897,XI,https://en.wikisource.org/wiki/Sanskrit_Grammar_(Whitney)/Chapter_XI#878
574,causative,1041,1052,XIV,https://en.wikisource.org/wiki/Sanskrit_Grammar_(Whitney)/Chapter_XIV#1041
575,present_a,733,750,IX,https://en.wikisource.org/wiki/Sanskrit_Grammar_(Whitney)/Chapter_IX#733
576,present_a,733,750,IX,https://en.wikisource.org/wiki/Sanskrit_Grammar_(Whitney)/Chapter_IX#733
576,present_root,611,641,IX,https://en.wikisource.org/wiki/Sanskrit_Grammar_(Whitney)/Chapter_IX#611
576,present_acc_a,751,758,IX,https://en.wikisource.org/wiki/Sanskrit_Grammar_(Whitney)/Chapter_IX#751
576,present_nasal,683,696,IX,https://en.wikisource.org/wiki/Sanskrit_Grammar_(Whitney)/Chapter_IX#683
576,passive_present,768,774,IX,https://en.wikisource.org/wiki/Sanskrit_Grammar_(Whitney)/Chapter_IX#768
576,perfect,781,823,X,https://en.wikisource.org/wiki/Sanskrit_Grammar_(Whitney)/Chapter_X#781
576,aor_class,824,827,XI,https://en.wikisource.org/wiki/Sanskrit_Grammar_(Whitney)/Chapter_XI#824
576,aor_redup,856,873,XI,https://en.wikisource.org/wiki/Sanskrit_Grammar_(Whitney)/Chapter_XI#856
576,aor_s,878,897,XI,https://en.wikisource.org/wiki/Sanskrit_Grammar_(Whitney)/Chapter_XI#878
576,aor_is,898,911,XI,https://en.wikisource.org/wiki/Sanskrit_Grammar_(Whitney)/Chapter_XI#898
576,s_future,931,940,XII,https://en.wikisource.org/wiki/Sanskrit_Grammar_(Whitney)/Chapter_XII#931
576,periphrastic_future,942,949,XII,https://en.wikisource.org/wiki/Sanskrit_Grammar_(Whitney)/Chapter_XII#942
576,causative,1041,1052,XIV,https://en.wikisource.org/wiki/Sanskrit_Grammar_(Whitney)/Chapter_XIV#1041
576,desiderative,1026,1040,XIV,https://en.wikisource.org/wiki/Sanskrit_Grammar_(Whitney)/Chapter_XIV#1026
576,intensive,1000,1025,XIV,https://en.wikisource.org/wiki/Sanskrit_Grammar_(Whitney)/Chapter_XIV#1000
576,ppp,952,958,XIII,https://en.wikisource.org/wiki/Sanskrit_Grammar_(Whitney)/Chapter_XIII#952
576,infinitive,968,979,XIII,https://en.wikisource.org/wiki/Sanskrit_Grammar_(Whitney)/Chapter_XIII#968
576,gerund,989,994,XIII,https://en.wikisource.org/wiki/Sanskrit_Grammar_(Whitney)/Chapter_XIII#989
577,present_acc_a,751,758,IX,https://en.wikisource.org/wiki/Sanskrit_Grammar_(Whitney)/Chapter_IX#751
577,present_na,717,732,IX,https://en.wikisource.org/wiki/Sanskrit_Grammar_(Whitney)/Chapter_IX#717
577,perfect,781,823,X,https://en.wikisource.org/wiki/Sanskrit_Grammar_(Whitney)/Chapter_X#781
577,aor_class,824,827,XI,https://en.wikisource.org/wiki/Sanskrit_Grammar_(Whitney)/Chapter_XI#824
577,aor_redup,856,873,XI,https://en.wikisource.org/wiki/Sanskrit_Grammar_(Whitney)/Chapter_XI#856
577,aor_is,898,911,XI,https://en.wikisource.org/wiki/Sanskrit_Grammar_(Whitney)/Chapter_XI#898
577,s_future,931,940,XII,https://en.wikisource.org/wiki/Sanskrit_Grammar_(Whitney)/Chapter_XII#931
577,periphrastic_future,942,949,XII,https://en.wikisource.org/wiki/Sanskrit_Grammar_(Whitney)/Chapter_XII#942
577,causative,1041,1052,XIV,https://en.wikisource.org/wiki/Sanskrit_Grammar_(Whitney)/Chapter_XIV#1041
577,desiderative,1026,1040,XIV,https://en.wikisource.org/wiki/Sanskrit_Grammar_(Whitney)/Chapter_XIV#1026
577,intensive,1000,1025,XIV,https://en.wikisource.org/wiki/Sanskrit_Grammar_(Whitney)/Chapter_XIV#1000
579,present_a,733,750,IX,https://en.wikisource.org/wiki/Sanskrit_Grammar_(Whitney)/Chapter_IX#733
579,present_na,717,732,IX,https://en.wikisource.org/wiki/Sanskrit_Grammar_(Whitney)/Chapter_IX#717
579,passive_present,768,774,IX,https://en.wikisource.org/wiki/Sanskrit_Grammar_(Whitney)/Chapter_IX#768
579,perfect,781,823,X,https://en.wikisource.org/wiki/Sanskrit_Grammar_(Whitney)/Chapter_X#781
579,aor_class,824,827,XI,https://en.wikisource.org/wiki/Sanskrit_Grammar_(Whitney)/Chapter_XI#824
579,aor_root,828,846,XI,https://en.wikisource.org/wiki/Sanskrit_Grammar_(Whitney)/Chapter_XI#828
579,aor_redup,856,873,XI,https://en.wikisource.org/wiki/Sanskrit_Grammar_(Whitney)/Chapter_XI#856
579,aor_is,898,911,XI,https://en.wikisource.org/wiki/Sanskrit_Grammar_(Whitney)/Chapter_XI#898
579,s_future,931,940,XII,https://en.wikisource.org/wiki/Sanskrit_Grammar_(Whitney)/Chapter_XII#931
579,causative,1041,1052,XIV,https://en.wikisource.org/wiki/Sanskrit_Grammar_(Whitney)/Chapter_XIV#1041
579,desiderative,1026,1040,XIV,https://en.wikisource.org/wiki/Sanskrit_Grammar_(Whitney)/Chapter_XIV#1026
579,intensive,1000,1025,XIV,https://en.wikisource.org/wiki/Sanskrit_Grammar_(Whitney)/Chapter_XIV#1000
579,ppp,952,958,XIII,https://en.wikisource.org/wiki/Sanskrit_Grammar_(Whitney)/Chapter_XIII#952
579,infinitive,968,979,XIII,https://en.wikisource.org/wiki/Sanskrit_Grammar_(Whitney)/Chapter_XIII#968
579,gerund,989,994,XIII,https://en.wikisource.org/wiki/Sanskrit_Grammar_(Whitney)/Chapter_XIII#989
580,present_a,733,750,IX,https://en.wikisource.org/wiki/Sanskrit_Grammar_(Whitney)/Chapter_IX#733
580,present_acc_a,751,758,IX,https://en.wikisource.org/wiki/Sanskrit_Grammar_(Whitney)/Chapter_IX#751
580,aor_class,824,827,XI,https://en.wikisource.org/wiki/Sanskrit_Grammar_(Whitney)/Chapter_XI#824
580,aor_root,828,846,XI,https://en.wikisource.org/wiki/Sanskrit_Grammar_(Whitney)/Chapter_XI#828
580,aor_a,847,855,XI,https://en.wikisource.org/wiki/Sanskrit_Grammar_(Whitney)/Chapter_XI#847
580,aor_is,898,911,XI,https://en.wikisource.org/wiki/Sanskrit_Grammar_(Whitney)/Chapter_XI#898
581,present_acc_a,751,758,IX,https://en.wikisource.org/wiki/Sanskrit_Grammar_(Whitney)/Chapter_IX#751
581,passive_present,768,774,IX,https://en.wikisource.org/wiki/Sanskrit_Grammar_(Whitney)/Chapter_IX#768
581,perfect,781,823,X,https://en.wikisource.org/wiki/Sanskrit_Grammar_(Whitney)/Chapter_X#781
581,aor_class,824,827,XI,https://en.wikisource.org/wiki/Sanskrit_Grammar_(Whitney)/Chapter_XI#824
581,aor_s,878,897,XI,https://en.wikisource.org/wiki/Sanskrit_Grammar_(Whitney)/Chapter_XI#878
581,s_future,931,940,XII,https://en.wikisource.org/wiki/Sanskrit_Grammar_(Whitney)/Chapter_XII#931
581,periphrastic_future,942,949,XII,https://en.wikisource.org/wiki/Sanskrit_Grammar_(Whitney)/Chapter_XII#942
581,causative,1041,1052,XIV,https://en.wikisource.org/wiki/Sanskrit_Grammar_(Whitney)/Chapter_XIV#1041
581,intensive,1000,1025,XIV,https://en.wikisource.org/wiki/Sanskrit_Grammar_(Whitney)/Chapter_XIV#1000
581,ppp,952,958,XIII,https://en.wikisource.org/wiki/Sanskrit_Grammar_(Whitney)/Chapter_XIII#952
581,infinitive,968,979,XIII,https://en.wikisource.org/wiki/Sanskrit_Grammar_(Whitney)/Chapter_XIII#968
581,gerund,989,994,XIII,https://en.wikisource.org/wiki/Sanskrit_Grammar_(Whitney)/Chapter_XIII#989
582,present_a,733,750,IX,https://en.wikisource.org/wiki/Sanskrit_Grammar_(Whitney)/Chapter_IX#733
582,present_ya,759,767,IX,https://en.wikisource.org/wiki/Sanskrit_Grammar_(Whitney)/Chapter_IX#759
582,passive_present,768,774,IX,https://en.wikisource.org/wiki/Sanskrit_Grammar_(Whitney)/Chapter_IX#768
582,perfect,781,823,X,https://en.wikisource.org/wiki/Sanskrit_Grammar_(Whitney)/Chapter_X#781
582,aor_class,824,827,XI,https://en.wikisource.org/wiki/Sanskrit_Grammar_(Whitney)/Chapter_XI#824
582,aor_root,828,846,XI,https://en.wikisource.org/wiki/Sanskrit_Grammar_(Whitney)/Chapter_XI#828
582,aor_a,847,855,XI,https://en.wikisource.org/wiki/Sanskrit_Grammar_(Whitney)/Chapter_XI#847
582,aor_redup,856,873,XI,https://en.wikisource.org/wiki/Sanskrit_Grammar_(Whitney)/Chapter_XI#856
582,aor_is,898,911,XI,https://en.wikisource.org/wiki/Sanskrit_Grammar_(Whitney)/Chapter_XI#898
582,s_future,931,940,XII,https://en.wikisource.org/wiki/Sanskrit_Grammar_(Whitney)/Chapter_XII#931
582,periphrastic_future,942,949,XII,https://en.wikisource.org/wiki/Sanskrit_Grammar_(Whitney)/Chapter_XII#942
582,causative,1041,1052,XIV,https://en.wikisource.org/wiki/Sanskrit_Grammar_(Whitney)/Chapter_XIV#1041
582,intensive,1000,1025,XIV,https://en.wikisource.org/wiki/Sanskrit_Grammar_(Whitney)/Chapter_XIV#1000
582,ppp,952,958,XIII,https://en.wikisource.org/wiki/Sanskrit_Grammar_(Whitney)/Chapter_XIII#952
582,gerund,989,994,XIII,https://en.wikisource.org/wiki/Sanskrit_Grammar_(Whitney)/Chapter_XIII#989
585,present_a,733,750,IX,https://en.wikisource.org/wiki/Sanskrit_Grammar_(Whitney)/Chapter_IX#733
585,present_root,611,641,IX,https://en.wikisource.org/wiki/Sanskrit_Grammar_(Whitney)/Chapter_IX#611
585,passive_present,768,774,IX,https://en.wikisource.org/wiki/Sanskrit_Grammar_(Whitney)/Chapter_IX#768
585,perfect,781,823,X,https://en.wikisource.org/wiki/Sanskrit_Grammar_(Whitney)/Chapter_X#781
585,aor_class,824,827,XI,https://en.wikisource.org/wiki/Sanskrit_Grammar_(Whitney)/Chapter_XI#824
585,aor_root,828,846,XI,https://en.wikisource.org/wiki/Sanskrit_Grammar_(Whitney)/Chapter_XI#828
585,aor_sis,912,915,XI,https://en.wikisource.org/wiki/Sanskrit_Grammar_(Whitney)/Chapter_XI#912
585,s_future,931,940,XII,https://en.wikisource.org/wiki/Sanskrit_Grammar_(Whitney)/Chapter_XII#931
585,periphrastic_future,942,949,XII,https://en.wikisource.org/wiki/Sanskrit_Grammar_(Whitney)/Chapter_XII#942
585,causative,1041,1052,XIV,https://en.wikisource.org/wiki/Sanskrit_Grammar_(Whitney)/Chapter_XIV#1041
585,desiderative,1026,1040,XIV,https://en.wikisource.org/wiki/Sanskrit_Grammar_(Whitney)/Chapter_XIV#1026
585,intensive,1000,1025,XIV,https://en.wikisource.org/wiki/Sanskrit_Grammar_(Whitney)/Chapter_XIV#1000
585,ppp,952,958,XIII,https://en.wikisource.org/wiki/Sanskrit_Grammar_(Whitney)/Chapter_XIII#952
586,present_a,733,750,IX,https://en.wikisource.org/wiki/Sanskrit_Grammar_(Whitney)/Chapter_IX#733
586,perfect,781,823,X,https://en.wikisource.org/wiki/Sanskrit_Grammar_(Whitney)/Chapter_X#781
586,aor_class,824,827,XI,https://en.wikisource.org/wiki/Sanskrit_Grammar_(Whitney)/Chapter_XI#824
586,aor_root,828,846,XI,https://en.wikisource.org/wiki/Sanskrit_Grammar_(Whitney)/Chapter_XI#828
589,present_a,733,750,IX,https://en.wikisource.org/wiki/Sanskrit_Grammar_(Whitney)/Chapter_IX#733
589,perfect,781,823,X,https://en.wikisource.org/wiki/Sanskrit_Grammar_(Whitney)/Chapter_X#781
589,aor_class,824,827,XI,https://en.wikisource.org/wiki/Sanskrit_Grammar_(Whitney)/Chapter_XI#824
589,aor_a,847,855,XI,https://en.wikisource.org/wiki/Sanskrit_Grammar_(Whitney)/Chapter_XI#847
589,aor_is,898,911,XI,https://en.wikisource.org/wiki/Sanskrit_Grammar_(Whitney)/Chapter_XI#898
589,s_future,931,940,XII,https://en.wikisource.org/wiki/Sanskrit_Grammar_(Whitney)/Chapter_XII#931
589,periphrastic_future,942,949,XII,https://en.wikisource.org/wiki/Sanskrit_Grammar_(Whitney)/Chapter_XII#942
589,intensive,1000,1025,XIV,https://en.wikisource.org/wiki/Sanskrit_Grammar_(Whitney)/Chapter_XIV#1000
589,ppp,952,958,XIII,https://en.wikisource.org/wiki/Sanskrit_Grammar_(Whitney)/Chapter_XIII#952
590,present_a,733,750,IX,https://en.wikisource.org/wiki/Sanskrit_Grammar_(Whitney)/Chapter_IX#733
590,causative,1041,1052,XIV,https://en.wikisource.org/wiki/Sanskrit_Grammar_(Whitney)/Chapter_XIV#1041
591,present_root,611,641,IX,https://en.wikisource.org/wiki/Sanskrit_Grammar_(Whitney)/Chapter_IX#611
591,present_ya,759,767,IX,https://en.wikisource.org/wiki/Sanskrit_Grammar_(Whitney)/Chapter_IX#759
591,perfect,781,823,X,https://en.wikisource.org/wiki/Sanskrit_Grammar_(Whitney)/Chapter_X#781
591,aor_class,824,827,XI,https://en.wikisource.org/wiki/Sanskrit_Grammar_(Whitney)/Chapter_XI#824
591,aor_root,828,846,XI,https://en.wikisource.org/wiki/Sanskrit_Grammar_(Whitney)/Chapter_XI#828
591,aor_sis,912,915,XI,https://en.wikisource.org/wiki/Sanskrit_Grammar_(Whitney)/Chapter_XI#912
591,s_future,931,940,XII,https://en.wikisource.org/wiki/Sanskrit_Grammar_(Whitney)/Chapter_XII#931
591,periphrastic_future,942,949,XII,https://en.wikisource.org/wiki/Sanskrit_Grammar_(Whitney)/Chapter_XII#942
591,causative,1041,1052,XIV,https://en.wikisource.org/wiki/Sanskrit_Grammar_(Whitney)/Chapter_XIV#1041
591,ppp,952,958,XIII,https://en.wikisource.org/wiki/Sanskrit_Grammar_(Whitney)/Chapter_XIII#952
594,present_a,733,750,IX,https://en.wikisource.org/wiki/Sanskrit_Grammar_(Whitney)/Chapter_IX#733
594,perfect,781,823,X,https://en.wikisource.org/wiki/Sanskrit_Grammar_(Whitney)/Chapter_X#781
594,aor_class,824,827,XI,https://en.wikisource.org/wiki/Sanskrit_Grammar_(Whitney)/Chapter_XI#824
594,aor_is,898,911,XI,https://en.wikisource.org/wiki/Sanskrit_Grammar_(Whitney)/Chapter_XI#898
594,s_future,931,940,XII,https://en.wikisource.org/wiki/Sanskrit_Grammar_(Whitney)/Chapter_XII#931
594,periphrastic_future,942,949,XII,https://en.wikisource.org/wiki/Sanskrit_Grammar_(Whitney)/Chapter_XII#942
594,ppp,952,958,XIII,https://en.wikisource.org/wiki/Sanskrit_Grammar_(Whitney)/Chapter_XIII#952
595,present_a,733,750,IX,https://en.wikisource.org/wiki/Sanskrit_Grammar_(Whitney)/Chapter_IX#733
597,present_a,733,750,IX,https://en.wikisource.org/wiki/Sanskrit_Grammar_(Whitney)/Chapter_IX#733
597,present_root,611,641,IX,https://en.wikisource.org/wiki/Sanskrit_Grammar_(Whitney)/Chapter_IX#611
597,passive_present,768,774,IX,https://en.wikisource.org/wiki/Sanskrit_Grammar_(Whitney)/Chapter_IX#768
597,perfect,781,823,X,https://en.wikisource.org/wiki/Sanskrit_Grammar_(Whitney)/Chapter_X#781
597,aor_class,824,827,XI,https://en.wikisource.org/wiki/Sanskrit_Grammar_(Whitney)/Chapter_XI#824
597,aor_redup,856,873,XI,https://en.wikisource.org/wiki/Sanskrit_Grammar_(Whitney)/Chapter_XI#856
597,aor_s,878,897,XI,https://en.wikisource.org/wiki/Sanskrit_Grammar_(Whitney)/Chapter_XI#878
597,s_future,931,940,XII,https://en.wikisource.org/wiki/Sanskrit_Grammar_(Whitney)/Chapter_XII#931
597,periphrastic_future,942,949,XII,https://en.wikisource.org/wiki/Sanskrit_Grammar_(Whitney)/Chapter_XII#942
597,causative,1041,1052,XIV,https://en.wikisource.org/wiki/Sanskrit_Grammar_(Whitney)/Chapter_XIV#1041
597,desiderative,1026,1040,XIV,https://en.wikisource.org/wiki/Sanskrit_Grammar_(Whitney)/Chapter_XIV#1026
597,intensive,1000,1025,XIV,https://en.wikisource.org/wiki/Sanskrit_Grammar_(Whitney)/Chapter_XIV#1000
597,ppp,952,958,XIII,https://en.wikisource.org/wiki/Sanskrit_Grammar_(Whitney)/Chapter_XIII#952
597,infinitive,968,979,XIII,https://en.wikisource.org/wiki/Sanskrit_Grammar_(Whitney)/Chapter_XIII#968
597,gerund,989,994,XIII,https://en.wikisource.org/wiki/Sanskrit_Grammar_(Whitney)/Chapter_XIII#989
598,present_a,733,750,IX,https://en.wikisource.org/wiki/Sanskrit_Grammar_(Whitney)/Chapter_IX#733
598,passive_present,768,774,IX,https://en.wikisource.org/wiki/Sanskrit_Grammar_(Whitney)/Chapter_IX#768
598,perfect,781,823,X,https://en.wikisource.org/wiki/Sanskrit_Grammar_(Whitney)/Chapter_X#781
598,aor_class,824,827,XI,https://en.wikisource.org/wiki/Sanskrit_Grammar_(Whitney)/Chapter_XI#824
598,aor_root,828,846,XI,https://en.wikisource.org/wiki/Sanskrit_Grammar_(Whitney)/Chapter_XI#828
598,aor_redup,856,873,XI,https://en.wikisource.org/wiki/Sanskrit_Grammar_(Whitney)/Chapter_XI#856
598,aor_is,898,911,XI,https://en.wikisource.org/wiki/Sanskrit_Grammar_(Whitney)/Chapter_XI#898
598,s_future,931,940,XII,https://en.wikisource.org/wiki/Sanskrit_Grammar_(Whitney)/Chapter_XII#931
598,causative,1041,1052,XIV,https://en.wikisource.org/wiki/Sanskrit_Grammar_(Whitney)/Chapter_XIV#1041
598,desiderative,1026,1040,XIV,https://en.wikisource.org/wiki/Sanskrit_Grammar_(Whitney)/Chapter_XIV#1026
598,intensive,1000,1025,XIV,https://en.wikisource.org/wiki/Sanskrit_Grammar_(Whitney)/Chapter_XIV#1000
598,ppp,952,958,XIII,https://en.wikisource.org/wiki/Sanskrit_Grammar_(Whitney)/Chapter_XIII#952
598,infinitive,968,979,XIII,https://en.wikisource.org/wiki/Sanskrit_Grammar_(Whitney)/Chapter_XIII#968
598,gerund,989,994,XIII,https://en.wikisource.org/wiki/Sanskrit_Grammar_(Whitney)/Chapter_XIII#989
599,present_a,733,750,IX,https://en.wikisource.org/wiki/Sanskrit_Grammar_(Whitney)/Chapter_IX#733
599,perfect,781,823,X,https://en.wikisource.org/wiki/Sanskrit_Grammar_(Whitney)/Chapter_X#781
599,aor_class,824,827,XI,https://en.wikisource.org/wiki/Sanskrit_Grammar_(Whitney)/Chapter_XI#824
599,aor_sis,912,915,XI,https://en.wikisource.org/wiki/Sanskrit_Grammar_(Whitney)/Chapter_XI#912
599,s_future,931,940,XII,https://en.wikisource.org/wiki/Sanskrit_Grammar_(Whitney)/Chapter_XII#931
599,desiderative,1026,1040,XIV,https://en.wikisource.org/wiki/Sanskrit_Grammar_(Whitney)/Chapter_XIV#1026
599,infinitive,968,979,XIII,https://en.wikisource.org/wiki/Sanskrit_Grammar_(Whitney)/Chapter_XIII#968
600,present_a,733,750,IX,https://en.wikisource.org/wiki/Sanskrit_Grammar_(Whitney)/Chapter_IX#733
600,present_root,611,641,IX,https://en.wikisource.org/wiki/Sanskrit_Grammar_(Whitney)/Chapter_IX#611
600,passive_present,768,774,IX,https://en.wikisource.org/wiki/Sanskrit_Grammar_(Whitney)/Chapter_IX#768
600,perfect,781,823,X,https://en.wikisource.org/wiki/Sanskrit_Grammar_(Whitney)/Chapter_X#781
600,aor_class,824,827,XI,https://en.wikisource.org/wiki/Sanskrit_Grammar_(Whitney)/Chapter_XI#824
600,aor_root,828,846,XI,https://en.wikisource.org/wiki/Sanskrit_Grammar_(Whitney)/Chapter_XI#828
600,aor_redup,856,873,XI,https://en.wikisource.org/wiki/Sanskrit_Grammar_(Whitney)/Chapter_XI#856
600,aor_s,878,897,XI,https://en.wikisource.org/wiki/Sanskrit_Grammar_(Whitney)/Chapter_XI#878
600,s_future,931,940,XII,https://en.wikisource.org/wiki/Sanskrit_Grammar_(Whitney)/Chapter_XII#931
600,periphrastic_future,942,949,XII,https://en.wikisource.org/wiki/Sanskrit_Grammar_(Whitney)/Chapter_XII#942
600,causative,1041,1052,XIV,https://en.wikisource.org/wiki/Sanskrit_Grammar_(Whitney)/Chapter_XIV#1041
600,desiderative,1026,1040,XIV,https://en.wikisource.org/wiki/Sanskrit_Grammar_(Whitney)/Chapter_XIV#1026
600,intensive,1000,1025,XIV,https://en.wikisource.org/wiki/Sanskrit_Grammar_(Whitney)/Chapter_XIV#1000
600,ppp,952,958,XIII,https://en.wikisource.org/wiki/Sanskrit_Grammar_(Whitney)/Chapter_XIII#952
600,infinitive,968,979,XIII,https://en.wikisource.org/wiki/Sanskrit_Grammar_(Whitney)/Chapter_XIII#968
600,gerund,989,994,XIII,https://en.wikisource.org/wiki/Sanskrit_Grammar_(Whitney)/Chapter_XIII#989
601,present_a,733,750,IX,https://en.wikisource.org/wiki/Sanskrit_Grammar_(Whitney)/Chapter_IX#733
601,present_redup,642,682,IX,https://en.wikisource.org/wiki/Sanskrit_Grammar_(Whitney)/Chapter_IX#642
601,present_ya,759,767,IX,https://en.wikisource.org/wiki/Sanskrit_Grammar_(Whitney)/Chapter_IX#759
601,perfect,781,823,X,https://en.wikisource.org/wiki/Sanskrit_Grammar_(Whitney)/Chapter_X#781
601,aor_class,824,827,XI,https://en.wikisource.org/wiki/Sanskrit_Grammar_(Whitney)/Chapter_XI#824
601,aor_a,847,855,XI,https://en.wikisource.org/wiki/Sanskrit_Grammar_(Whitney)/Chapter_XI#847
601,aor_redup,856,873,XI,https://en.wikisource.org/wiki/Sanskrit_Grammar_(Whitney)/Chapter_XI#856
601,aor_is,898,911,XI,https://en.wikisource.org/wiki/Sanskrit_Grammar_(Whitney)/Chapter_XI#898
601,s_future,931,940,XII,https://en.wikisource.org/wiki/Sanskrit_Grammar_(Whitney)/Chapter_XII#931
601,periphrastic_future,942,949,XII,https://en.wikisource.org/wiki/Sanskrit_Grammar_(Whitney)/Chapter_XII#942
601,causative,1041,1052,XIV,https://en.wikisource.org/wiki/Sanskrit_Grammar_(Whitney)/Chapter_XIV#1041
601,desiderative,1026,1040,XIV,https://en.wikisource.org/wiki/Sanskrit_Grammar_(Whitney)/Chapter_XIV#1026
601,intensive,1000,1025,XIV,https://en.wikisource.org/wiki/Sanskrit_Grammar_(Whitney)/Chapter_XIV#1000
601,ppp,952,958,XIII,https://en.wikisource.org/wiki/Sanskrit_Grammar_(Whitney)/Chapter_XIII#952
603,present_root,611,641,IX,https://en.wikisource.org/wiki/Sanskrit_Grammar_(Whitney)/Chapter_IX#611
603,passive_present,768,774,IX,https://en.wikisource.org/wiki/Sanskrit_Grammar_(Whitney)/Chapter_IX#768
603,perfect,781,823,X,https://en.wikisource.org/wiki/Sanskrit_Grammar_(Whitney)/Chapter_X#781
603,aor_class,824,827,XI,https://en.wikisource.org/wiki/Sanskrit_Grammar_(Whitney)/Chapter_XI#824
603,aor_s,878,897,XI,https://en.wikisource.org/wiki/Sanskrit_Grammar_(Whitney)/Chapter_XI#878
603,aor_sis,912,915,XI,https://en.wikisource.org/wiki/Sanskrit_Grammar_(Whitney)/Chapter_XI#912
603,s_future,931,940,XII,https://en.wikisource.org/wiki/Sanskrit_Grammar_(Whitney)/Chapter_XII#931
603,periphrastic_future,942,949,XII,https://en.wikisource.org/wiki/Sanskrit_Grammar_(Whitney)/Chapter_XII#942
603,causative,1041,1052,XIV,https://en.wikisource.org/wiki/Sanskrit_Grammar_(Whitney)/Chapter_XIV#1041
603,desiderative,1026,1040,XIV,https://en.wikisource.org/wiki/Sanskrit_Grammar_(Whitney)/Chapter_XIV#1026
603,intensive,1000,1025,XIV,https://en.wikisource.org/wiki/Sanskrit_Grammar_(Whitney)/Chapter_XIV#1000
603,ppp,952,958,XIII,https://en.wikisource.org/wiki/Sanskrit_Grammar_(Whitney)/Chapter_XIII#952
603,infinitive,968,979,XIII,https://en.wikisource.org/wiki/Sanskrit_Grammar_(Whitney)/Chapter_XIII#968
603,gerund,989,994,XIII,https://en.wikisource.org/wiki/Sanskrit_Grammar_(Whitney)/Chapter_XIII#989
604,present_a,733,750,IX,https://en.wikisource.org/wiki/Sanskrit_Grammar_(Whitney)/Chapter_IX#733
604,passive_present,768,774,IX,https://en.wikisource.org/wiki/Sanskrit_Grammar_(Whitney)/Chapter_IX#768
604,perfect,781,823,X,https://en.wikisource.org/wiki/Sanskrit_Grammar_(Whitney)/Chapter_X#781
604,aor_class,824,827,XI,https://en.wikisource.org/wiki/Sanskrit_Grammar_(Whitney)/Chapter_XI#824
604,aor_root,828,846,XI,https://en.wikisource.org/wiki/Sanskrit_Grammar_(Whitney)/Chapter_XI#828
604,aor_redup,856,873,XI,https://en.wikisource.org/wiki/Sanskrit_Grammar_(Whitney)/Chapter_XI#856
604,aor_is,898,911,XI,https://en.wikisource.org/wiki/Sanskrit_Grammar_(Whitney)/Chapter_XI#898
604,s_future,931,940,XII,https://en.wikisource.org/wiki/Sanskrit_Grammar_(Whitney)/Chapter_XII#931
604,periphrastic_future,942,949,XII,https://en.wikisource.org/wiki/Sanskrit_Grammar_(Whitney)/Chapter_XII#942
604,causative,1041,1052,XIV,https://en.wikisource.org/wiki/Sanskrit_Grammar_(Whitney)/Chapter_XIV#1041
604,desiderative,1026,1040,XIV,https://en.wikisource.org/wiki/Sanskrit_Grammar_(Whitney)/Chapter_XIV#1026
604,intensive,1000,1025,XIV,https://en.wikisource.org/wiki/Sanskrit_Grammar_(Whitney)/Chapter_XIV#1000
604,ppp,952,958,XIII,https://en.wikisource.org/wiki/Sanskrit_Grammar_(Whitney)/Chapter_XIII#952
604,infinitive,968,979,XIII,https://en.wikisource.org/wiki/Sanskrit_Grammar_(Whitney)/Chapter_XIII#968
604,gerund,989,994,XIII,https://en.wikisource.org/wiki/Sanskrit_Grammar_(Whitney)/Chapter_XIII#989
605,present_a,733,750,IX,https://en.wikisource.org/wiki/Sanskrit_Grammar_(Whitney)/Chapter_IX#733
606,present_root,611,641,IX,https://en.wikisource.org/wiki/Sanskrit_Grammar_(Whitney)/Chapter_IX#611
606,present_acc_a,751,758,IX,https://en.wikisource.org/wiki/Sanskrit_Grammar_(Whitney)/Chapter_IX#751
606,present_na,717,732,IX,https://en.wikisource.org/wiki/Sanskrit_Grammar_(Whitney)/Chapter_IX#717
606,passive_present,768,774,IX,https://en.wikisource.org/wiki/Sanskrit_Grammar_(Whitney)/Chapter_IX#768
606,perfect,781,823,X,https://en.wikisource.org/wiki/Sanskrit_Grammar_(Whitney)/Chapter_X#781
606,aor_class,824,827,XI,https://en.wikisource.org/wiki/Sanskrit_Grammar_(Whitney)/Chapter_XI#824
606,aor_root,828,846,XI,https://en.wikisource.org/wiki/Sanskrit_Grammar_(Whitney)/Chapter_XI#828
606,aor_redup,856,873,XI,https://en.wikisource.org/wiki/Sanskrit_Grammar_(Whitney)/Chapter_XI#856
606,aor_is,898,911,XI,https://en.wikisource.org/wiki/Sanskrit_Grammar_(Whitney)/Chapter_XI#898
606,s_future,931,940,XII,https://en.wikisource.org/wiki/Sanskrit_Grammar_(Whitney)/Chapter_XII#931
606,periphrastic_future,942,949,XII,https://en.wikisource.org/wiki/Sanskrit_Grammar_(Whitney)/Chapter_XII#942
606,causative,1041,1052,XIV,https://en.wikisource.org/wiki/Sanskrit_Grammar_(Whitney)/Chapter_XIV#1041
606,desiderative,1026,1040,XIV,https://en.wikisource.org/wiki/Sanskrit_Grammar_(Whitney)/Chapter_XIV#1026
606,intensive,1000,1025,XIV,https://en.wikisource.org/wiki/Sanskrit_Grammar_(Whitney)/Chapter_XIV#1000
606,ppp,952,958,XIII,https://en.wikisource.org/wiki/Sanskrit_Grammar_(Whitney)/Chapter_XIII#952
606,gerund,989,994,XIII,https://en.wikisource.org/wiki/Sanskrit_Grammar_(Whitney)/Chapter_XIII#989
607,present_a,733,750,IX,https://en.wikisource.org/wiki/Sanskrit_Grammar_(Whitney)/Chapter_IX#733
607,present_redup,642,682,IX,https://en.wikisource.org/wiki/Sanskrit_Grammar_(Whitney)/Chapter_IX#642
607,present_acc_a,751,758,IX,https://en.wikisource.org/wiki/Sanskrit_Grammar_(Whitney)/Chapter_IX#751
607,aor_class,824,827,XI,https://en.wikisource.org/wiki/Sanskrit_Grammar_(Whitney)/Chapter_XI#824
607,aor_root,828,846,XI,https://en.wikisource.org/wiki/Sanskrit_Grammar_(Whitney)/Chapter_XI#828
607,aor_redup,856,873,XI,https://en.wikisource.org/wiki/Sanskrit_Grammar_(Whitney)/Chapter_XI#856
607,aor_s,878,897,XI,https://en.wikisource.org/wiki/Sanskrit_Grammar_(Whitney)/Chapter_XI#878
607,aor_is,898,911,XI,https://en.wikisource.org/wiki/Sanskrit_Grammar_(Whitney)/Chapter_XI#898
607,causative,1041,1052,XIV,https://en.wikisource.org/wiki/Sanskrit_Grammar_(Whitney)/Chapter_XIV#1041
607,intensive,1000,1025,XIV,https://en.wikisource.org/wiki/Sanskrit_Grammar_(Whitney)/Chapter_XIV#1000
608,present_root,611,641,IX,https://en.wikisource.org/wiki/Sanskrit_Grammar_(Whitney)/Chapter_IX#611
608,present_nasal,683,696,IX,https://en.wikisource.org/wiki/Sanskrit_Grammar_(Whitney)/Chapter_IX#683
608,passive_present,768,774,IX,https://en.wikisource.org/wiki/Sanskrit_Grammar_(Whitney)/Chapter_IX#768
608,perfect,781,823,X,https://en.wikisource.org/wiki/Sanskrit_Grammar_(Whitney)/Chapter_X#781
608,aor_class,824,827,XI,https://en.wikisource.org/wiki/Sanskrit_Grammar_(Whitney)/Chapter_XI#824
608,aor_root,828,846,XI,https://en.wikisource.org/wiki/Sanskrit_Grammar_(Whitney)/Chapter_XI#828
608,aor_a,847,855,XI,https://en.wikisource.org/wiki/Sanskrit_Grammar_(Whitney)/Chapter_XI#847
608,aor_redup,856,873,XI,https://en.wikisource.org/wiki/Sanskrit_Grammar_(Whitney)/Chapter_XI#856
608,aor_s,878,897,XI,https://en.wikisource.org/wiki/Sanskrit_Grammar_(Whitney)/Chapter_XI#878
608,s_future,931,940,XII,https://en.wikisource.org/wiki/Sanskrit_Grammar_(Whitney)/Chapter_XII#931
608,periphrastic_future,942,949,XII,https://en.wikisource.org/wiki/Sanskrit_Grammar_(Whitney)/Chapter_XII#942
608,causative,1041,1052,XIV,https://en.wikisource.org/wiki/Sanskrit_Grammar_(Whitney)/Chapter_XIV#1041
608,desiderative,1026,1040,XIV,https://en.wikisource.org/wiki/Sanskrit_Grammar_(Whitney)/Chapter_XIV#1026
608,intensive,1000,1025,XIV,https://en.wikisource.org/wiki/Sanskrit_Grammar_(Whitney)/Chapter_XIV#1000
608,ppp,952,958,XIII,https://en.wikisource.org/wiki/Sanskrit_Grammar_(Whitney)/Chapter_XIII#952
608,infinitive,968,979,XIII,https://en.wikisource.org/wiki/Sanskrit_Grammar_(Whitney)/Chapter_XIII#968
608,gerund,989,994,XIII,https://en.wikisource.org/wiki/Sanskrit_Grammar_(Whitney)/Chapter_XIII#989
609,present_a,733,750,IX,https://en.wikisource.org/wiki/Sanskrit_Grammar_(Whitney)/Chapter_IX#733
609,present_root,611,641,IX,https://en.wikisource.org/wiki/Sanskrit_Grammar_(Whitney)/Chapter_IX#611
609,present_ya,759,767,IX,https://en.wikisource.org/wiki/Sanskrit_Grammar_(Whitney)/Chapter_IX#759
609,passive_present,768,774,IX,https://en.wikisource.org/wiki/Sanskrit_Grammar_(Whitney)/Chapter_IX#768
609,perfect,781,823,X,https://en.wikisource.org/wiki/Sanskrit_Grammar_(Whitney)/Chapter_X#781
609,aor_class,824,827,XI,https://en.wikisource.org/wiki/Sanskrit_Grammar_(Whitney)/Chapter_XI#824
609,aor_root,828,846,XI,https://en.wikisource.org/wiki/Sanskrit_Grammar_(Whitney)/Chapter_XI#828
609,aor_redup,856,873,XI,https://en.wikisource.org/wiki/Sanskrit_Grammar_(Whitney)/Chapter_XI#856
609,aor_s,878,897,XI,https://en.wikisource.org/wiki/Sanskrit_Grammar_(Whitney)/Chapter_XI#878
609,aor_is,898,911,XI,https://en.wikisource.org/wiki/Sanskrit_Grammar_(Whitney)/Chapter_XI#898
609,s_future,931,940,XII,https://en.wikisource.org/wiki/Sanskrit_Grammar_(Whitney)/Chapter_XII#931
609,periphrastic_future,942,949,XII,https://en.wikisource.org/wiki/Sanskrit_Grammar_(Whitney)/Chapter_XII#942
609,causative,1041,1052,XIV,https://en.wikisource.org/wiki/Sanskrit_Grammar_(Whitney)/Chapter_XIV#1041
609,desiderative,1026,1040,XIV,https://en.wikisource.org/wiki/Sanskrit_Grammar_(Whitney)/Chapter_XIV#1026
609,intensive,1000,1025,XIV,https://en.wikisource.org/wiki/Sanskrit_Grammar_(Whitney)/Chapter_XIV#1000
609,ppp,952,958,XIII,https://en.wikisource.org/wiki/Sanskrit_Grammar_(Whitney)/Chapter_XIII#952
609,infinitive,968,979,XIII,https://en.wikisource.org/wiki/Sanskrit_Grammar_(Whitney)/Chapter_XIII#968
610,present_ya,759,767,IX,https://en.wikisource.org/wiki/Sanskrit_Grammar_(Whitney)/Chapter_IX#759
610,perfect,781,823,X,https://en.wikisource.org/wiki/Sanskrit_Grammar_(Whitney)/Chapter_X#781
610,aor_class,824,827,XI,https://en.wikisource.org/wiki/Sanskrit_Grammar_(Whitney)/Chapter_XI#824
610,aor_a,847,855,XI,https://en.wikisource.org/wiki/Sanskrit_Grammar_(Whitney)/Chapter_XI#847
610,aor_redup,856,873,XI,https://en.wikisource.org/wiki/Sanskrit_Grammar_(Whitney)/Chapter_XI#856
610,s_future,931,940,XII,https://en.wikisource.org/wiki/Sanskrit_Grammar_(Whitney)/Chapter_XII#931
610,periphrastic_future,942,949,XII,https://en.wikisource.org/wiki/Sanskrit_Grammar_(Whitney)/Chapter_XII#942
610,causative,1041,1052,XIV,https://en.wikisource.org/wiki/Sanskrit_Grammar_(Whitney)/Chapter_XIV#1041
610,intensive,1000,1025,XIV,https://en.wikisource.org/wiki/Sanskrit_Grammar_(Whitney)/Chapter_XIV#1000
610,ppp,952,958,XIII,https://en.wikisource.org/wiki/Sanskrit_Grammar_(Whitney)/Chapter_XIII#952
612,present_a,733,750,IX,https://en.wikisource.org/wiki/Sanskrit_Grammar_(Whitney)/Chapter_IX#733
612,perfect,781,823,X,https://en.wikisource.org/wiki/Sanskrit_Grammar_(Whitney)/Chapter_X#781
612,aor_class,824,827,XI,https://en.wikisource.org/wiki/Sanskrit_Grammar_(Whitney)/Chapter_XI#824
612,aor_redup,856,873,XI,https://en.wikisource.org/wiki/Sanskrit_Grammar_(Whitney)/Chapter_XI#856
612,aor_is,898,911,XI,https://en.wikisource.org/wiki/Sanskrit_Grammar_(Whitney)/Chapter_XI#898
612,s_future,931,940,XII,https://en.wikisource.org/wiki/Sanskrit_Grammar_(Whitney)/Chapter_XII#931
612,periphrastic_future,942,949,XII,https://en.wikisource.org/wiki/Sanskrit_Grammar_(Whitney)/Chapter_XII#942
612,causative,1041,1052,XIV,https://en.wikisource.org/wiki/Sanskrit_Grammar_(Whitney)/Chapter_XIV#1041
612,ppp,952,958,XIII,https://en.wikisource.org/wiki/Sanskrit_Grammar_(Whitney)/Chapter_XIII#952
613,present_a,733,750,IX,https://en.wikisource.org/wiki/Sanskrit_Grammar_(Whitney)/Chapter_IX#733
613,passive_present,768,774,IX,https://en.wikisource.org/wiki/Sanskrit_Grammar_(Whitney)/Chapter_IX#768
613,perfect,781,823,X,https://en.wikisource.org/wiki/Sanskrit_Grammar_(Whitney)/Chapter_X#781
613,aor_class,824,827,XI,https://en.wikisource.org/wiki/Sanskrit_Grammar_(Whitney)/Chapter_XI#824
613,aor_root,828,846,XI,https://en.wikisource.org/wiki/Sanskrit_Grammar_(Whitney)/Chapter_XI#828
613,aor_redup,856,873,XI,https://en.wikisource.org/wiki/Sanskrit_Grammar_(Whitney)/Chapter_XI#856
613,aor_s,878,897,XI,https://en.wikisource.org/wiki/Sanskrit_Grammar_(Whitney)/Chapter_XI#878
613,s_future,931,940,XII,https://en.wikisource.org/wiki/Sanskrit_Grammar_(Whitney)/Chapter_XII#931
613,periphrastic_future,942,949,XII,https://en.wikisource.org/wiki/Sanskrit_Grammar_(Whitney)/Chapter_XII#942
613,causative,1041,1052,XIV,https://en.wikisource.org/wiki/Sanskrit_Grammar_(Whitney)/Chapter_XIV#1041
613,desiderative,1026,1040,XIV,https://en.wikisource.org/wiki/Sanskrit_Grammar_(Whitney)/Chapter_XIV#1026
613,intensive,1000,1025,XIV,https://en.wikisource.org/wiki/Sanskrit_Grammar_(Whitney)/Chapter_XIV#1000
613,ppp,952,958,XIII,https://en.wikisource.org/wiki/Sanskrit_Grammar_(Whitney)/Chapter_XIII#952
613,infinitive,968,979,XIII,https://en.wikisource.org/wiki/Sanskrit_Grammar_(Whitney)/Chapter_XIII#968
613,gerund,989,994,XIII,https://en.wikisource.org/wiki/Sanskrit_Grammar_(Whitney)/Chapter_XIII#989
614,present_a,733,750,IX,https://en.wikisource.org/wiki/Sanskrit_Grammar_(Whitney)/Chapter_IX#733
615,aor_class,824,827,XI,https://en.wikisource.org/wiki/Sanskrit_Grammar_(Whitney)/Chapter_XI#824
615,aor_root,828,846,XI,https://en.wikisource.org/wiki/Sanskrit_Grammar_(Whitney)/Chapter_XI#828
615,aor_redup,856,873,XI,https://en.wikisource.org/wiki/Sanskrit_Grammar_(Whitney)/Chapter_XI#856
615,s_future,931,940,XII,https://en.wikisource.org/wiki/Sanskrit_Grammar_(Whitney)/Chapter_XII#931
615,causative,1041,1052,XIV,https://en.wikisource.org/wiki/Sanskrit_Grammar_(Whitney)/Chapter_XIV#1041
617,present_a,733,750,IX,https://en.wikisource.org/wiki/Sanskrit_Grammar_(Whitney)/Chapter_IX#733
617,present_ya,759,767,IX,https://en.wikisource.org/wiki/Sanskrit_Grammar_(Whitney)/Chapter_IX#759
617,passive_present,768,774,IX,https://en.wikisource.org/wiki/Sanskrit_Grammar_(Whitney)/Chapter_IX#768
617,perfect,781,823,X,https://en.wikisource.org/wiki/Sanskrit_Grammar_(Whitney)/Chapter_X#781
617,aor_class,824,827,XI,https://en.wikisource.org/wiki/Sanskrit_Grammar_(Whitney)/Chapter_XI#824
617,aor_redup,856,873,XI,https://en.wikisource.org/wiki/Sanskrit_Grammar_(Whitney)/Chapter_XI#856
617,aor_is,898,911,XI,https://en.wikisource.org/wiki/Sanskrit_Grammar_(Whitney)/Chapter_XI#898
617,s_future,931,940,XII,https://en.wikisource.org/wiki/Sanskrit_Grammar_(Whitney)/Chapter_XII#931
617,periphrastic_future,942,949,XII,https://en.wikisource.org/wiki/Sanskrit_Grammar_(Whitney)/Chapter_XII#942
617,causative,1041,1052,XIV,https://en.wikisource.org/wiki/Sanskrit_Grammar_(Whitney)/Chapter_XIV#1041
617,desiderative,1026,1040,XIV,https://en.wikisource.org/wiki/Sanskrit_Grammar_(Whitney)/Chapter_XIV#1026
617,intensive,1000,1025,XIV,https://en.wikisource.org/wiki/Sanskrit_Grammar_(Whitney)/Chapter_XIV#1000
617,ppp,952,958,XIII,https://en.wikisource.org/wiki/Sanskrit_Grammar_(Whitney)/Chapter_XIII#952
617,gerund,989,994,XIII,https://en.wikisource.org/wiki/Sanskrit_Grammar_(Whitney)/Chapter_XIII#989
619,present_a,733,750,IX,https://en.wikisource.org/wiki/Sanskrit_Grammar_(Whitney)/Chapter_IX#733
619,perfect,781,823,X,https://en.wikisource.org/wiki/Sanskrit_Grammar_(Whitney)/Chapter_X#781
619,aor_class,824,827,XI,https://en.wikisource.org/wiki/Sanskrit_Grammar_(Whitney)/Chapter_XI#824
619,aor_redup,856,873,XI,https://en.wikisource.org/wiki/Sanskrit_Grammar_(Whitney)/Chapter_XI#856
619,aor_is,898,911,XI,https://en.wikisource.org/wiki/Sanskrit_Grammar_(Whitney)/Chapter_XI#898
619,s_future,931,940,XII,https://en.wikisource.org/wiki/Sanskrit_Grammar_(Whitney)/Chapter_XII#931
619,periphrastic_future,942,949,XII,https://en.wikisource.org/wiki/Sanskrit_Grammar_(Whitney)/Chapter_XII#942
619,intensive,1000,1025,XIV,https://en.wikisource.org/wiki/Sanskrit_Grammar_(Whitney)/Chapter_XIV#1000
619,ppp,952,958,XIII,https://en.wikisource.org/wiki/Sanskrit_Grammar_(Whitney)/Chapter_XIII#952
620,present_a,733,750,IX,https://en.wikisource.org/wiki/Sanskrit_Grammar_(Whitney)/Chapter_IX#733
621,present_a,733,750,IX,https://en.wikisource.org/wiki/Sanskrit_Grammar_(Whitney)/Chapter_IX#733
621,present_root,611,641,IX,https://en.wikisource.org/wiki/Sanskrit_Grammar_(Whitney)/Chapter_IX#611
621,perfect,781,823,X,https://en.wikisource.org/wiki/Sanskrit_Grammar_(Whitney)/Chapter_X#781
621,aor_class,824,827,XI,https://en.wikisource.org/wiki/Sanskrit_Grammar_(Whitney)/Chapter_XI#824
621,aor_is,898,911,XI,https://en.wikisource.org/wiki/Sanskrit_Grammar_(Whitney)/Chapter_XI#898
621,s_future,931,940,XII,https://en.wikisource.org/wiki/Sanskrit_Grammar_(Whitney)/Chapter_XII#931
621,periphrastic_future,942,949,XII,https://en.wikisource.org/wiki/Sanskrit_Grammar_(Whitney)/Chapter_XII#942
621,ppp,952,958,XIII,https://en.wikisource.org/wiki/Sanskrit_Grammar_(Whitney)/Chapter_XIII#952
622,present_root,611,641,IX,https://en.wikisource.org/wiki/Sanskrit_Grammar_(Whitney)/Chapter_IX#611
622,present_ya,759,767,IX,https://en.wikisource.org/wiki/Sanskrit_Grammar_(Whitney)/Chapter_IX#759
622,perfect,781,823,X,https://en.wikisource.org/wiki/Sanskrit_Grammar_(Whitney)/Chapter_X#781
622,aor_class,824,827,XI,https://en.wikisource.org/wiki/Sanskrit_Grammar_(Whitney)/Chapter_XI#824
622,aor_a,847,855,XI,https://en.wikisource.org/wiki/Sanskrit_Grammar_(Whitney)/Chapter_XI#847
622,aor_redup,856,873,XI,https://en.wikisource.org/wiki/Sanskrit_Grammar_(Whitney)/Chapter_XI#856
622,aor_is,898,911,XI,https://en.wikisource.org/wiki/Sanskrit_Grammar_(Whitney)/Chapter_XI#898
622,s_future,931,940,XII,https://en.wikisource.org/wiki/Sanskrit_Grammar_(Whitney)/Chapter_XII#931
622,periphrastic_future,942,949,XII,https://en.wikisource.org/wiki/Sanskrit_Grammar_(Whitney)/Chapter_XII#942
622,causative,1041,1052,XIV,https://en.wikisource.org/wiki/Sanskrit_Grammar_(Whitney)/Chapter_XIV#1041
622,desiderative,1026,1040,XIV,https://en.wikisource.org/wiki/Sanskrit_Grammar_(Whitney)/Chapter_XIV#1026
622,intensive,1000,1025,XIV,https://en.wikisource.org/wiki/Sanskrit_Grammar_(Whitney)/Chapter_XIV#1000
622,ppp,952,958,XIII,https://en.wikisource.org/wiki/Sanskrit_Grammar_(Whitney)/Chapter_XIII#952
622,infinitive,968,979,XIII,https://en.wikisource.org/wiki/Sanskrit_Grammar_(Whitney)/Chapter_XIII#968
623,present_a,733,750,IX,https://en.wikisource.org/wiki/Sanskrit_Grammar_(Whitney)/Chapter_IX#733
623,present_ya,759,767,IX,https://en.wikisource.org/wiki/Sanskrit_Grammar_(Whitney)/Chapter_IX#759
623,perfect,781,823,X,https://en.wikisource.org/wiki/Sanskrit_Grammar_(Whitney)/Chapter_X#781
623,aor_class,824,827,XI,https://en.wikisource.org/wiki/Sanskrit_Grammar_(Whitney)/Chapter_XI#824
623,aor_redup,856,873,XI,https://en.wikisource.org/wiki/Sanskrit_Grammar_(Whitney)/Chapter_XI#856
623,aor_is,898,911,XI,https://en.wikisource.org/wiki/Sanskrit_Grammar_(Whitney)/Chapter_XI#898
623,s_future,931,940,XII,https://en.wikisource.org/wiki/Sanskrit_Grammar_(Whitney)/Chapter_XII#931
623,periphrastic_future,942,949,XII,https://en.wikisource.org/wiki/Sanskrit_Grammar_(Whitney)/Chapter_XII#942
623,causative,1041,1052,XIV,https://en.wikisource.org/wiki/Sanskrit_Grammar_(Whitney)/Chapter_XIV#1041
623,desiderative,1026,1040,XIV,https://en.wikisource.org/wiki/Sanskrit_Grammar_(Whitney)/Chapter_XIV#1026
623,intensive,1000,1025,XIV,https://en.wikisource.org/wiki/Sanskrit_Grammar_(Whitney)/Chapter_XIV#1000
624,present_a,733,750,IX,https://en.wikisource.org/wiki/Sanskrit_Grammar_(Whitney)/Chapter_IX#733
624,causative,1041,1052,XIV,https://en.wikisource.org/wiki/Sanskrit_Grammar_(Whitney)/Chapter_XIV#1041
625,present_a,733,750,IX,https://en.wikisource.org/wiki/Sanskrit_Grammar_(Whitney)/Chapter_IX#733
625,intensive,1000,1025,XIV,https://en.wikisource.org/wiki/Sanskrit_Grammar_(Whitney)/Chapter_XIV#1000
626,present_a,733,750,IX,https://en.wikisource.org/wiki/Sanskrit_Grammar_(Whitney)/Chapter_IX#733
626,perfect,781,823,X,https://en.wikisource.org/wiki/Sanskrit_Grammar_(Whitney)/Chapter_X#781
628,present_a,733,750,IX,https://en.wikisource.org/wiki/Sanskrit_Grammar_(Whitney)/Chapter_IX#733
628,passive_present,768,774,IX,https://en.wikisource.org/wiki/Sanskrit_Grammar_(Whitney)/Chapter_IX#768
628,perfect,781,823,X,https://en.wikisource.org/wiki/Sanskrit_Grammar_(Whitney)/Chapter_X#781
628,aor_class,824,827,XI,https://en.wikisource.org/wiki/Sanskrit_Grammar_(Whitney)/Chapter_XI#824
628,aor_root,828,846,XI,https://en.wikisource.org/wiki/Sanskrit_Grammar_(Whitney)/Chapter_XI#828
628,aor_redup,856,873,XI,https://en.wikisource.org/wiki/Sanskrit_Grammar_(Whitney)/Chapter_XI#856
628,aor_s,878,897,XI,https://en.wikisource.org/wiki/Sanskrit_Grammar_(Whitney)/Chapter_XI#878
628,s_future,931,940,XII,https://en.wikisource.org/wiki/Sanskrit_Grammar_(Whitney)/Chapter_XII#931
628,periphrastic_future,942,949,XII,https://en.wikisource.org/wiki/Sanskrit_Grammar_(Whitney)/Chapter_XII#942
628,causative,1041,1052,XIV,https://en.wikisource.org/wiki/Sanskrit_Grammar_(Whitney)/Chapter_XIV#1041
628,desiderative,1026,1040,XIV,https://en.wikisource.org/wiki/Sanskrit_Grammar_(Whitney)/Chapter_XIV#1026
628,intensive,1000,1025,XIV,https://en.wikisource.org/wiki/Sanskrit_Grammar_(Whitney)/Chapter_XIV#1000
628,ppp,952,958,XIII,https://en.wikisource.org/wiki/Sanskrit_Grammar_(Whitney)/Chapter_XIII#952
628,infinitive,968,979,XIII,https://en.wikisource.org/wiki/Sanskrit_Grammar_(Whitney)/Chapter_XIII#968
628,gerund,989,994,XIII,https://en.wikisource.org/wiki/Sanskrit_Grammar_(Whitney)/Chapter_XIII#989
629,present_a,733,750,IX,https://en.wikisource.org/wiki/Sanskrit_Grammar_(Whitney)/Chapter_IX#733
629,present_na,717,732,IX,https://en.wikisource.org/wiki/Sanskrit_Grammar_(Whitney)/Chapter_IX#717
629,passive_present,768,774,IX,https://en.wikisource.org/wiki/Sanskrit_Grammar_(Whitney)/Chapter_IX#768
629,perfect,781,823,X,https://en.wikisource.org/wiki/Sanskrit_Grammar_(Whitney)/Chapter_X#781
629,aor_class,824,827,XI,https://en.wikisource.org/wiki/Sanskrit_Grammar_(Whitney)/Chapter_XI#824
629,aor_root,828,846,XI,https://en.wikisource.org/wiki/Sanskrit_Grammar_(Whitney)/Chapter_XI#828
629,aor_redup,856,873,XI,https://en.wikisource.org/wiki/Sanskrit_Grammar_(Whitney)/Chapter_XI#856
629,aor_s,878,897,XI,https://en.wikisource.org/wiki/Sanskrit_Grammar_(Whitney)/Chapter_XI#878
629,aor_sis,912,915,XI,https://en.wikisource.org/wiki/Sanskrit_Grammar_(Whitney)/Chapter_XI#912
629,s_future,931,940,XII,https://en.wikisource.org/wiki/Sanskrit_Grammar_(Whitney)/Chapter_XII#931
629,periphrastic_future,942,949,XII,https://en.wikisource.org/wiki/Sanskrit_Grammar_(Whitney)/Chapter_XII#942
629,causative,1041,1052,XIV,https://en.wikisource.org/wiki/Sanskrit_Grammar_(Whitney)/Chapter_XIV#1041
629,desiderative,1026,1040,XIV,https://en.wikisource.org/wiki/Sanskrit_Grammar_(Whitney)/Chapter_XIV#1026
629,intensive,1000,1025,XIV,https://en.wikisource.org/wiki/Sanskrit_Grammar_(Whitney)/Chapter_XIV#1000
629,ppp,952,958,XIII,https://en.wikisource.org/wiki/Sanskrit_Grammar_(Whitney)/Chapter_XIII#952
629,infinitive,968,979,XIII,https://en.wikisource.org/wiki/Sanskrit_Grammar_(Whitney)/Chapter_XIII#968
629,gerund,989,994,XIII,https://en.wikisource.org/wiki/Sanskrit_Grammar_(Whitney)/Chapter_XIII#989
630,present_a,733,750,IX,https://en.wikisource.org/wiki/Sanskrit_Grammar_(Whitney)/Chapter_IX#733
631,present_a,733,750,IX,https://en.wikisource.org/wiki/Sanskrit_Grammar_(Whitney)/Chapter_IX#733
633,present_a,733,750,IX,https://en.wikisource.org/wiki/Sanskrit_Grammar_(Whitney)/Chapter_IX#733
633,perfect,781,823,X,https://en.wikisource.org/wiki/Sanskrit_Grammar_(Whitney)/Chapter_X#781
633,aor_class,824,827,XI,https://en.wikisource.org/wiki/Sanskrit_Grammar_(Whitney)/Chapter_XI#824
633,aor_redup,856,873,XI,https://en.wikisource.org/wiki/Sanskrit_Grammar_(Whitney)/Chapter_XI#856
633,aor_is,898,911,XI,https://en.wikisource.org/wiki/Sanskrit_Grammar_(Whitney)/Chapter_XI#898
633,s_future,931,940,XII,https://en.wikisource.org/wiki/Sanskrit_Grammar_(Whitney)/Chapter_XII#931
633,periphrastic_future,942,949,XII,https://en.wikisource.org/wiki/Sanskrit_Grammar_(Whitney)/Chapter_XII#942
633,causative,1041,1052,XIV,https://en.wikisource.org/wiki/Sanskrit_Grammar_(Whitney)/Chapter_XIV#1041
633,desiderative,1026,1040,XIV,https://en.wikisource.org/wiki/Sanskrit_Grammar_(Whitney)/Chapter_XIV#1026
633,intensive,1000,1025,XIV,https://en.wikisource.org/wiki/Sanskrit_Grammar_(Whitney)/Chapter_XIV#1000
634,present_a,733,750,IX,https://en.wikisource.org/wiki/Sanskrit_Grammar_(Whitney)/Chapter_IX#733
634,perfect,781,823,X,https://en.wikisource.org/wiki/Sanskrit_Grammar_(Whitney)/Chapter_X#781
634,aor_class,824,827,XI,https://en.wikisource.org/wiki/Sanskrit_Grammar_(Whitney)/Chapter_XI#824
634,aor_redup,856,873,XI,https://en.wikisource.org/wiki/Sanskrit_Grammar_(Whitney)/Chapter_XI#856
634,aor_is,898,911,XI,https://en.wikisource.org/wiki/Sanskrit_Grammar_(Whitney)/Chapter_XI#898
634,s_future,931,940,XII,https://en.wikisource.org/wiki/Sanskrit_Grammar_(Whitney)/Chapter_XII#931
634,periphrastic_future,942,949,XII,https://en.wikisource.org/wiki/Sanskrit_Grammar_(Whitney)/Chapter_XII#942
634,causative,1041,1052,XIV,https://en.wikisource.org/wiki/Sanskrit_Grammar_(Whitney)/Chapter_XIV#1041
634,ppp,952,958,XIII,https://en.wikisource.org/wiki/Sanskrit_Grammar_(Whitney)/Chapter_XIII#952
634,infinitive,968,979,XIII,https://en.wikisource.org/wiki/Sanskrit_Grammar_(Whitney)/Chapter_XIII#968
635,present_a,733,750,IX,https://en.wikisource.org/wiki/Sanskrit_Grammar_(Whitney)/Chapter_IX#733
635,present_root,611,641,IX,https://en.wikisource.org/wiki/Sanskrit_Grammar_(Whitney)/Chapter_IX#611
635,present_redup,642,682,IX,https://en.wikisource.org/wiki/Sanskrit_Grammar_(Whitney)/Chapter_IX#642
635,perfect,781,823,X,https://en.wikisource.org/wiki/Sanskrit_Grammar_(Whitney)/Chapter_X#781
635,aor_class,824,827,XI,https://en.wikisource.org/wiki/Sanskrit_Grammar_(Whitney)/Chapter_XI#824
635,aor_s,878,897,XI,https://en.wikisource.org/wiki/Sanskrit_Grammar_(Whitney)/Chapter_XI#878
635,s_future,931,940,XII,https://en.wikisource.org/wiki/Sanskrit_Grammar_(Whitney)/Chapter_XII#931
635,periphrastic_future,942,949,XII,https://en.wikisource.org/wiki/Sanskrit_Grammar_(Whitney)/Chapter_XII#942
635,ppp,952,958,XIII,https://en.wikisource.org/wiki/Sanskrit_Grammar_(Whitney)/Chapter_XIII#952
636,present_ya,759,767,IX,https://en.wikisource.org/wiki/Sanskrit_Grammar_(Whitney)/Chapter_IX#759
636,perfect,781,823,X,https://en.wikisource.org/wiki/Sanskrit_Grammar_(Whitney)/Chapter_X#781
636,aor_class,824,827,XI,https://en.wikisource.org/wiki/Sanskrit_Grammar_(Whitney)/Chapter_XI#824
636,aor_is,898,911,XI,https://en.wikisource.org/wiki/Sanskrit_Grammar_(Whitney)/Chapter_XI#898
636,s_future,931,940,XII,https://en.wikisource.org/wiki/Sanskrit_Grammar_(Whitney)/Chapter_XII#931
636,periphrastic_future,942,949,XII,https://en.wikisource.org/wiki/Sanskrit_Grammar_(Whitney)/Chapter_XII#942
637,present_a,733,750,IX,https://en.wikisource.org/wiki/Sanskrit_Grammar_(Whitney)/Chapter_IX#733
637,present_root,611,641,IX,https://en.wikisource.org/wiki/Sanskrit_Grammar_(Whitney)/Chapter_IX#611
637,perfect,781,823,X,https://en.wikisource.org/wiki/Sanskrit_Grammar_(Whitney)/Chapter_X#781
637,aor_class,824,827,XI,https://en.wikisource.org/wiki/Sanskrit_Grammar_(Whitney)/Chapter_XI#824
637,aor_root,828,846,XI,https://en.wikisource.org/wiki/Sanskrit_Grammar_(Whitney)/Chapter_XI#828
637,aor_redup,856,873,XI,https://en.wikisource.org/wiki/Sanskrit_Grammar_(Whitney)/Chapter_XI#856
637,aor_is,898,911,XI,https://en.wikisource.org/wiki/Sanskrit_Grammar_(Whitney)/Chapter_XI#898
637,s_future,931,940,XII,https://en.wikisource.org/wiki/Sanskrit_Grammar_(Whitney)/Chapter_XII#931
637,periphrastic_future,942,949,XII,https://en.wikisource.org/wiki/Sanskrit_Grammar_(Whitney)/Chapter_XII#942
637,causative,1041,1052,XIV,https://en.wikisource.org/wiki/Sanskrit_Grammar_(Whitney)/Chapter_XIV#1041
637,desiderative,1026,1040,XIV,https://en.wikisource.org/wiki/Sanskrit_Grammar_(Whitney)/Chapter_XIV#1026
637,intensive,1000,1025,XIV,https://en.wikisource.org/wiki/Sanskrit_Grammar_(Whitney)/Chapter_XIV#1000
638,present_nu_u,697,716,IX,https://en.wikisource.org/wiki/Sanskrit_Grammar_(Whitney)/Chapter_IX#697
638,present_ya,759,767,IX,https://en.wikisource.org/wiki/Sanskrit_Grammar_(Whitney)/Chapter_IX#759
638,passive_present,768,774,IX,https://en.wikisource.org/wiki/Sanskrit_Grammar_(Whitney)/Chapter_IX#768
638,perfect,781,823,X,https://en.wikisource.org/wiki/Sanskrit_Grammar_(Whitney)/Chapter_X#781
638,aor_class,824,827,XI,https://en.wikisource.org/wiki/Sanskrit_Grammar_(Whitney)/Chapter_XI#824
638,aor_root,828,846,XI,https://en.wikisource.org/wiki/Sanskrit_Grammar_(Whitney)/Chapter_XI#828
638,aor_redup,856,873,XI,https://en.wikisource.org/wiki/Sanskrit_Grammar_(Whitney)/Chapter_XI#856
638,aor_s,878,897,XI,https://en.wikisource.org/wiki/Sanskrit_Grammar_(Whitney)/Chapter_XI#878
638,aor_is,898,911,XI,https://en.wikisource.org/wiki/Sanskrit_Grammar_(Whitney)/Chapter_XI#898
638,s_future,931,940,XII,https://en.wikisource.org/wiki/Sanskrit_Grammar_(Whitney)/Chapter_XII#931
638,periphrastic_future,942,949,XII,https://en.wikisource.org/wiki/Sanskrit_Grammar_(Whitney)/Chapter_XII#942
638,causative,1041,1052,XIV,https://en.wikisource.org/wiki/Sanskrit_Grammar_(Whitney)/Chapter_XIV#1041
638,desiderative,1026,1040,XIV,https://en.wikisource.org/wiki/Sanskrit_Grammar_(Whitney)/Chapter_XIV#1026
638,intensive,1000,1025,XIV,https://en.wikisource.org/wiki/Sanskrit_Grammar_(Whitney)/Chapter_XIV#1000
638,ppp,952,958,XIII,https://en.wikisource.org/wiki/Sanskrit_Grammar_(Whitney)/Chapter_XIII#952
638,gerund,989,994,XIII,https://en.wikisource.org/wiki/Sanskrit_Grammar_(Whitney)/Chapter_XIII#989
639,present_a,733,750,IX,https://en.wikisource.org/wiki/Sanskrit_Grammar_(Whitney)/Chapter_IX#733
639,perfect,781,823,X,https://en.wikisource.org/wiki/Sanskrit_Grammar_(Whitney)/Chapter_X#781
639,aor_class,824,827,XI,https://en.wikisource.org/wiki/Sanskrit_Grammar_(Whitney)/Chapter_XI#824
639,aor_is,898,911,XI,https://en.wikisource.org/wiki/Sanskrit_Grammar_(Whitney)/Chapter_XI#898
639,s_future,931,940,XII,https://en.wikisource.org/wiki/Sanskrit_Grammar_(Whitney)/Chapter_XII#931
639,periphrastic_future,942,949,XII,https://en.wikisource.org/wiki/Sanskrit_Grammar_(Whitney)/Chapter_XII#942
639,intensive,1000,1025,XIV,https://en.wikisource.org/wiki/Sanskrit_Grammar_(Whitney)/Chapter_XIV#1000
641,present_ya,759,767,IX,https://en.wikisource.org/wiki/Sanskrit_Grammar_(Whitney)/Chapter_IX#759
641,present_nu_u,697,716,IX,https://en.wikisource.org/wiki/Sanskrit_Grammar_(Whitney)/Chapter_IX#697
641,present_acc_a,751,758,IX,https://en.wikisource.org/wiki/Sanskrit_Grammar_(Whitney)/Chapter_IX#751
641,present_na,717,732,IX,https://en.wikisource.org/wiki/Sanskrit_Grammar_(Whitney)/Chapter_IX#717
641,passive_present,768,774,IX,https://en.wikisource.org/wiki/Sanskrit_Grammar_(Whitney)/Chapter_IX#768
641,perfect,781,823,X,https://en.wikisource.org/wiki/Sanskrit_Grammar_(Whitney)/Chapter_X#781
641,aor_class,824,827,XI,https://en.wikisource.org/wiki/Sanskrit_Grammar_(Whitney)/Chapter_XI#824
641,aor_redup,856,873,XI,https://en.wikisource.org/wiki/Sanskrit_Grammar_(Whitney)/Chapter_XI#856
641,aor_is,898,911,XI,https://en.wikisource.org/wiki/Sanskrit_Grammar_(Whitney)/Chapter_XI#898
641,s_future,931,940,XII,https://en.wikisource.org/wiki/Sanskrit_Grammar_(Whitney)/Chapter_XII#931
641,periphrastic_future,942,949,XII,https://en.wikisource.org/wiki/Sanskrit_Grammar_(Whitney)/Chapter_XII#942
641,causative,1041,1052,XIV,https://en.wikisource.org/wiki/Sanskrit_Grammar_(Whitney)/Chapter_XIV#1041
641,desiderative,1026,1040,XIV,https://en.wikisource.org/wiki/Sanskrit_Grammar_(Whitney)/Chapter_XIV#1026
641,intensive,1000,1025,XIV,https://en.wikisource.org/wiki/Sanskrit_Grammar_(Whitney)/Chapter_XIV#1000
642,present_acc_a,751,758,IX,https://en.wikisource.org/wiki/Sanskrit_Grammar_(Whitney)/Chapter_IX#751
643,present_a,733,750,IX,https://en.wikisource.org/wiki/Sanskrit_Grammar_(Whitney)/Chapter_IX#733
643,perfect,781,823,X,https://en.wikisource.org/wiki/Sanskrit_Grammar_(Whitney)/Chapter_X#781
643,causative,1041,1052,XIV,https://en.wikisource.org/wiki/Sanskrit_Grammar_(Whitney)/Chapter_XIV#1041
644,present_nasal,683,696,IX,https://en.wikisource.org/wiki/Sanskrit_Grammar_(Whitney)/Chapter_IX#683
644,passive_present,768,774,IX,https://en.wikisource.org/wiki/Sanskrit_Grammar_(Whitney)/Chapter_IX#768
644,perfect,781,823,X,https://en.wikisource.org/wiki/Sanskrit_Grammar_(Whitney)/Chapter_X#781
644,aor_class,824,827,XI,https://en.wikisource.org/wiki/Sanskrit_Grammar_(Whitney)/Chapter_XI#824
644,aor_root,828,846,XI,https://en.wikisource.org/wiki/Sanskrit_Grammar_(Whitney)/Chapter_XI#828
644,aor_a,847,855,XI,https://en.wikisource.org/wiki/Sanskrit_Grammar_(Whitney)/Chapter_XI#847
644,aor_redup,856,873,XI,https://en.wikisource.org/wiki/Sanskrit_Grammar_(Whitney)/Chapter_XI#856
644,aor_s,878,897,XI,https://en.wikisource.org/wiki/Sanskrit_Grammar_(Whitney)/Chapter_XI#878
644,s_future,931,940,XII,https://en.wikisource.org/wiki/Sanskrit_Grammar_(Whitney)/Chapter_XII#931
644,periphrastic_future,942,949,XII,https://en.wikisource.org/wiki/Sanskrit_Grammar_(Whitney)/Chapter_XII#942
644,causative,1041,1052,XIV,https://en.wikisource.org/wiki/Sanskrit_Grammar_(Whitney)/Chapter_XIV#1041
644,desiderative,1026,1040,XIV,https://en.wikisource.org/wiki/Sanskrit_Grammar_(Whitney)/Chapter_XIV#1026
644,intensive,1000,1025,XIV,https://en.wikisource.org/wiki/Sanskrit_Grammar_(Whitney)/Chapter_XIV#1000
644,ppp,952,958,XIII,https://en.wikisource.org/wiki/Sanskrit_Grammar_(Whitney)/Chapter_XIII#952
646,present_a,733,750,IX,https://en.wikisource.org/wiki/Sanskrit_Grammar_(Whitney)/Chapter_IX#733
646,present_acc_a,751,758,IX,https://en.wikisource.org/wiki/Sanskrit_Grammar_(Whitney)/Chapter_IX#751
646,passive_present,768,774,IX,https://en.wikisource.org/wiki/Sanskrit_Grammar_(Whitney)/Chapter_IX#768
646,perfect,781,823,X,https://en.wikisource.org/wiki/Sanskrit_Grammar_(Whitney)/Chapter_X#781
646,ppp,952,958,XIII,https://en.wikisource.org/wiki/Sanskrit_Grammar_(Whitney)/Chapter_XIII#952
647,present_a,733,750,IX,https://en.wikisource.org/wiki/Sanskrit_Grammar_(Whitney)/Chapter_IX#733
647,passive_present,768,774,IX,https://en.wikisource.org/wiki/Sanskrit_Grammar_(Whitney)/Chapter_IX#768
647,perfect,781,823,X,https://en.wikisource.org/wiki/Sanskrit_Grammar_(Whitney)/Chapter_X#781
647,aor_class,824,827,XI,https://en.wikisource.org/wiki/Sanskrit_Grammar_(Whitney)/Chapter_XI#824
647,aor_is,898,911,XI,https://en.wikisource.org/wiki/Sanskrit_Grammar_(Whitney)/Chapter_XI#898
647,s_future,931,940,XII,https://en.wikisource.org/wiki/Sanskrit_Grammar_(Whitney)/Chapter_XII#931
647,periphrastic_future,942,949,XII,https://en.wikisource.org/wiki/Sanskrit_Grammar_(Whitney)/Chapter_XII#942
648,present_acc_a,751,758,IX,https://en.wikisource.org/wiki/Sanskrit_Grammar_(Whitney)/Chapter_IX#751
649,present_a,733,750,IX,https://en.wikisource.org/wiki/Sanskrit_Grammar_(Whitney)/Chapter_IX#733
649,present_ya,759,767,IX,https://en.wikisource.org/wiki/Sanskrit_Grammar_(Whitney)/Chapter_IX#759
649,perfect,781,823,X,https://en.wikisource.org/wiki/Sanskrit_Grammar_(Whitney)/Chapter_X#781
649,aor_class,824,827,XI,https://en.wikisource.org/wiki/Sanskrit_Grammar_(Whitney)/Chapter_XI#824
649,aor_root,828,846,XI,https://en.wikisource.org/wiki/Sanskrit_Grammar_(Whitney)/Chapter_XI#828
649,aor_a,847,855,XI,https://en.wikisource.org/wiki/Sanskrit_Grammar_(Whitney)/Chapter_XI#847
649,aor_redup,856,873,XI,https://en.wikisource.org/wiki/Sanskrit_Grammar_(Whitney)/Chapter_XI#856
649,aor_is,898,911,XI,https://en.wikisource.org/wiki/Sanskrit_Grammar_(Whitney)/Chapter_XI#898
649,s_future,931,940,XII,https://en.wikisource.org/wiki/Sanskrit_Grammar_(Whitney)/Chapter_XII#931
649,periphrastic_future,942,949,XII,https://en.wikisource.org/wiki/Sanskrit_Grammar_(Whitney)/Chapter_XII#942
649,causative,1041,1052,XIV,https://en.wikisource.org/wiki/Sanskrit_Grammar_(Whitney)/Chapter_XIV#1041
649,desiderative,1026,1040,XIV,https://en.wikisource.org/wiki/Sanskrit_Grammar_(Whitney)/Chapter_XIV#1026
649,intensive,1000,1025,XIV,https://en.wikisource.org/wiki/Sanskrit_Grammar_(Whitney)/Chapter_XIV#1000
649,ppp,952,958,XIII,https://en.wikisource.org/wiki/Sanskrit_Grammar_(Whitney)/Chapter_XIII#952
650,present_root,611,641,IX,https://en.wikisource.org/wiki/Sanskrit_Grammar_(Whitney)/Chapter_IX#611
650,perfect,781,823,X,https://en.wikisource.org/wiki/Sanskrit_Grammar_(Whitney)/Chapter_X#781
650,intensive,1000,1025,XIV,https://en.wikisource.org/wiki/Sanskrit_Grammar_(Whitney)/Chapter_XIV#1000
652,present_a,733,750,IX,https://en.wikisource.org/wiki/Sanskrit_Grammar_(Whitney)/Chapter_IX#733
652,present_root,611,641,IX,https://en.wikisource.org/wiki/Sanskrit_Grammar_(Whitney)/Chapter_IX#611
652,present_acc_a,751,758,IX,https://en.wikisource.org/wiki/Sanskrit_Grammar_(Whitney)/Chapter_IX#751
652,perfect,781,823,X,https://en.wikisource.org/wiki/Sanskrit_Grammar_(Whitney)/Chapter_X#781
652,aor_class,824,827,XI,https://en.wikisource.org/wiki/Sanskrit_Grammar_(Whitney)/Chapter_XI#824
652,aor_root,828,846,XI,https://en.wikisource.org/wiki/Sanskrit_Grammar_(Whitney)/Chapter_XI#828
652,aor_redup,856,873,XI,https://en.wikisource.org/wiki/Sanskrit_Grammar_(Whitney)/Chapter_XI#856
652,aor_is,898,911,XI,https://en.wikisource.org/wiki/Sanskrit_Grammar_(Whitney)/Chapter_XI#898
652,s_future,931,940,XII,https://en.wikisource.org/wiki/Sanskrit_Grammar_(Whitney)/Chapter_XII#931
652,periphrastic_future,942,949,XII,https://en.wikisource.org/wiki/Sanskrit_Grammar_(Whitney)/Chapter_XII#942
652,causative,1041,1052,XIV,https://en.wikisource.org/wiki/Sanskrit_Grammar_(Whitney)/Chapter_XIV#1041
652,desiderative,1026,1040,XIV,https://en.wikisource.org/wiki/Sanskrit_Grammar_(Whitney)/Chapter_XIV#1026
652,intensive,1000,1025,XIV,https://en.wikisource.org/wiki/Sanskrit_Grammar_(Whitney)/Chapter_XIV#1000
652,ppp,952,958,XIII,https://en.wikisource.org/wiki/Sanskrit_Grammar_(Whitney)/Chapter_XIII#952
652,infinitive,968,979,XIII,https://en.wikisource.org/wiki/Sanskrit_Grammar_(Whitney)/Chapter_XIII#968
653,present_a,733,750,IX,https://en.wikisource.org/wiki/Sanskrit_Grammar_(Whitney)/Chapter_IX#733
653,present_root,611,641,IX,https://en.wikisource.org/wiki/Sanskrit_Grammar_(Whitney)/Chapter_IX#611
653,aor_class,824,827,XI,https://en.wikisource.org/wiki/Sanskrit_Grammar_(Whitney)/Chapter_XI#824
653,aor_is,898,911,XI,https://en.wikisource.org/wiki/Sanskrit_Grammar_(Whitney)/Chapter_XI#898
653,intensive,1000,1025,XIV,https://en.wikisource.org/wiki/Sanskrit_Grammar_(Whitney)/Chapter_XIV#1000
653,ppp,952,958,XIII,https://en.wikisource.org/wiki/Sanskrit_Grammar_(Whitney)/Chapter_XIII#952
654,present_a,733,750,IX,https://en.wikisource.org/wiki/Sanskrit_Grammar_(Whitney)/Chapter_IX#733
654,perfect,781,823,X,https://en.wikisource.org/wiki/Sanskrit_Grammar_(Whitney)/Chapter_X#781
654,aor_class,824,827,XI,https://en.wikisource.org/wiki/Sanskrit_Grammar_(Whitney)/Chapter_XI#824
654,aor_root,828,846,XI,https://en.wikisource.org/wiki/Sanskrit_Grammar_(Whitney)/Chapter_XI#828
654,aor_a,847,855,XI,https://en.wikisource.org/wiki/Sanskrit_Grammar_(Whitney)/Chapter_XI#847
654,aor_redup,856,873,XI,https://en.wikisource.org/wiki/Sanskrit_Grammar_(Whitney)/Chapter_XI#856
654,aor_s,878,897,XI,https://en.wikisource.org/wiki/Sanskrit_Grammar_(Whitney)/Chapter_XI#878
654,aor_is,898,911,XI,https://en.wikisource.org/wiki/Sanskrit_Grammar_(Whitney)/Chapter_XI#898
654,s_future,931,940,XII,https://en.wikisource.org/wiki/Sanskrit_Grammar_(Whitney)/Chapter_XII#931
654,periphrastic_future,942,949,XII,https://en.wikisource.org/wiki/Sanskrit_Grammar_(Whitney)/Chapter_XII#942
654,causative,1041,1052,XIV,https://en.wikisource.org/wiki/Sanskrit_Grammar_(Whitney)/Chapter_XIV#1041
654,desiderative,1026,1040,XIV,https://en.wikisource.org/wiki/Sanskrit_Grammar_(Whitney)/Chapter_XIV#1026
654,intensive,1000,1025,XIV,https://en.wikisource.org/wiki/Sanskrit_Grammar_(Whitney)/Chapter_XIV#1000
654,ppp,952,958,XIII,https://en.wikisource.org/wiki/Sanskrit_Grammar_(Whitney)/Chapter_XIII#952
654,infinitive,968,979,XIII,https://en.wikisource.org/wiki/Sanskrit_Grammar_(Whitney)/Chapter_XIII#968
655,present_acc_a,751,758,IX,https://en.wikisource.org/wiki/Sanskrit_Grammar_(Whitney)/Chapter_IX#751
655,passive_present,768,774,IX,https://en.wikisource.org/wiki/Sanskrit_Grammar_(Whitney)/Chapter_IX#768
655,perfect,781,823,X,https://en.wikisource.org/wiki/Sanskrit_Grammar_(Whitney)/Chapter_X#781
655,aor_class,824,827,XI,https://en.wikisource.org/wiki/Sanskrit_Grammar_(Whitney)/Chapter_XI#824
655,aor_root,828,846,XI,https://en.wikisource.org/wiki/Sanskrit_Grammar_(Whitney)/Chapter_XI#828
655,aor_redup,856,873,XI,https://en.wikisource.org/wiki/Sanskrit_Grammar_(Whitney)/Chapter_XI#856
655,aor_s,878,897,XI,https://en.wikisource.org/wiki/Sanskrit_Grammar_(Whitney)/Chapter_XI#878
655,s_future,931,940,XII,https://en.wikisource.org/wiki/Sanskrit_Grammar_(Whitney)/Chapter_XII#931
655,periphrastic_future,942,949,XII,https://en.wikisource.org/wiki/Sanskrit_Grammar_(Whitney)/Chapter_XII#942
655,causative,1041,1052,XIV,https://en.wikisource.org/wiki/Sanskrit_Grammar_(Whitney)/Chapter_XIV#1041
655,desiderative,1026,1040,XIV,https://en.wikisource.org/wiki/Sanskrit_Grammar_(Whitney)/Chapter_XIV#1026
655,intensive,1000,1025,XIV,https://en.wikisource.org/wiki/Sanskrit_Grammar_(Whitney)/Chapter_XIV#1000
655,ppp,952,958,XIII,https://en.wikisource.org/wiki/Sanskrit_Grammar_(Whitney)/Chapter_XIII#952
655,gerund,989,994,XIII,https://en.wikisource.org/wiki/Sanskrit_Grammar_(Whitney)/Chapter_XIII#989
656,present_a,733,750,IX,https://en.wikisource.org/wiki/Sanskrit_Grammar_(Whitney)/Chapter_IX#733
657,present_a,733,750,IX,https://en.wikisource.org/wiki/Sanskrit_Grammar_(Whitney)/Chapter_IX#733
657,present_root,611,641,IX,https://en.wikisource.org/wiki/Sanskrit_Grammar_(Whitney)/Chapter_IX#611
657,present_acc_a,751,758,IX,https://en.wikisource.org/wiki/Sanskrit_Grammar_(Whitney)/Chapter_IX#751
657,passive_present,768,774,IX,https://en.wikisource.org/wiki/Sanskrit_Grammar_(Whitney)/Chapter_IX#768
657,perfect,781,823,X,https://en.wikisource.org/wiki/Sanskrit_Grammar_(Whitney)/Chapter_X#781
657,aor_class,824,827,XI,https://en.wikisource.org/wiki/Sanskrit_Grammar_(Whitney)/Chapter_XI#824
657,aor_a,847,855,XI,https://en.wikisource.org/wiki/Sanskrit_Grammar_(Whitney)/Chapter_XI#847
657,aor_redup,856,873,XI,https://en.wikisource.org/wiki/Sanskrit_Grammar_(Whitney)/Chapter_XI#856
657,aor_is,898,911,XI,https://en.wikisource.org/wiki/Sanskrit_Grammar_(Whitney)/Chapter_XI#898
657,s_future,931,940,XII,https://en.wikisource.org/wiki/Sanskrit_Grammar_(Whitney)/Chapter_XII#931
657,periphrastic_future,942,949,XII,https://en.wikisource.org/wiki/Sanskrit_Grammar_(Whitney)/Chapter_XII#942
657,causative,1041,1052,XIV,https://en.wikisource.org/wiki/Sanskrit_Grammar_(Whitney)/Chapter_XIV#1041
657,desiderative,1026,1040,XIV,https://en.wikisource.org/wiki/Sanskrit_Grammar_(Whitney)/Chapter_XIV#1026
657,intensive,1000,1025,XIV,https://en.wikisource.org/wiki/Sanskrit_Grammar_(Whitney)/Chapter_XIV#1000
657,ppp,952,958,XIII,https://en.wikisource.org/wiki/Sanskrit_Grammar_(Whitney)/Chapter_XIII#952
657,infinitive,968,979,XIII,https://en.wikisource.org/wiki/Sanskrit_Grammar_(Whitney)/Chapter_XIII#968
657,gerund,989,994,XIII,https://en.wikisource.org/wiki/Sanskrit_Grammar_(Whitney)/Chapter_XIII#989
658,present_a,733,750,IX,https://en.wikisource.org/wiki/Sanskrit_Grammar_(Whitney)/Chapter_IX#733
658,present_acc_a,751,758,IX,https://en.wikisource.org/wiki/Sanskrit_Grammar_(Whitney)/Chapter_IX#751
659,present_a,733,750,IX,https://en.wikisource.org/wiki/Sanskrit_Grammar_(Whitney)/Chapter_IX#733
659,present_root,611,641,IX,https://en.wikisource.org/wiki/Sanskrit_Grammar_(Whitney)/Chapter_IX#611
659,present_nasal,683,696,IX,https://en.wikisource.org/wiki/Sanskrit_Grammar_(Whitney)/Chapter_IX#683
659,passive_present,768,774,IX,https://en.wikisource.org/wiki/Sanskrit_Grammar_(Whitney)/Chapter_IX#768
659,perfect,781,823,X,https://en.wikisource.org/wiki/Sanskrit_Grammar_(Whitney)/Chapter_X#781
659,aor_class,824,827,XI,https://en.wikisource.org/wiki/Sanskrit_Grammar_(Whitney)/Chapter_XI#824
659,aor_root,828,846,XI,https://en.wikisource.org/wiki/Sanskrit_Grammar_(Whitney)/Chapter_XI#828
659,aor_a,847,855,XI,https://en.wikisource.org/wiki/Sanskrit_Grammar_(Whitney)/Chapter_XI#847
659,aor_redup,856,873,XI,https://en.wikisource.org/wiki/Sanskrit_Grammar_(Whitney)/Chapter_XI#856
659,aor_s,878,897,XI,https://en.wikisource.org/wiki/Sanskrit_Grammar_(Whitney)/Chapter_XI#878
659,s_future,931,940,XII,https://en.wikisource.org/wiki/Sanskrit_Grammar_(Whitney)/Chapter_XII#931
659,periphrastic_future,942,949,XII,https://en.wikisource.org/wiki/Sanskrit_Grammar_(Whitney)/Chapter_XII#942
659,causative,1041,1052,XIV,https://en.wikisource.org/wiki/Sanskrit_Grammar_(Whitney)/Chapter_XIV#1041
659,desiderative,1026,1040,XIV,https://en.wikisource.org/wiki/Sanskrit_Grammar_(Whitney)/Chapter_XIV#1026
659,intensive,1000,1025,XIV,https://en.wikisource.org/wiki/Sanskrit_Grammar_(Whitney)/Chapter_XIV#1000
659,ppp,952,958,XIII,https://en.wikisource.org/wiki/Sanskrit_Grammar_(Whitney)/Chapter_XIII#952
659,infinitive,968,979,XIII,https://en.wikisource.org/wiki/Sanskrit_Grammar_(Whitney)/Chapter_XIII#968
659,gerund,989,994,XIII,https://en.wikisource.org/wiki/Sanskrit_Grammar_(Whitney)/Chapter_XIII#989
660,present_ya,759,767,IX,https://en.wikisource.org/wiki/Sanskrit_Grammar_(Whitney)/Chapter_IX#759
660,perfect,781,823,X,https://en.wikisource.org/wiki/Sanskrit_Grammar_(Whitney)/Chapter_X#781
660,aor_class,824,827,XI,https://en.wikisource.org/wiki/Sanskrit_Grammar_(Whitney)/Chapter_XI#824
660,aor_a,847,855,XI,https://en.wikisource.org/wiki/Sanskrit_Grammar_(Whitney)/Chapter_XI#847
660,aor_redup,856,873,XI,https://en.wikisource.org/wiki/Sanskrit_Grammar_(Whitney)/Chapter_XI#856
660,s_future,931,940,XII,https://en.wikisource.org/wiki/Sanskrit_Grammar_(Whitney)/Chapter_XII#931
660,periphrastic_future,942,949,XII,https://en.wikisource.org/wiki/Sanskrit_Grammar_(Whitney)/Chapter_XII#942
660,causative,1041,1052,XIV,https://en.wikisource.org/wiki/Sanskrit_Grammar_(Whitney)/Chapter_XIV#1041
660,ppp,952,958,XIII,https://en.wikisource.org/wiki/Sanskrit_Grammar_(Whitney)/Chapter_XIII#952
661,present_a,733,750,IX,https://en.wikisource.org/wiki/Sanskrit_Grammar_(Whitney)/Chapter_IX#733
661,present_ya,759,767,IX,https://en.wikisource.org/wiki/Sanskrit_Grammar_(Whitney)/Chapter_IX#759
661,present_acc_a,751,758,IX,https://en.wikisource.org/wiki/Sanskrit_Grammar_(Whitney)/Chapter_IX#751
661,perfect,781,823,X,https://en.wikisource.org/wiki/Sanskrit_Grammar_(Whitney)/Chapter_X#781
661,aor_class,824,827,XI,https://en.wikisource.org/wiki/Sanskrit_Grammar_(Whitney)/Chapter_XI#824
661,aor_a,847,855,XI,https://en.wikisource.org/wiki/Sanskrit_Grammar_(Whitney)/Chapter_XI#847
661,aor_redup,856,873,XI,https://en.wikisource.org/wiki/Sanskrit_Grammar_(Whitney)/Chapter_XI#856
661,aor_is,898,911,XI,https://en.wikisource.org/wiki/Sanskrit_Grammar_(Whitney)/Chapter_XI#898
661,s_future,931,940,XII,https://en.wikisource.org/wiki/Sanskrit_Grammar_(Whitney)/Chapter_XII#931
661,periphrastic_future,942,949,XII,https://en.wikisource.org/wiki/Sanskrit_Grammar_(Whitney)/Chapter_XII#942
661,causative,1041,1052,XIV,https://en.wikisource.org/wiki/Sanskrit_Grammar_(Whitney)/Chapter_XIV#1041
661,desiderative,1026,1040,XIV,https://en.wikisource.org/wiki/Sanskrit_Grammar_(Whitney)/Chapter_XIV#1026
661,intensive,1000,1025,XIV,https://en.wikisource.org/wiki/Sanskrit_Grammar_(Whitney)/Chapter_XIV#1000
661,ppp,952,958,XIII,https://en.wikisource.org/wiki/Sanskrit_Grammar_(Whitney)/Chapter_XIII#952
662,present_a,733,750,IX,https://en.wikisource.org/wiki/Sanskrit_Grammar_(Whitney)/Chapter_IX#733
662,present_acc_a,751,758,IX,https://en.wikisource.org/wiki/Sanskrit_Grammar_(Whitney)/Chapter_IX#751
662,passive_present,768,774,IX,https://en.wikisource.org/wiki/Sanskrit_Grammar_(Whitney)/Chapter_IX#768
662,perfect,781,823,X,https://en.wikisource.org/wiki/Sanskrit_Grammar_(Whitney)/Chapter_X#781
662,aor_class,824,827,XI,https://en.wikisource.org/wiki/Sanskrit_Grammar_(Whitney)/Chapter_XI#824
662,aor_a,847,855,XI,https://en.wikisource.org/wiki/Sanskrit_Grammar_(Whitney)/Chapter_XI#847
662,s_future,931,940,XII,https://en.wikisource.org/wiki/Sanskrit_Grammar_(Whitney)/Chapter_XII#931
662,periphrastic_future,942,949,XII,https://en.wikisource.org/wiki/Sanskrit_Grammar_(Whitney)/Chapter_XII#942
662,causative,1041,1052,XIV,https://en.wikisource.org/wiki/Sanskrit_Grammar_(Whitney)/Chapter_XIV#1041
662,desiderative,1026,1040,XIV,https://en.wikisource.org/wiki/Sanskrit_Grammar_(Whitney)/Chapter_XIV#1026
662,intensive,1000,1025,XIV,https://en.wikisource.org/wiki/Sanskrit_Grammar_(Whitney)/Chapter_XIV#1000
662,ppp,952,958,XIII,https://en.wikisource.org/wiki/Sanskrit_Grammar_(Whitney)/Chapter_XIII#952
662,infinitive,968,979,XIII,https://en.wikisource.org/wiki/Sanskrit_Grammar_(Whitney)/Chapter_XIII#968
662,gerund,989,994,XIII,https://en.wikisource.org/wiki/Sanskrit_Grammar_(Whitney)/Chapter_XIII#989
663,causative,1041,1052,XIV,https://en.wikisource.org/wiki/Sanskrit_Grammar_(Whitney)/Chapter_XIV#1041
663,ppp,952,958,XIII,https://en.wikisource.org/wiki/Sanskrit_Grammar_(Whitney)/Chapter_XIII#952
664,present_a,733,750,IX,https://en.wikisource.org/wiki/Sanskrit_Grammar_(Whitney)/Chapter_IX#733
664,causative,1041,1052,XIV,https://en.wikisource.org/wiki/Sanskrit_Grammar_(Whitney)/Chapter_XIV#1041
665,present_a,733,750,IX,https://en.wikisource.org/wiki/Sanskrit_Grammar_(Whitney)/Chapter_IX#733
667,present_a,733,750,IX,https://en.wikisource.org/wiki/Sanskrit_Grammar_(Whitney)/Chapter_IX#733
667,causative,1041,1052,XIV,https://en.wikisource.org/wiki/Sanskrit_Grammar_(Whitney)/Chapter_XIV#1041
668,present_a,733,750,IX,https://en.wikisource.org/wiki/Sanskrit_Grammar_(Whitney)/Chapter_IX#733
668,perfect,781,823,X,https://en.wikisource.org/wiki/Sanskrit_Grammar_(Whitney)/Chapter_X#781
668,aor_class,824,827,XI,https://en.wikisource.org/wiki/Sanskrit_Grammar_(Whitney)/Chapter_XI#824
668,aor_is,898,911,XI,https://en.wikisource.org/wiki/Sanskrit_Grammar_(Whitney)/Chapter_XI#898
668,s_future,931,940,XII,https://en.wikisource.org/wiki/Sanskrit_Grammar_(Whitney)/Chapter_XII#931
668,periphrastic_future,942,949,XII,https://en.wikisource.org/wiki/Sanskrit_Grammar_(Whitney)/Chapter_XII#942
668,causative,1041,1052,XIV,https://en.wikisource.org/wiki/Sanskrit_Grammar_(Whitney)/Chapter_XIV#1041
668,ppp,952,958,XIII,https://en.wikisource.org/wiki/Sanskrit_Grammar_(Whitney)/Chapter_XIII#952
668,gerund,989,994,XIII,https://en.wikisource.org/wiki/Sanskrit_Grammar_(Whitney)/Chapter_XIII#989
669,present_a,733,750,IX,https://en.wikisource.org/wiki/Sanskrit_Grammar_(Whitney)/Chapter_IX#733
669,perfect,781,823,X,https://en.wikisource.org/wiki/Sanskrit_Grammar_(Whitney)/Chapter_X#781
669,aor_class,824,827,XI,https://en.wikisource.org/wiki/Sanskrit_Grammar_(Whitney)/Chapter_XI#824
669,aor_is,898,911,XI,https://en.wikisource.org/wiki/Sanskrit_Grammar_(Whitney)/Chapter_XI#898
669,s_future,931,940,XII,https://en.wikisource.org/wiki/Sanskrit_Grammar_(Whitney)/Chapter_XII#931
669,periphrastic_future,942,949,XII,https://en.wikisource.org/wiki/Sanskrit_Grammar_(Whitney)/Chapter_XII#942
669,causative,1041,1052,XIV,https://en.wikisource.org/wiki/Sanskrit_Grammar_(Whitney)/Chapter_XIV#1041
670,present_acc_a,751,758,IX,https://en.wikisource.org/wiki/Sanskrit_Grammar_(Whitney)/Chapter_IX#751
670,perfect,781,823,X,https://en.wikisource.org/wiki/Sanskrit_Grammar_(Whitney)/Chapter_X#781
670,aor_class,824,827,XI,https://en.wikisource.org/wiki/Sanskrit_Grammar_(Whitney)/Chapter_XI#824
670,aor_is,898,911,XI,https://en.wikisource.org/wiki/Sanskrit_Grammar_(Whitney)/Chapter_XI#898
670,s_future,931,940,XII,https://en.wikisource.org/wiki/Sanskrit_Grammar_(Whitney)/Chapter_XII#931
670,periphrastic_future,942,949,XII,https://en.wikisource.org/wiki/Sanskrit_Grammar_(Whitney)/Chapter_XII#942
670,causative,1041,1052,XIV,https://en.wikisource.org/wiki/Sanskrit_Grammar_(Whitney)/Chapter_XIV#1041
670,desiderative,1026,1040,XIV,https://en.wikisource.org/wiki/Sanskrit_Grammar_(Whitney)/Chapter_XIV#1026
670,intensive,1000,1025,XIV,https://en.wikisource.org/wiki/Sanskrit_Grammar_(Whitney)/Chapter_XIV#1000
670,ppp,952,958,XIII,https://en.wikisource.org/wiki/Sanskrit_Grammar_(Whitney)/Chapter_XIII#952
670,infinitive,968,979,XIII,https://en.wikisource.org/wiki/Sanskrit_Grammar_(Whitney)/Chapter_XIII#968
671,present_a,733,750,IX,https://en.wikisource.org/wiki/Sanskrit_Grammar_(Whitney)/Chapter_IX#733
672,present_a,733,750,IX,https://en.wikisource.org/wiki/Sanskrit_Grammar_(Whitney)/Chapter_IX#733
672,present_ya,759,767,IX,https://en.wikisource.org/wiki/Sanskrit_Grammar_(Whitney)/Chapter_IX#759
672,passive_present,768,774,IX,https://en.wikisource.org/wiki/Sanskrit_Grammar_(Whitney)/Chapter_IX#768
672,perfect,781,823,X,https://en.wikisource.org/wiki/Sanskrit_Grammar_(Whitney)/Chapter_X#781
672,aor_class,824,827,XI,https://en.wikisource.org/wiki/Sanskrit_Grammar_(Whitney)/Chapter_XI#824
672,aor_redup,856,873,XI,https://en.wikisource.org/wiki/Sanskrit_Grammar_(Whitney)/Chapter_XI#856
672,aor_is,898,911,XI,https://en.wikisource.org/wiki/Sanskrit_Grammar_(Whitney)/Chapter_XI#898
672,s_future,931,940,XII,https://en.wikisource.org/wiki/Sanskrit_Grammar_(Whitney)/Chapter_XII#931
672,periphrastic_future,942,949,XII,https://en.wikisource.org/wiki/Sanskrit_Grammar_(Whitney)/Chapter_XII#942
672,causative,1041,1052,XIV,https://en.wikisource.org/wiki/Sanskrit_Grammar_(Whitney)/Chapter_XIV#1041
672,desiderative,1026,1040,XIV,https://en.wikisource.org/wiki/Sanskrit_Grammar_(Whitney)/Chapter_XIV#1026
672,intensive,1000,1025,XIV,https://en.wikisource.org/wiki/Sanskrit_Grammar_(Whitney)/Chapter_XIV#1000
672,ppp,952,958,XIII,https://en.wikisource.org/wiki/Sanskrit_Grammar_(Whitney)/Chapter_XIII#952
672,infinitive,968,979,XIII,https://en.wikisource.org/wiki/Sanskrit_Grammar_(Whitney)/Chapter_XIII#968
672,gerund,989,994,XIII,https://en.wikisource.org/wiki/Sanskrit_Grammar_(Whitney)/Chapter_XIII#989
673,present_a,733,750,IX,https://en.wikisource.org/wiki/Sanskrit_Grammar_(Whitney)/Chapter_IX#733
673,passive_present,768,774,IX,https://en.wikisource.org/wiki/Sanskrit_Grammar_(Whitney)/Chapter_IX#768
673,perfect,781,823,X,https://en.wikisource.org/wiki/Sanskrit_Grammar_(Whitney)/Chapter_X#781
673,aor_class,824,827,XI,https://en.wikisource.org/wiki/Sanskrit_Grammar_(Whitney)/Chapter_XI#824
673,aor_root,828,846,XI,https://en.wikisource.org/wiki/Sanskrit_Grammar_(Whitney)/Chapter_XI#828
673,aor_redup,856,873,XI,https://en.wikisource.org/wiki/Sanskrit_Grammar_(Whitney)/Chapter_XI#856
673,aor_s,878,897,XI,https://en.wikisource.org/wiki/Sanskrit_Grammar_(Whitney)/Chapter_XI#878
673,s_future,931,940,XII,https://en.wikisource.org/wiki/Sanskrit_Grammar_(Whitney)/Chapter_XII#931
673,periphrastic_future,942,949,XII,https://en.wikisource.org/wiki/Sanskrit_Grammar_(Whitney)/Chapter_XII#942
673,causative,1041,1052,XIV,https://en.wikisource.org/wiki/Sanskrit_Grammar_(Whitney)/Chapter_XIV#1041
673,desiderative,1026,1040,XIV,https://en.wikisource.org/wiki/Sanskrit_Grammar_(Whitney)/Chapter_XIV#1026
673,intensive,1000,1025,XIV,https://en.wikisource.org/wiki/Sanskrit_Grammar_(Whitney)/Chapter_XIV#1000
673,ppp,952,958,XIII,https://en.wikisource.org/wiki/Sanskrit_Grammar_(Whitney)/Chapter_XIII#952
675,present_a,733,750,IX,https://en.wikisource.org/wiki/Sanskrit_Grammar_(Whitney)/Chapter_IX#733
675,passive_present,768,774,IX,https://en.wikisource.org/wiki/Sanskrit_Grammar_(Whitney)/Chapter_IX#768
675,perfect,781,823,X,https://en.wikisource.org/wiki/Sanskrit_Grammar_(Whitney)/Chapter_X#781
675,aor_class,824,827,XI,https://en.wikisource.org/wiki/Sanskrit_Grammar_(Whitney)/Chapter_XI#824
675,aor_redup,856,873,XI,https://en.wikisource.org/wiki/Sanskrit_Grammar_(Whitney)/Chapter_XI#856
675,aor_is,898,911,XI,https://en.wikisource.org/wiki/Sanskrit_Grammar_(Whitney)/Chapter_XI#898
675,s_future,931,940,XII,https://en.wikisource.org/wiki/Sanskrit_Grammar_(Whitney)/Chapter_XII#931
675,periphrastic_future,942,949,XII,https://en.wikisource.org/wiki/Sanskrit_Grammar_(Whitney)/Chapter_XII#942
675,causative,1041,1052,XIV,https://en.wikisource.org/wiki/Sanskrit_Grammar_(Whitney)/Chapter_XIV#1041
675,ppp,952,958,XIII,https://en.wikisource.org/wiki/Sanskrit_Grammar_(Whitney)/Chapter_XIII#952
675,infinitive,968,979,XIII,https://en.wikisource.org/wiki/Sanskrit_Grammar_(Whitney)/Chapter_XIII#968
675,gerund,989,994,XIII,https://en.wikisource.org/wiki/Sanskrit_Grammar_(Whitney)/Chapter_XIII#989
676,present_a,733,750,IX,https://en.wikisource.org/wiki/Sanskrit_Grammar_(Whitney)/Chapter_IX#733
676,causative,1041,1052,XIV,https://en.wikisource.org/wiki/Sanskrit_Grammar_(Whitney)/Chapter_XIV#1041
676,ppp,952,958,XIII,https://en.wikisource.org/wiki/Sanskrit_Grammar_(Whitney)/Chapter_XIII#952
677,present_a,733,750,IX,https://en.wikisource.org/wiki/Sanskrit_Grammar_(Whitney)/Chapter_IX#733
677,present_ya,759,767,IX,https://en.wikisource.org/wiki/Sanskrit_Grammar_(Whitney)/Chapter_IX#759
677,perfect,781,823,X,https://en.wikisource.org/wiki/Sanskrit_Grammar_(Whitney)/Chapter_X#781
677,aor_class,824,827,XI,https://en.wikisource.org/wiki/Sanskrit_Grammar_(Whitney)/Chapter_XI#824
677,aor_redup,856,873,XI,https://en.wikisource.org/wiki/Sanskrit_Grammar_(Whitney)/Chapter_XI#856
677,aor_is,898,911,XI,https://en.wikisource.org/wiki/Sanskrit_Grammar_(Whitney)/Chapter_XI#898
677,s_future,931,940,XII,https://en.wikisource.org/wiki/Sanskrit_Grammar_(Whitney)/Chapter_XII#931
677,periphrastic_future,942,949,XII,https://en.wikisource.org/wiki/Sanskrit_Grammar_(Whitney)/Chapter_XII#942
677,causative,1041,1052,XIV,https://en.wikisource.org/wiki/Sanskrit_Grammar_(Whitney)/Chapter_XIV#1041
677,desiderative,1026,1040,XIV,https://en.wikisource.org/wiki/Sanskrit_Grammar_(Whitney)/Chapter_XIV#1026
677,intensive,1000,1025,XIV,https://en.wikisource.org/wiki/Sanskrit_Grammar_(Whitney)/Chapter_XIV#1000
677,ppp,952,958,XIII,https://en.wikisource.org/wiki/Sanskrit_Grammar_(Whitney)/Chapter_XIII#952
678,present_a,733,750,IX,https://en.wikisource.org/wiki/Sanskrit_Grammar_(Whitney)/Chapter_IX#733
678,perfect,781,823,X,https://en.wikisource.org/wiki/Sanskrit_Grammar_(Whitney)/Chapter_X#781
678,aor_class,824,827,XI,https://en.wikisource.org/wiki/Sanskrit_Grammar_(Whitney)/Chapter_XI#824
678,aor_redup,856,873,XI,https://en.wikisource.org/wiki/Sanskrit_Grammar_(Whitney)/Chapter_XI#856
678,aor_is,898,911,XI,https://en.wikisource.org/wiki/Sanskrit_Grammar_(Whitney)/Chapter_XI#898
678,s_future,931,940,XII,https://en.wikisource.org/wiki/Sanskrit_Grammar_(Whitney)/Chapter_XII#931
678,periphrastic_future,942,949,XII,https://en.wikisource.org/wiki/Sanskrit_Grammar_(Whitney)/Chapter_XII#942
678,causative,1041,1052,XIV,https://en.wikisource.org/wiki/Sanskrit_Grammar_(Whitney)/Chapter_XIV#1041
679,present_root,611,641,IX,https://en.wikisource.org/wiki/Sanskrit_Grammar_(Whitney)/Chapter_IX#611
679,perfect,781,823,X,https://en.wikisource.org/wiki/Sanskrit_Grammar_(Whitney)/Chapter_X#781
679,aor_class,824,827,XI,https://en.wikisource.org/wiki/Sanskrit_Grammar_(Whitney)/Chapter_XI#824
679,aor_is,898,911,XI,https://en.wikisource.org/wiki/Sanskrit_Grammar_(Whitney)/Chapter_XI#898
679,s_future,931,940,XII,https://en.wikisource.org/wiki/Sanskrit_Grammar_(Whitney)/Chapter_XII#931
679,periphrastic_future,942,949,XII,https://en.wikisource.org/wiki/Sanskrit_Grammar_(Whitney)/Chapter_XII#942
679,gerund,989,994,XIII,https://en.wikisource.org/wiki/Sanskrit_Grammar_(Whitney)/Chapter_XIII#989
681,present_acc_a,751,758,IX,https://en.wikisource.org/wiki/Sanskrit_Grammar_(Whitney)/Chapter_IX#751
681,passive_present,768,774,IX,https://en.wikisource.org/wiki/Sanskrit_Grammar_(Whitney)/Chapter_IX#768
681,perfect,781,823,X,https://en.wikisource.org/wiki/Sanskrit_Grammar_(Whitney)/Chapter_X#781
681,aor_class,824,827,XI,https://en.wikisource.org/wiki/Sanskrit_Grammar_(Whitney)/Chapter_XI#824
681,aor_root,828,846,XI,https://en.wikisource.org/wiki/Sanskrit_Grammar_(Whitney)/Chapter_XI#828
681,aor_redup,856,873,XI,https://en.wikisource.org/wiki/Sanskrit_Grammar_(Whitney)/Chapter_XI#856
681,aor_is,898,911,XI,https://en.wikisource.org/wiki/Sanskrit_Grammar_(Whitney)/Chapter_XI#898
681,s_future,931,940,XII,https://en.wikisource.org/wiki/Sanskrit_Grammar_(Whitney)/Chapter_XII#931
681,periphrastic_future,942,949,XII,https://en.wikisource.org/wiki/Sanskrit_Grammar_(Whitney)/Chapter_XII#942
681,causative,1041,1052,XIV,https://en.wikisource.org/wiki/Sanskrit_Grammar_(Whitney)/Chapter_XIV#1041
681,desiderative,1026,1040,XIV,https://en.wikisource.org/wiki/Sanskrit_Grammar_(Whitney)/Chapter_XIV#1026
681,ppp,952,958,XIII,https://en.wikisource.org/wiki/Sanskrit_Grammar_(Whitney)/Chapter_XIII#952
681,infinitive,968,979,XIII,https://en.wikisource.org/wiki/Sanskrit_Grammar_(Whitney)/Chapter_XIII#968
681,gerund,989,994,XIII,https://en.wikisource.org/wiki/Sanskrit_Grammar_(Whitney)/Chapter_XIII#989
682,present_acc_a,751,758,IX,https://en.wikisource.org/wiki/Sanskrit_Grammar_(Whitney)/Chapter_IX#751
682,passive_present,768,774,IX,https://en.wikisource.org/wiki/Sanskrit_Grammar_(Whitney)/Chapter_IX#768
682,perfect,781,823,X,https://en.wikisource.org/wiki/Sanskrit_Grammar_(Whitney)/Chapter_X#781
682,aor_class,824,827,XI,https://en.wikisource.org/wiki/Sanskrit_Grammar_(Whitney)/Chapter_XI#824
682,aor_root,828,846,XI,https://en.wikisource.org/wiki/Sanskrit_Grammar_(Whitney)/Chapter_XI#828
682,aor_a,847,855,XI,https://en.wikisource.org/wiki/Sanskrit_Grammar_(Whitney)/Chapter_XI#847
682,aor_redup,856,873,XI,https://en.wikisource.org/wiki/Sanskrit_Grammar_(Whitney)/Chapter_XI#856
682,aor_s,878,897,XI,https://en.wikisource.org/wiki/Sanskrit_Grammar_(Whitney)/Chapter_XI#878
682,s_future,931,940,XII,https://en.wikisource.org/wiki/Sanskrit_Grammar_(Whitney)/Chapter_XII#931
682,periphrastic_future,942,949,XII,https://en.wikisource.org/wiki/Sanskrit_Grammar_(Whitney)/Chapter_XII#942
682,causative,1041,1052,XIV,https://en.wikisource.org/wiki/Sanskrit_Grammar_(Whitney)/Chapter_XIV#1041
682,desiderative,1026,1040,XIV,https://en.wikisource.org/wiki/Sanskrit_Grammar_(Whitney)/Chapter_XIV#1026
682,intensive,1000,1025,XIV,https://en.wikisource.org/wiki/Sanskrit_Grammar_(Whitney)/Chapter_XIV#1000
682,ppp,952,958,XIII,https://en.wikisource.org/wiki/Sanskrit_Grammar_(Whitney)/Chapter_XIII#952
682,gerund,989,994,XIII,https://en.wikisource.org/wiki/Sanskrit_Grammar_(Whitney)/Chapter_XIII#989
683,present_ya,759,767,IX,https://en.wikisource.org/wiki/Sanskrit_Grammar_(Whitney)/Chapter_IX#759
683,present_acc_a,751,758,IX,https://en.wikisource.org/wiki/Sanskrit_Grammar_(Whitney)/Chapter_IX#751
683,perfect,781,823,X,https://en.wikisource.org/wiki/Sanskrit_Grammar_(Whitney)/Chapter_X#781
683,aor_class,824,827,XI,https://en.wikisource.org/wiki/Sanskrit_Grammar_(Whitney)/Chapter_XI#824
683,aor_redup,856,873,XI,https://en.wikisource.org/wiki/Sanskrit_Grammar_(Whitney)/Chapter_XI#856
683,aor_is,898,911,XI,https://en.wikisource.org/wiki/Sanskrit_Grammar_(Whitney)/Chapter_XI#898
683,s_future,931,940,XII,https://en.wikisource.org/wiki/Sanskrit_Grammar_(Whitney)/Chapter_XII#931
683,periphrastic_future,942,949,XII,https://en.wikisource.org/wiki/Sanskrit_Grammar_(Whitney)/Chapter_XII#942
683,causative,1041,1052,XIV,https://en.wikisource.org/wiki/Sanskrit_Grammar_(Whitney)/Chapter_XIV#1041
683,desiderative,1026,1040,XIV,https://en.wikisource.org/wiki/Sanskrit_Grammar_(Whitney)/Chapter_XIV#1026
683,intensive,1000,1025,XIV,https://en.wikisource.org/wiki/Sanskrit_Grammar_(Whitney)/Chapter_XIV#1000
683,ppp,952,958,XIII,https://en.wikisource.org/wiki/Sanskrit_Grammar_(Whitney)/Chapter_XIII#952
684,present_root,611,641,IX,https://en.wikisource.org/wiki/Sanskrit_Grammar_(Whitney)/Chapter_IX#611
684,present_acc_a,751,758,IX,https://en.wikisource.org/wiki/Sanskrit_Grammar_(Whitney)/Chapter_IX#751
684,passive_present,768,774,IX,https://en.wikisource.org/wiki/Sanskrit_Grammar_(Whitney)/Chapter_IX#768
684,perfect,781,823,X,https://en.wikisource.org/wiki/Sanskrit_Grammar_(Whitney)/Chapter_X#781
684,aor_class,824,827,XI,https://en.wikisource.org/wiki/Sanskrit_Grammar_(Whitney)/Chapter_XI#824
684,aor_redup,856,873,XI,https://en.wikisource.org/wiki/Sanskrit_Grammar_(Whitney)/Chapter_XI#856
684,aor_s,878,897,XI,https://en.wikisource.org/wiki/Sanskrit_Grammar_(Whitney)/Chapter_XI#878
684,s_future,931,940,XII,https://en.wikisource.org/wiki/Sanskrit_Grammar_(Whitney)/Chapter_XII#931
684,periphrastic_future,942,949,XII,https://en.wikisource.org/wiki/Sanskrit_Grammar_(Whitney)/Chapter_XII#942
684,causative,1041,1052,XIV,https://en.wikisource.org/wiki/Sanskrit_Grammar_(Whitney)/Chapter_XIV#1041
684,desiderative,1026,1040,XIV,https://en.wikisource.org/wiki/Sanskrit_Grammar_(Whitney)/Chapter_XIV#1026
684,intensive,1000,1025,XIV,https://en.wikisource.org/wiki/Sanskrit_Grammar_(Whitney)/Chapter_XIV#1000
684,ppp,952,958,XIII,https://en.wikisource.org/wiki/Sanskrit_Grammar_(Whitney)/Chapter_XIII#952
684,gerund,989,994,XIII,https://en.wikisource.org/wiki/Sanskrit_Grammar_(Whitney)/Chapter_XIII#989
685,present_a,733,750,IX,https://en.wikisource.org/wiki/Sanskrit_Grammar_(Whitney)/Chapter_IX#733
685,present_ya,759,767,IX,https://en.wikisource.org/wiki/Sanskrit_Grammar_(Whitney)/Chapter_IX#759
685,present_na,717,732,IX,https://en.wikisource.org/wiki/Sanskrit_Grammar_(Whitney)/Chapter_IX#717
685,perfect,781,823,X,https://en.wikisource.org/wiki/Sanskrit_Grammar_(Whitney)/Chapter_X#781
685,aor_class,824,827,XI,https://en.wikisource.org/wiki/Sanskrit_Grammar_(Whitney)/Chapter_XI#824
685,aor_s,878,897,XI,https://en.wikisource.org/wiki/Sanskrit_Grammar_(Whitney)/Chapter_XI#878
685,aor_sis,912,915,XI,https://en.wikisource.org/wiki/Sanskrit_Grammar_(Whitney)/Chapter_XI#912
685,s_future,931,940,XII,https://en.wikisource.org/wiki/Sanskrit_Grammar_(Whitney)/Chapter_XII#931
685,periphrastic_future,942,949,XII,https://en.wikisource.org/wiki/Sanskrit_Grammar_(Whitney)/Chapter_XII#942
685,causative,1041,1052,XIV,https://en.wikisource.org/wiki/Sanskrit_Grammar_(Whitney)/Chapter_XIV#1041
685,desiderative,1026,1040,XIV,https://en.wikisource.org/wiki/Sanskrit_Grammar_(Whitney)/Chapter_XIV#1026
685,intensive,1000,1025,XIV,https://en.wikisource.org/wiki/Sanskrit_Grammar_(Whitney)/Chapter_XIV#1000
685,ppp,952,958,XIII,https://en.wikisource.org/wiki/Sanskrit_Grammar_(Whitney)/Chapter_XIII#952
685,infinitive,968,979,XIII,https://en.wikisource.org/wiki/Sanskrit_Grammar_(Whitney)/Chapter_XIII#968
685,gerund,989,994,XIII,https://en.wikisource.org/wiki/Sanskrit_Grammar_(Whitney)/Chapter_XIII#989
686,intensive,1000,1025,XIV,https://en.wikisource.org/wiki/Sanskrit_Grammar_(Whitney)/Chapter_XIV#1000
687,present_a,733,750,IX,https://en.wikisource.org/wiki/Sanskrit_Grammar_(Whitney)/Chapter_IX#733
687,perfect,781,823,X,https://en.wikisource.org/wiki/Sanskrit_Grammar_(Whitney)/Chapter_X#781
687,aor_class,824,827,XI,https://en.wikisource.org/wiki/Sanskrit_Grammar_(Whitney)/Chapter_XI#824
687,aor_is,898,911,XI,https://en.wikisource.org/wiki/Sanskrit_Grammar_(Whitney)/Chapter_XI#898
687,s_future,931,940,XII,https://en.wikisource.org/wiki/Sanskrit_Grammar_(Whitney)/Chapter_XII#931
687,periphrastic_future,942,949,XII,https://en.wikisource.org/wiki/Sanskrit_Grammar_(Whitney)/Chapter_XII#942
687,ppp,952,958,XIII,https://en.wikisource.org/wiki/Sanskrit_Grammar_(Whitney)/Chapter_XIII#952
687,gerund,989,994,XIII,https://en.wikisource.org/wiki/Sanskrit_Grammar_(Whitney)/Chapter_XIII#989
688,present_acc_a,751,758,IX,https://en.wikisource.org/wiki/Sanskrit_Grammar_(Whitney)/Chapter_IX#751
688,perfect,781,823,X,https://en.wikisource.org/wiki/Sanskrit_Grammar_(Whitney)/Chapter_X#781
688,aor_class,824,827,XI,https://en.wikisource.org/wiki/Sanskrit_Grammar_(Whitney)/Chapter_XI#824
688,aor_redup,856,873,XI,https://en.wikisource.org/wiki/Sanskrit_Grammar_(Whitney)/Chapter_XI#856
688,aor_is,898,911,XI,https://en.wikisource.org/wiki/Sanskrit_Grammar_(Whitney)/Chapter_XI#898
688,s_future,931,940,XII,https://en.wikisource.org/wiki/Sanskrit_Grammar_(Whitney)/Chapter_XII#931
688,periphrastic_future,942,949,XII,https://en.wikisource.org/wiki/Sanskrit_Grammar_(Whitney)/Chapter_XII#942
688,causative,1041,1052,XIV,https://en.wikisource.org/wiki/Sanskrit_Grammar_(Whitney)/Chapter_XIV#1041
688,intensive,1000,1025,XIV,https://en.wikisource.org/wiki/Sanskrit_Grammar_(Whitney)/Chapter_XIV#1000
688,ppp,952,958,XIII,https://en.wikisource.org/wiki/Sanskrit_Grammar_(Whitney)/Chapter_XIII#952
689,present_a,733,750,IX,https://en.wikisource.org/wiki/Sanskrit_Grammar_(Whitney)/Chapter_IX#733
689,s_future,931,940,XII,https://en.wikisource.org/wiki/Sanskrit_Grammar_(Whitney)/Chapter_XII#931
689,causative,1041,1052,XIV,https://en.wikisource.org/wiki/Sanskrit_Grammar_(Whitney)/Chapter_XIV#1041
689,ppp,952,958,XIII,https://en.wikisource.org/wiki/Sanskrit_Grammar_(Whitney)/Chapter_XIII#952
690,present_a,733,750,IX,https://en.wikisource.org/wiki/Sanskrit_Grammar_(Whitney)/Chapter_IX#733
690,causative,1041,1052,XIV,https://en.wikisource.org/wiki/Sanskrit_Grammar_(Whitney)/Chapter_XIV#1041
691,present_acc_a,751,758,IX,https://en.wikisource.org/wiki/Sanskrit_Grammar_(Whitney)/Chapter_IX#751
691,passive_present,768,774,IX,https://en.wikisource.org/wiki/Sanskrit_Grammar_(Whitney)/Chapter_IX#768
691,perfect,781,823,X,https://en.wikisource.org/wiki/Sanskrit_Grammar_(Whitney)/Chapter_X#781
691,aor_class,824,827,XI,https://en.wikisource.org/wiki/Sanskrit_Grammar_(Whitney)/Chapter_XI#824
691,aor_root,828,846,XI,https://en.wikisource.org/wiki/Sanskrit_Grammar_(Whitney)/Chapter_XI#828
691,aor_a,847,855,XI,https://en.wikisource.org/wiki/Sanskrit_Grammar_(Whitney)/Chapter_XI#847
691,aor_redup,856,873,XI,https://en.wikisource.org/wiki/Sanskrit_Grammar_(Whitney)/Chapter_XI#856
691,aor_s,878,897,XI,https://en.wikisource.org/wiki/Sanskrit_Grammar_(Whitney)/Chapter_XI#878
691,s_future,931,940,XII,https://en.wikisource.org/wiki/Sanskrit_Grammar_(Whitney)/Chapter_XII#931
691,periphrastic_future,942,949,XII,https://en.wikisource.org/wiki/Sanskrit_Grammar_(Whitney)/Chapter_XII#942
691,causative,1041,1052,XIV,https://en.wikisource.org/wiki/Sanskrit_Grammar_(Whitney)/Chapter_XIV#1041
691,desiderative,1026,1040,XIV,https://en.wikisource.org/wiki/Sanskrit_Grammar_(Whitney)/Chapter_XIV#1026
691,intensive,1000,1025,XIV,https://en.wikisource.org/wiki/Sanskrit_Grammar_(Whitney)/Chapter_XIV#1000
691,ppp,952,958,XIII,https://en.wikisource.org/wiki/Sanskrit_Grammar_(Whitney)/Chapter_XIII#952
691,infinitive,968,979,XIII,https://en.wikisource.org/wiki/Sanskrit_Grammar_(Whitney)/Chapter_XIII#968
691,gerund,989,994,XIII,https://en.wikisource.org/wiki/Sanskrit_Grammar_(Whitney)/Chapter_XIII#989
692,present_a,733,750,IX,https://en.wikisource.org/wiki/Sanskrit_Grammar_(Whitney)/Chapter_IX#733
692,present_ya,759,767,IX,https://en.wikisource.org/wiki/Sanskrit_Grammar_(Whitney)/Chapter_IX#759
692,present_acc_a,751,758,IX,https://en.wikisource.org/wiki/Sanskrit_Grammar_(Whitney)/Chapter_IX#751
692,perfect,781,823,X,https://en.wikisource.org/wiki/Sanskrit_Grammar_(Whitney)/Chapter_X#781
692,aor_class,824,827,XI,https://en.wikisource.org/wiki/Sanskrit_Grammar_(Whitney)/Chapter_XI#824
692,aor_a,847,855,XI,https://en.wikisource.org/wiki/Sanskrit_Grammar_(Whitney)/Chapter_XI#847
692,aor_redup,856,873,XI,https://en.wikisource.org/wiki/Sanskrit_Grammar_(Whitney)/Chapter_XI#856
692,aor_is,898,911,XI,https://en.wikisource.org/wiki/Sanskrit_Grammar_(Whitney)/Chapter_XI#898
692,s_future,931,940,XII,https://en.wikisource.org/wiki/Sanskrit_Grammar_(Whitney)/Chapter_XII#931
692,periphrastic_future,942,949,XII,https://en.wikisource.org/wiki/Sanskrit_Grammar_(Whitney)/Chapter_XII#942
692,causative,1041,1052,XIV,https://en.wikisource.org/wiki/Sanskrit_Grammar_(Whitney)/Chapter_XIV#1041
692,desiderative,1026,1040,XIV,https://en.wikisource.org/wiki/Sanskrit_Grammar_(Whitney)/Chapter_XIV#1026
692,intensive,1000,1025,XIV,https://en.wikisource.org/wiki/Sanskrit_Grammar_(Whitney)/Chapter_XIV#1000
692,ppp,952,958,XIII,https://en.wikisource.org/wiki/Sanskrit_Grammar_(Whitney)/Chapter_XIII#952
692,infinitive,968,979,XIII,https://en.wikisource.org/wiki/Sanskrit_Grammar_(Whitney)/Chapter_XIII#968
693,present_a,733,750,IX,https://en.wikisource.org/wiki/Sanskrit_Grammar_(Whitney)/Chapter_IX#733
693,causative,1041,1052,XIV,https://en.wikisource.org/wiki/Sanskrit_Grammar_(Whitney)/Chapter_XIV#1041
693,ppp,952,958,XIII,https://en.wikisource.org/wiki/Sanskrit_Grammar_(Whitney)/Chapter_XIII#952
694,present_nu_u,697,716,IX,https://en.wikisource.org/wiki/Sanskrit_Grammar_(Whitney)/Chapter_IX#697
694,present_na,717,732,IX,https://en.wikisource.org/wiki/Sanskrit_Grammar_(Whitney)/Chapter_IX#717
694,perfect,781,823,X,https://en.wikisource.org/wiki/Sanskrit_Grammar_(Whitney)/Chapter_X#781
694,aor_class,824,827,XI,https://en.wikisource.org/wiki/Sanskrit_Grammar_(Whitney)/Chapter_XI#824
694,aor_redup,856,873,XI,https://en.wikisource.org/wiki/Sanskrit_Grammar_(Whitney)/Chapter_XI#856
694,aor_is,898,911,XI,https://en.wikisource.org/wiki/Sanskrit_Grammar_(Whitney)/Chapter_XI#898
694,s_future,931,940,XII,https://en.wikisource.org/wiki/Sanskrit_Grammar_(Whitney)/Chapter_XII#931
694,periphrastic_future,942,949,XII,https://en.wikisource.org/wiki/Sanskrit_Grammar_(Whitney)/Chapter_XII#942
694,causative,1041,1052,XIV,https://en.wikisource.org/wiki/Sanskrit_Grammar_(Whitney)/Chapter_XIV#1041
694,desiderative,1026,1040,XIV,https://en.wikisource.org/wiki/Sanskrit_Grammar_(Whitney)/Chapter_XIV#1026
694,intensive,1000,1025,XIV,https://en.wikisource.org/wiki/Sanskrit_Grammar_(Whitney)/Chapter_XIV#1000
694,ppp,952,958,XIII,https://en.wikisource.org/wiki/Sanskrit_Grammar_(Whitney)/Chapter_XIII#952
694,gerund,989,994,XIII,https://en.wikisource.org/wiki/Sanskrit_Grammar_(Whitney)/Chapter_XIII#989
695,present_a,733,750,IX,https://en.wikisource.org/wiki/Sanskrit_Grammar_(Whitney)/Chapter_IX#733
695,perfect,781,823,X,https://en.wikisource.org/wiki/Sanskrit_Grammar_(Whitney)/Chapter_X#781
695,aor_class,824,827,XI,https://en.wikisource.org/wiki/Sanskrit_Grammar_(Whitney)/Chapter_XI#824
695,aor_redup,856,873,XI,https://en.wikisource.org/wiki/Sanskrit_Grammar_(Whitney)/Chapter_XI#856
695,aor_is,898,911,XI,https://en.wikisource.org/wiki/Sanskrit_Grammar_(Whitney)/Chapter_XI#898
695,s_future,931,940,XII,https://en.wikisource.org/wiki/Sanskrit_Grammar_(Whitney)/Chapter_XII#931
695,periphrastic_future,942,949,XII,https://en.wikisource.org/wiki/Sanskrit_Grammar_(Whitney)/Chapter_XII#942
695,causative,1041,1052,XIV,https://en.wikisource.org/wiki/Sanskrit_Grammar_(Whitney)/Chapter_XIV#1041
695,infinitive,968,979,XIII,https://en.wikisource.org/wiki/Sanskrit_Grammar_(Whitney)/Chapter_XIII#968
696,present_a,733,750,IX,https://en.wikisource.org/wiki/Sanskrit_Grammar_(Whitney)/Chapter_IX#733
696,perfect,781,823,X,https://en.wikisource.org/wiki/Sanskrit_Grammar_(Whitney)/Chapter_X#781
696,aor_class,824,827,XI,https://en.wikisource.org/wiki/Sanskrit_Grammar_(Whitney)/Chapter_XI#824
696,aor_redup,856,873,XI,https://en.wikisource.org/wiki/Sanskrit_Grammar_(Whitney)/Chapter_XI#856
696,aor_is,898,911,XI,https://en.wikisource.org/wiki/Sanskrit_Grammar_(Whitney)/Chapter_XI#898
696,s_future,931,940,XII,https://en.wikisource.org/wiki/Sanskrit_Grammar_(Whitney)/Chapter_XII#931
696,periphrastic_future,942,949,XII,https://en.wikisource.org/wiki/Sanskrit_Grammar_(Whitney)/Chapter_XII#942
696,causative,1041,1052,XIV,https://en.wikisource.org/wiki/Sanskrit_Grammar_(Whitney)/Chapter_XIV#1041
696,desiderative,1026,1040,XIV,https://en.wikisource.org/wiki/Sanskrit_Grammar_(Whitney)/Chapter_XIV#1026
696,intensive,1000,1025,XIV,https://en.wikisource.org/wiki/Sanskrit_Grammar_(Whitney)/Chapter_XIV#1000
698,present_acc_a,751,758,IX,https://en.wikisource.org/wiki/Sanskrit_Grammar_(Whitney)/Chapter_IX#751
698,perfect,781,823,X,https://en.wikisource.org/wiki/Sanskrit_Grammar_(Whitney)/Chapter_X#781
698,aor_class,824,827,XI,https://en.wikisource.org/wiki/Sanskrit_Grammar_(Whitney)/Chapter_XI#824
698,aor_redup,856,873,XI,https://en.wikisource.org/wiki/Sanskrit_Grammar_(Whitney)/Chapter_XI#856
698,aor_is,898,911,XI,https://en.wikisource.org/wiki/Sanskrit_Grammar_(Whitney)/Chapter_XI#898
698,s_future,931,940,XII,https://en.wikisource.org/wiki/Sanskrit_Grammar_(Whitney)/Chapter_XII#931
698,periphrastic_future,942,949,XII,https://en.wikisource.org/wiki/Sanskrit_Grammar_(Whitney)/Chapter_XII#942
698,causative,1041,1052,XIV,https://en.wikisource.org/wiki/Sanskrit_Grammar_(Whitney)/Chapter_XIV#1041
698,ppp,952,958,XIII,https://en.wikisource.org/wiki/Sanskrit_Grammar_(Whitney)/Chapter_XIII#952
699,present_root,611,641,IX,https://en.wikisource.org/wiki/Sanskrit_Grammar_(Whitney)/Chapter_IX#611
699,present_redup,642,682,IX,https://en.wikisource.org/wiki/Sanskrit_Grammar_(Whitney)/Chapter_IX#642
699,passive_present,768,774,IX,https://en.wikisource.org/wiki/Sanskrit_Grammar_(Whitney)/Chapter_IX#768
699,perfect,781,823,X,https://en.wikisource.org/wiki/Sanskrit_Grammar_(Whitney)/Chapter_X#781
699,aor_class,824,827,XI,https://en.wikisource.org/wiki/Sanskrit_Grammar_(Whitney)/Chapter_XI#824
699,aor_a,847,855,XI,https://en.wikisource.org/wiki/Sanskrit_Grammar_(Whitney)/Chapter_XI#847
699,aor_redup,856,873,XI,https://en.wikisource.org/wiki/Sanskrit_Grammar_(Whitney)/Chapter_XI#856
699,s_future,931,940,XII,https://en.wikisource.org/wiki/Sanskrit_Grammar_(Whitney)/Chapter_XII#931
699,periphrastic_future,942,949,XII,https://en.wikisource.org/wiki/Sanskrit_Grammar_(Whitney)/Chapter_XII#942
699,causative,1041,1052,XIV,https://en.wikisource.org/wiki/Sanskrit_Grammar_(Whitney)/Chapter_XIV#1041
699,desiderative,1026,1040,XIV,https://en.wikisource.org/wiki/Sanskrit_Grammar_(Whitney)/Chapter_XIV#1026
699,intensive,1000,1025,XIV,https://en.wikisource.org/wiki/Sanskrit_Grammar_(Whitney)/Chapter_XIV#1000
699,ppp,952,958,XIII,https://en.wikisource.org/wiki/Sanskrit_Grammar_(Whitney)/Chapter_XIII#952
699,infinitive,968,979,XIII,https://en.wikisource.org/wiki/Sanskrit_Grammar_(Whitney)/Chapter_XIII#968
699,gerund,989,994,XIII,https://en.wikisource.org/wiki/Sanskrit_Grammar_(Whitney)/Chapter_XIII#989
700,present_a,733,750,IX,https://en.wikisource.org/wiki/Sanskrit_Grammar_(Whitney)/Chapter_IX#733
700,causative,1041,1052,XIV,https://en.wikisource.org/wiki/Sanskrit_Grammar_(Whitney)/Chapter_XIV#1041
701,present_a,733,750,IX,https://en.wikisource.org/wiki/Sanskrit_Grammar_(Whitney)/Chapter_IX#733
701,passive_present,768,774,IX,https://en.wikisource.org/wiki/Sanskrit_Grammar_(Whitney)/Chapter_IX#768
701,perfect,781,823,X,https://en.wikisource.org/wiki/Sanskrit_Grammar_(Whitney)/Chapter_X#781
701,aor_class,824,827,XI,https://en.wikisource.org/wiki/Sanskrit_Grammar_(Whitney)/Chapter_XI#824
701,aor_redup,856,873,XI,https://en.wikisource.org/wiki/Sanskrit_Grammar_(Whitney)/Chapter_XI#856
701,aor_is,898,911,XI,https://en.wikisource.org/wiki/Sanskrit_Grammar_(Whitney)/Chapter_XI#898
701,s_future,931,940,XII,https://en.wikisource.org/wiki/Sanskrit_Grammar_(Whitney)/Chapter_XII#931
701,periphrastic_future,942,949,XII,https://en.wikisource.org/wiki/Sanskrit_Grammar_(Whitney)/Chapter_XII#942
701,causative,1041,1052,XIV,https://en.wikisource.org/wiki/Sanskrit_Grammar_(Whitney)/Chapter_XIV#1041
701,desiderative,1026,1040,XIV,https://en.wikisource.org/wiki/Sanskrit_Grammar_(Whitney)/Chapter_XIV#1026
701,intensive,1000,1025,XIV,https://en.wikisource.org/wiki/Sanskrit_Grammar_(Whitney)/Chapter_XIV#1000
701,gerund,989,994,XIII,https://en.wikisource.org/wiki/Sanskrit_Grammar_(Whitney)/Chapter_XIII#989
702,present_a,733,750,IX,https://en.wikisource.org/wiki/Sanskrit_Grammar_(Whitney)/Chapter_IX#733
702,passive_present,768,774,IX,https://en.wikisource.org/wiki/Sanskrit_Grammar_(Whitney)/Chapter_IX#768
703,present_a,733,750,IX,https://en.wikisource.org/wiki/Sanskrit_Grammar_(Whitney)/Chapter_IX#733
703,aor_class,824,827,XI,https://en.wikisource.org/wiki/Sanskrit_Grammar_(Whitney)/Chapter_XI#824
703,aor_redup,856,873,XI,https://en.wikisource.org/wiki/Sanskrit_Grammar_(Whitney)/Chapter_XI#856
703,causative,1041,1052,XIV,https://en.wikisource.org/wiki/Sanskrit_Grammar_(Whitney)/Chapter_XIV#1041
704,present_a,733,750,IX,https://en.wikisource.org/wiki/Sanskrit_Grammar_(Whitney)/Chapter_IX#733
704,passive_present,768,774,IX,https://en.wikisource.org/wiki/Sanskrit_Grammar_(Whitney)/Chapter_IX#768
704,perfect,781,823,X,https://en.wikisource.org/wiki/Sanskrit_Grammar_(Whitney)/Chapter_X#781
704,aor_class,824,827,XI,https://en.wikisource.org/wiki/Sanskrit_Grammar_(Whitney)/Chapter_XI#824
704,aor_redup,856,873,XI,https://en.wikisource.org/wiki/Sanskrit_Grammar_(Whitney)/Chapter_XI#856
704,aor_is,898,911,XI,https://en.wikisource.org/wiki/Sanskrit_Grammar_(Whitney)/Chapter_XI#898
704,s_future,931,940,XII,https://en.wikisource.org/wiki/Sanskrit_Grammar_(Whitney)/Chapter_XII#931
704,causative,1041,1052,XIV,https://en.wikisource.org/wiki/Sanskrit_Grammar_(Whitney)/Chapter_XIV#1041
704,desiderative,1026,1040,XIV,https://en.wikisource.org/wiki/Sanskrit_Grammar_(Whitney)/Chapter_XIV#1026
704,intensive,1000,1025,XIV,https://en.wikisource.org/wiki/Sanskrit_Grammar_(Whitney)/Chapter_XIV#1000
704,ppp,952,958,XIII,https://en.wikisource.org/wiki/Sanskrit_Grammar_(Whitney)/Chapter_XIII#952
704,infinitive,968,979,XIII,https://en.wikisource.org/wiki/Sanskrit_Grammar_(Whitney)/Chapter_XIII#968
704,gerund,989,994,XIII,https://en.wikisource.org/wiki/Sanskrit_Grammar_(Whitney)/Chapter_XIII#989
705,passive_present,768,774,IX,https://en.wikisource.org/wiki/Sanskrit_Grammar_(Whitney)/Chapter_IX#768
705,aor_class,824,827,XI,https://en.wikisource.org/wiki/Sanskrit_Grammar_(Whitney)/Chapter_XI#824
705,aor_is,898,911,XI,https://en.wikisource.org/wiki/Sanskrit_Grammar_(Whitney)/Chapter_XI#898
705,s_future,931,940,XII,https://en.wikisource.org/wiki/Sanskrit_Grammar_(Whitney)/Chapter_XII#931
705,causative,1041,1052,XIV,https://en.wikisource.org/wiki/Sanskrit_Grammar_(Whitney)/Chapter_XIV#1041
706,present_a,733,750,IX,https://en.wikisource.org/wiki/Sanskrit_Grammar_(Whitney)/Chapter_IX#733
706,present_acc_a,751,758,IX,https://en.wikisource.org/wiki/Sanskrit_Grammar_(Whitney)/Chapter_IX#751
706,present_nu_u,697,716,IX,https://en.wikisource.org/wiki/Sanskrit_Grammar_(Whitney)/Chapter_IX#697
706,perfect,781,823,X,https://en.wikisource.org/wiki/Sanskrit_Grammar_(Whitney)/Chapter_X#781
706,aor_class,824,827,XI,https://en.wikisource.org/wiki/Sanskrit_Grammar_(Whitney)/Chapter_XI#824
706,aor_root,828,846,XI,https://en.wikisource.org/wiki/Sanskrit_Grammar_(Whitney)/Chapter_XI#828
706,aor_s,878,897,XI,https://en.wikisource.org/wiki/Sanskrit_Grammar_(Whitney)/Chapter_XI#878
706,aor_is,898,911,XI,https://en.wikisource.org/wiki/Sanskrit_Grammar_(Whitney)/Chapter_XI#898
706,aor_sis,912,915,XI,https://en.wikisource.org/wiki/Sanskrit_Grammar_(Whitney)/Chapter_XI#912
706,s_future,931,940,XII,https://en.wikisource.org/wiki/Sanskrit_Grammar_(Whitney)/Chapter_XII#931
706,periphrastic_future,942,949,XII,https://en.wikisource.org/wiki/Sanskrit_Grammar_(Whitney)/Chapter_XII#942
706,causative,1041,1052,XIV,https://en.wikisource.org/wiki/Sanskrit_Grammar_(Whitney)/Chapter_XIV#1041
706,desiderative,1026,1040,XIV,https://en.wikisource.org/wiki/Sanskrit_Grammar_(Whitney)/Chapter_XIV#1026
706,intensive,1000,1025,XIV,https://en.wikisource.org/wiki/Sanskrit_Grammar_(Whitney)/Chapter_XIV#1000
707,present_a,733,750,IX,https://en.wikisource.org/wiki/Sanskrit_Grammar_(Whitney)/Chapter_IX#733
707,passive_present,768,774,IX,https://en.wikisource.org/wiki/Sanskrit_Grammar_(Whitney)/Chapter_IX#768
707,perfect,781,823,X,https://en.wikisource.org/wiki/Sanskrit_Grammar_(Whitney)/Chapter_X#781
707,aor_class,824,827,XI,https://en.wikisource.org/wiki/Sanskrit_Grammar_(Whitney)/Chapter_XI#824
707,aor_root,828,846,XI,https://en.wikisource.org/wiki/Sanskrit_Grammar_(Whitney)/Chapter_XI#828
707,aor_is,898,911,XI,https://en.wikisource.org/wiki/Sanskrit_Grammar_(Whitney)/Chapter_XI#898
707,s_future,931,940,XII,https://en.wikisource.org/wiki/Sanskrit_Grammar_(Whitney)/Chapter_XII#931
707,periphrastic_future,942,949,XII,https://en.wikisource.org/wiki/Sanskrit_Grammar_(Whitney)/Chapter_XII#942
707,causative,1041,1052,XIV,https://en.wikisource.org/wiki/Sanskrit_Grammar_(Whitney)/Chapter_XIV#1041
707,desiderative,1026,1040,XIV,https://en.wikisource.org/wiki/Sanskrit_Grammar_(Whitney)/Chapter_XIV#1026
707,ppp,952,958,XIII,https://en.wikisource.org/wiki/Sanskrit_Grammar_(Whitney)/Chapter_XIII#952
707,infinitive,968,979,XIII,https://en.wikisource.org/wiki/Sanskrit_Grammar_(Whitney)/Chapter_XIII#968
707,gerund,989,994,XIII,https://en.wikisource.org/wiki/Sanskrit_Grammar_(Whitney)/Chapter_XIII#989
708,present_a,733,750,IX,https://en.wikisource.org/wiki/Sanskrit_Grammar_(Whitney)/Chapter_IX#733
708,passive_present,768,774,IX,https://en.wikisource.org/wiki/Sanskrit_Grammar_(Whitney)/Chapter_IX#768
708,perfect,781,823,X,https://en.wikisource.org/wiki/Sanskrit_Grammar_(Whitney)/Chapter_X#781
708,aor_class,824,827,XI,https://en.wikisource.org/wiki/Sanskrit_Grammar_(Whitney)/Chapter_XI#824
708,aor_root,828,846,XI,https://en.wikisource.org/wiki/Sanskrit_Grammar_(Whitney)/Chapter_XI#828
708,aor_redup,856,873,XI,https://en.wikisource.org/wiki/Sanskrit_Grammar_(Whitney)/Chapter_XI#856
708,aor_s,878,897,XI,https://en.wikisource.org/wiki/Sanskrit_Grammar_(Whitney)/Chapter_XI#878
708,s_future,931,940,XII,https://en.wikisource.org/wiki/Sanskrit_Grammar_(Whitney)/Chapter_XII#931
708,periphrastic_future,942,949,XII,https://en.wikisource.org/wiki/Sanskrit_Grammar_(Whitney)/Chapter_XII#942
708,causative,1041,1052,XIV,https://en.wikisource.org/wiki/Sanskrit_Grammar_(Whitney)/Chapter_XIV#1041
708,desiderative,1026,1040,XIV,https://en.wikisource.org/wiki/Sanskrit_Grammar_(Whitney)/Chapter_XIV#1026
708,intensive,1000,1025,XIV,https://en.wikisource.org/wiki/Sanskrit_Grammar_(Whitney)/Chapter_XIV#1000
708,ppp,952,958,XIII,https://en.wikisource.org/wiki/Sanskrit_Grammar_(Whitney)/Chapter_XIII#952
708,gerund,989,994,XIII,https://en.wikisource.org/wiki/Sanskrit_Grammar_(Whitney)/Chapter_XIII#989
709,present_a,733,750,IX,https://en.wikisource.org/wiki/Sanskrit_Grammar_(Whitney)/Chapter_IX#733
709,causative,1041,1052,XIV,https://en.wikisource.org/wiki/Sanskrit_Grammar_(Whitney)/Chapter_XIV#1041
709,ppp,952,958,XIII,https://en.wikisource.org/wiki/Sanskrit_Grammar_(Whitney)/Chapter_XIII#952
709,gerund,989,994,XIII,https://en.wikisource.org/wiki/Sanskrit_Grammar_(Whitney)/Chapter_XIII#989
710,present_a,733,750,IX,https://en.wikisource.org/wiki/Sanskrit_Grammar_(Whitney)/Chapter_IX#733
710,present_root,611,641,IX,https://en.wikisource.org/wiki/Sanskrit_Grammar_(Whitney)/Chapter_IX#611
710,perfect,781,823,X,https://en.wikisource.org/wiki/Sanskrit_Grammar_(Whitney)/Chapter_X#781
710,aor_class,824,827,XI,https://en.wikisource.org/wiki/Sanskrit_Grammar_(Whitney)/Chapter_XI#824
710,aor_redup,856,873,XI,https://en.wikisource.org/wiki/Sanskrit_Grammar_(Whitney)/Chapter_XI#856
710,aor_s,878,897,XI,https://en.wikisource.org/wiki/Sanskrit_Grammar_(Whitney)/Chapter_XI#878
710,aor_is,898,911,XI,https://en.wikisource.org/wiki/Sanskrit_Grammar_(Whitney)/Chapter_XI#898
710,s_future,931,940,XII,https://en.wikisource.org/wiki/Sanskrit_Grammar_(Whitney)/Chapter_XII#931
710,periphrastic_future,942,949,XII,https://en.wikisource.org/wiki/Sanskrit_Grammar_(Whitney)/Chapter_XII#942
710,causative,1041,1052,XIV,https://en.wikisource.org/wiki/Sanskrit_Grammar_(Whitney)/Chapter_XIV#1041
710,desiderative,1026,1040,XIV,https://en.wikisource.org/wiki/Sanskrit_Grammar_(Whitney)/Chapter_XIV#1026
710,intensive,1000,1025,XIV,https://en.wikisource.org/wiki/Sanskrit_Grammar_(Whitney)/Chapter_XIV#1000
710,ppp,952,958,XIII,https://en.wikisource.org/wiki/Sanskrit_Grammar_(Whitney)/Chapter_XIII#952
710,gerund,989,994,XIII,https://en.wikisource.org/wiki/Sanskrit_Grammar_(Whitney)/Chapter_XIII#989
711,present_a,733,750,IX,https://en.wikisource.org/wiki/Sanskrit_Grammar_(Whitney)/Chapter_IX#733
711,perfect,781,823,X,https://en.wikisource.org/wiki/Sanskrit_Grammar_(Whitney)/Chapter_X#781
711,aor_class,824,827,XI,https://en.wikisource.org/wiki/Sanskrit_Grammar_(Whitney)/Chapter_XI#824
711,aor_redup,856,873,XI,https://en.wikisource.org/wiki/Sanskrit_Grammar_(Whitney)/Chapter_XI#856
711,aor_is,898,911,XI,https://en.wikisource.org/wiki/Sanskrit_Grammar_(Whitney)/Chapter_XI#898
711,s_future,931,940,XII,https://en.wikisource.org/wiki/Sanskrit_Grammar_(Whitney)/Chapter_XII#931
711,periphrastic_future,942,949,XII,https://en.wikisource.org/wiki/Sanskrit_Grammar_(Whitney)/Chapter_XII#942
711,causative,1041,1052,XIV,https://en.wikisource.org/wiki/Sanskrit_Grammar_(Whitney)/Chapter_XIV#1041
711,ppp,952,958,XIII,https://en.wikisource.org/wiki/Sanskrit_Grammar_(Whitney)/Chapter_XIII#952
712,present_a,733,750,IX,https://en.wikisource.org/wiki/Sanskrit_Grammar_(Whitney)/Chapter_IX#733
712,perfect,781,823,X,https://en.wikisource.org/wiki/Sanskrit_Grammar_(Whitney)/Chapter_X#781
712,aor_class,824,827,XI,https://en.wikisource.org/wiki/Sanskrit_Grammar_(Whitney)/Chapter_XI#824
712,aor_is,898,911,XI,https://en.wikisource.org/wiki/Sanskrit_Grammar_(Whitney)/Chapter_XI#898
712,s_future,931,940,XII,https://en.wikisource.org/wiki/Sanskrit_Grammar_(Whitney)/Chapter_XII#931
712,periphrastic_future,942,949,XII,https://en.wikisource.org/wiki/Sanskrit_Grammar_(Whitney)/Chapter_XII#942
712,causative,1041,1052,XIV,https://en.wikisource.org/wiki/Sanskrit_Grammar_(Whitney)/Chapter_XIV#1041
713,present_a,733,750,IX,https://en.wikisource.org/wiki/Sanskrit_Grammar_(Whitney)/Chapter_IX#733
714,present_a,733,750,IX,https://en.wikisource.org/wiki/Sanskrit_Grammar_(Whitney)/Chapter_IX#733
714,present_root,611,641,IX,https://en.wikisource.org/wiki/Sanskrit_Grammar_(Whitney)/Chapter_IX#611
714,present_redup,642,682,IX,https://en.wikisource.org/wiki/Sanskrit_Grammar_(Whitney)/Chapter_IX#642
714,present_acc_a,751,758,IX,https://en.wikisource.org/wiki/Sanskrit_Grammar_(Whitney)/Chapter_IX#751
714,passive_present,768,774,IX,https://en.wikisource.org/wiki/Sanskrit_Grammar_(Whitney)/Chapter_IX#768
714,perfect,781,823,X,https://en.wikisource.org/wiki/Sanskrit_Grammar_(Whitney)/Chapter_X#781
714,aor_class,824,827,XI,https://en.wikisource.org/wiki/Sanskrit_Grammar_(Whitney)/Chapter_XI#824
714,aor_redup,856,873,XI,https://en.wikisource.org/wiki/Sanskrit_Grammar_(Whitney)/Chapter_XI#856
714,aor_is,898,911,XI,https://en.wikisource.org/wiki/Sanskrit_Grammar_(Whitney)/Chapter_XI#898
714,s_future,931,940,XII,https://en.wikisource.org/wiki/Sanskrit_Grammar_(Whitney)/Chapter_XII#931
714,periphrastic_future,942,949,XII,https://en.wikisource.org/wiki/Sanskrit_Grammar_(Whitney)/Chapter_XII#942
714,causative,1041,1052,XIV,https://en.wikisource.org/wiki/Sanskrit_Grammar_(Whitney)/Chapter_XIV#1041
714,desiderative,1026,1040,XIV,https://en.wikisource.org/wiki/Sanskrit_Grammar_(Whitney)/Chapter_XIV#1026
714,intensive,1000,1025,XIV,https://en.wikisource.org/wiki/Sanskrit_Grammar_(Whitney)/Chapter_XIV#1000
715,present_root,611,641,IX,https://en.wikisource.org/wiki/Sanskrit_Grammar_(Whitney)/Chapter_IX#611
715,present_acc_a,751,758,IX,https://en.wikisource.org/wiki/Sanskrit_Grammar_(Whitney)/Chapter_IX#751
715,perfect,781,823,X,https://en.wikisource.org/wiki/Sanskrit_Grammar_(Whitney)/Chapter_X#781
715,aor_class,824,827,XI,https://en.wikisource.org/wiki/Sanskrit_Grammar_(Whitney)/Chapter_XI#824
715,aor_root,828,846,XI,https://en.wikisource.org/wiki/Sanskrit_Grammar_(Whitney)/Chapter_XI#828
715,aor_s,878,897,XI,https://en.wikisource.org/wiki/Sanskrit_Grammar_(Whitney)/Chapter_XI#878
715,s_future,931,940,XII,https://en.wikisource.org/wiki/Sanskrit_Grammar_(Whitney)/Chapter_XII#931
715,causative,1041,1052,XIV,https://en.wikisource.org/wiki/Sanskrit_Grammar_(Whitney)/Chapter_XIV#1041
715,ppp,952,958,XIII,https://en.wikisource.org/wiki/Sanskrit_Grammar_(Whitney)/Chapter_XIII#952
716,present_root,611,641,IX,https://en.wikisource.org/wiki/Sanskrit_Grammar_(Whitney)/Chapter_IX#611
716,present_acc_a,751,758,IX,https://en.wikisource.org/wiki/Sanskrit_Grammar_(Whitney)/Chapter_IX#751
716,perfect,781,823,X,https://en.wikisource.org/wiki/Sanskrit_Grammar_(Whitney)/Chapter_X#781
716,aor_class,824,827,XI,https://en.wikisource.org/wiki/Sanskrit_Grammar_(Whitney)/Chapter_XI#824
716,aor_redup,856,873,XI,https://en.wikisource.org/wiki/Sanskrit_Grammar_(Whitney)/Chapter_XI#856
716,aor_is,898,911,XI,https://en.wikisource.org/wiki/Sanskrit_Grammar_(Whitney)/Chapter_XI#898
716,s_future,931,940,XII,https://en.wikisource.org/wiki/Sanskrit_Grammar_(Whitney)/Chapter_XII#931
716,periphrastic_future,942,949,XII,https://en.wikisource.org/wiki/Sanskrit_Grammar_(Whitney)/Chapter_XII#942
716,causative,1041,1052,XIV,https://en.wikisource.org/wiki/Sanskrit_Grammar_(Whitney)/Chapter_XIV#1041
716,desiderative,1026,1040,XIV,https://en.wikisource.org/wiki/Sanskrit_Grammar_(Whitney)/Chapter_XIV#1026
716,intensive,1000,1025,XIV,https://en.wikisource.org/wiki/Sanskrit_Grammar_(Whitney)/Chapter_XIV#1000
716,ppp,952,958,XIII,https://en.wikisource.org/wiki/Sanskrit_Grammar_(Whitney)/Chapter_XIII#952
716,infinitive,968,979,XIII,https://en.wikisource.org/wiki/Sanskrit_Grammar_(Whitney)/Chapter_XIII#968
716,gerund,989,994,XIII,https://en.wikisource.org/wiki/Sanskrit_Grammar_(Whitney)/Chapter_XIII#989
717,present_a,733,750,IX,https://en.wikisource.org/wiki/Sanskrit_Grammar_(Whitney)/Chapter_IX#733
717,passive_present,768,774,IX,https://en.wikisource.org/wiki/Sanskrit_Grammar_(Whitney)/Chapter_IX#768
717,perfect,781,823,X,https://en.wikisource.org/wiki/Sanskrit_Grammar_(Whitney)/Chapter_X#781
717,aor_class,824,827,XI,https://en.wikisource.org/wiki/Sanskrit_Grammar_(Whitney)/Chapter_XI#824
717,aor_root,828,846,XI,https://en.wikisource.org/wiki/Sanskrit_Grammar_(Whitney)/Chapter_XI#828
717,aor_redup,856,873,XI,https://en.wikisource.org/wiki/Sanskrit_Grammar_(Whitney)/Chapter_XI#856
717,aor_s,878,897,XI,https://en.wikisource.org/wiki/Sanskrit_Grammar_(Whitney)/Chapter_XI#878
717,s_future,931,940,XII,https://en.wikisource.org/wiki/Sanskrit_Grammar_(Whitney)/Chapter_XII#931
717,periphrastic_future,942,949,XII,https://en.wikisource.org/wiki/Sanskrit_Grammar_(Whitney)/Chapter_XII#942
717,causative,1041,1052,XIV,https://en.wikisource.org/wiki/Sanskrit_Grammar_(Whitney)/Chapter_XIV#1041
717,desiderative,1026,1040,XIV,https://en.wikisource.org/wiki/Sanskrit_Grammar_(Whitney)/Chapter_XIV#1026
717,intensive,1000,1025,XIV,https://en.wikisource.org/wiki/Sanskrit_Grammar_(Whitney)/Chapter_XIV#1000
717,ppp,952,958,XIII,https://en.wikisource.org/wiki/Sanskrit_Grammar_(Whitney)/Chapter_XIII#952
717,infinitive,968,979,XIII,https://en.wikisource.org/wiki/Sanskrit_Grammar_(Whitney)/Chapter_XIII#968
717,gerund,989,994,XIII,https://en.wikisource.org/wiki/Sanskrit_Grammar_(Whitney)/Chapter_XIII#989
718,present_a,733,750,IX,https://en.wikisource.org/wiki/Sanskrit_Grammar_(Whitney)/Chapter_IX#733
718,present_root,611,641,IX,https://en.wikisource.org/wiki/Sanskrit_Grammar_(Whitney)/Chapter_IX#611
718,passive_present,768,774,IX,https://en.wikisource.org/wiki/Sanskrit_Grammar_(Whitney)/Chapter_IX#768
718,perfect,781,823,X,https://en.wikisource.org/wiki/Sanskrit_Grammar_(Whitney)/Chapter_X#781
718,aor_class,824,827,XI,https://en.wikisource.org/wiki/Sanskrit_Grammar_(Whitney)/Chapter_XI#824
718,aor_redup,856,873,XI,https://en.wikisource.org/wiki/Sanskrit_Grammar_(Whitney)/Chapter_XI#856
718,aor_s,878,897,XI,https://en.wikisource.org/wiki/Sanskrit_Grammar_(Whitney)/Chapter_XI#878
718,s_future,931,940,XII,https://en.wikisource.org/wiki/Sanskrit_Grammar_(Whitney)/Chapter_XII#931
718,periphrastic_future,942,949,XII,https://en.wikisource.org/wiki/Sanskrit_Grammar_(Whitney)/Chapter_XII#942
718,causative,1041,1052,XIV,https://en.wikisource.org/wiki/Sanskrit_Grammar_(Whitney)/Chapter_XIV#1041
718,desiderative,1026,1040,XIV,https://en.wikisource.org/wiki/Sanskrit_Grammar_(Whitney)/Chapter_XIV#1026
718,intensive,1000,1025,XIV,https://en.wikisource.org/wiki/Sanskrit_Grammar_(Whitney)/Chapter_XIV#1000
718,ppp,952,958,XIII,https://en.wikisource.org/wiki/Sanskrit_Grammar_(Whitney)/Chapter_XIII#952
718,infinitive,968,979,XIII,https://en.wikisource.org/wiki/Sanskrit_Grammar_(Whitney)/Chapter_XIII#968
718,gerund,989,994,XIII,https://en.wikisource.org/wiki/Sanskrit_Grammar_(Whitney)/Chapter_XIII#989
719,present_root,611,641,IX,https://en.wikisource.org/wiki/Sanskrit_Grammar_(Whitney)/Chapter_IX#611
719,present_ya,759,767,IX,https://en.wikisource.org/wiki/Sanskrit_Grammar_(Whitney)/Chapter_IX#759
719,perfect,781,823,X,https://en.wikisource.org/wiki/Sanskrit_Grammar_(Whitney)/Chapter_X#781
719,aor_class,824,827,XI,https://en.wikisource.org/wiki/Sanskrit_Grammar_(Whitney)/Chapter_XI#824
719,aor_sis,912,915,XI,https://en.wikisource.org/wiki/Sanskrit_Grammar_(Whitney)/Chapter_XI#912
719,s_future,931,940,XII,https://en.wikisource.org/wiki/Sanskrit_Grammar_(Whitney)/Chapter_XII#931
719,causative,1041,1052,XIV,https://en.wikisource.org/wiki/Sanskrit_Grammar_(Whitney)/Chapter_XIV#1041
719,ppp,952,958,XIII,https://en.wikisource.org/wiki/Sanskrit_Grammar_(Whitney)/Chapter_XIII#952
719,infinitive,968,979,XIII,https://en.wikisource.org/wiki/Sanskrit_Grammar_(Whitney)/Chapter_XIII#968
720,present_ya,759,767,IX,https://en.wikisource.org/wiki/Sanskrit_Grammar_(Whitney)/Chapter_IX#759
720,passive_present,768,774,IX,https://en.wikisource.org/wiki/Sanskrit_Grammar_(Whitney)/Chapter_IX#768
720,perfect,781,823,X,https://en.wikisource.org/wiki/Sanskrit_Grammar_(Whitney)/Chapter_X#781
720,aor_class,824,827,XI,https://en.wikisource.org/wiki/Sanskrit_Grammar_(Whitney)/Chapter_XI#824
720,aor_s,878,897,XI,https://en.wikisource.org/wiki/Sanskrit_Grammar_(Whitney)/Chapter_XI#878
720,aor_sis,912,915,XI,https://en.wikisource.org/wiki/Sanskrit_Grammar_(Whitney)/Chapter_XI#912
720,s_future,931,940,XII,https://en.wikisource.org/wiki/Sanskrit_Grammar_(Whitney)/Chapter_XII#931
720,periphrastic_future,942,949,XII,https://en.wikisource.org/wiki/Sanskrit_Grammar_(Whitney)/Chapter_XII#942
720,causative,1041,1052,XIV,https://en.wikisource.org/wiki/Sanskrit_Grammar_(Whitney)/Chapter_XIV#1041
720,desiderative,1026,1040,XIV,https://en.wikisource.org/wiki/Sanskrit_Grammar_(Whitney)/Chapter_XIV#1026
720,intensive,1000,1025,XIV,https://en.wikisource.org/wiki/Sanskrit_Grammar_(Whitney)/Chapter_XIV#1000
720,ppp,952,958,XIII,https://en.wikisource.org/wiki/Sanskrit_Grammar_(Whitney)/Chapter_XIII#952
720,infinitive,968,979,XIII,https://en.wikisource.org/wiki/Sanskrit_Grammar_(Whitney)/Chapter_XIII#968
722,present_a,733,750,IX,https://en.wikisource.org/wiki/Sanskrit_Grammar_(Whitney)/Chapter_IX#733
722,passive_present,768,774,IX,https://en.wikisource.org/wiki/Sanskrit_Grammar_(Whitney)/Chapter_IX#768
722,perfect,781,823,X,https://en.wikisource.org/wiki/Sanskrit_Grammar_(Whitney)/Chapter_X#781
722,aor_class,824,827,XI,https://en.wikisource.org/wiki/Sanskrit_Grammar_(Whitney)/Chapter_XI#824
722,aor_is,898,911,XI,https://en.wikisource.org/wiki/Sanskrit_Grammar_(Whitney)/Chapter_XI#898
722,s_future,931,940,XII,https://en.wikisource.org/wiki/Sanskrit_Grammar_(Whitney)/Chapter_XII#931
722,periphrastic_future,942,949,XII,https://en.wikisource.org/wiki/Sanskrit_Grammar_(Whitney)/Chapter_XII#942
722,causative,1041,1052,XIV,https://en.wikisource.org/wiki/Sanskrit_Grammar_(Whitney)/Chapter_XIV#1041
722,ppp,952,958,XIII,https://en.wikisource.org/wiki/Sanskrit_Grammar_(Whitney)/Chapter_XIII#952
723,present_a,733,750,IX,https://en.wikisource.org/wiki/Sanskrit_Grammar_(Whitney)/Chapter_IX#733
723,present_ya,759,767,IX,https://en.wikisource.org/wiki/Sanskrit_Grammar_(Whitney)/Chapter_IX#759
723,passive_present,768,774,IX,https://en.wikisource.org/wiki/Sanskrit_Grammar_(Whitney)/Chapter_IX#768
723,perfect,781,823,X,https://en.wikisource.org/wiki/Sanskrit_Grammar_(Whitney)/Chapter_X#781
723,aor_class,824,827,XI,https://en.wikisource.org/wiki/Sanskrit_Grammar_(Whitney)/Chapter_XI#824
723,aor_redup,856,873,XI,https://en.wikisource.org/wiki/Sanskrit_Grammar_(Whitney)/Chapter_XI#856
723,aor_is,898,911,XI,https://en.wikisource.org/wiki/Sanskrit_Grammar_(Whitney)/Chapter_XI#898
723,s_future,931,940,XII,https://en.wikisource.org/wiki/Sanskrit_Grammar_(Whitney)/Chapter_XII#931
723,causative,1041,1052,XIV,https://en.wikisource.org/wiki/Sanskrit_Grammar_(Whitney)/Chapter_XIV#1041
723,desiderative,1026,1040,XIV,https://en.wikisource.org/wiki/Sanskrit_Grammar_(Whitney)/Chapter_XIV#1026
723,intensive,1000,1025,XIV,https://en.wikisource.org/wiki/Sanskrit_Grammar_(Whitney)/Chapter_XIV#1000
723,ppp,952,958,XIII,https://en.wikisource.org/wiki/Sanskrit_Grammar_(Whitney)/Chapter_XIII#952
723,gerund,989,994,XIII,https://en.wikisource.org/wiki/Sanskrit_Grammar_(Whitney)/Chapter_XIII#989
724,present_a,733,750,IX,https://en.wikisource.org/wiki/Sanskrit_Grammar_(Whitney)/Chapter_IX#733
724,perfect,781,823,X,https://en.wikisource.org/wiki/Sanskrit_Grammar_(Whitney)/Chapter_X#781
724,aor_class,824,827,XI,https://en.wikisource.org/wiki/Sanskrit_Grammar_(Whitney)/Chapter_XI#824
724,aor_is,898,911,XI,https://en.wikisource.org/wiki/Sanskrit_Grammar_(Whitney)/Chapter_XI#898
724,s_future,931,940,XII,https://en.wikisource.org/wiki/Sanskrit_Grammar_(Whitney)/Chapter_XII#931
724,periphrastic_future,942,949,XII,https://en.wikisource.org/wiki/Sanskrit_Grammar_(Whitney)/Chapter_XII#942
724,causative,1041,1052,XIV,https://en.wikisource.org/wiki/Sanskrit_Grammar_(Whitney)/Chapter_XIV#1041
725,present_redup,642,682,IX,https://en.wikisource.org/wiki/Sanskrit_Grammar_(Whitney)/Chapter_IX#642
725,present_nasal,683,696,IX,https://en.wikisource.org/wiki/Sanskrit_Grammar_(Whitney)/Chapter_IX#683
725,passive_present,768,774,IX,https://en.wikisource.org/wiki/Sanskrit_Grammar_(Whitney)/Chapter_IX#768
725,perfect,781,823,X,https://en.wikisource.org/wiki/Sanskrit_Grammar_(Whitney)/Chapter_X#781
725,aor_class,824,827,XI,https://en.wikisource.org/wiki/Sanskrit_Grammar_(Whitney)/Chapter_XI#824
725,aor_redup,856,873,XI,https://en.wikisource.org/wiki/Sanskrit_Grammar_(Whitney)/Chapter_XI#856
725,aor_is,898,911,XI,https://en.wikisource.org/wiki/Sanskrit_Grammar_(Whitney)/Chapter_XI#898
725,s_future,931,940,XII,https://en.wikisource.org/wiki/Sanskrit_Grammar_(Whitney)/Chapter_XII#931
725,periphrastic_future,942,949,XII,https://en.wikisource.org/wiki/Sanskrit_Grammar_(Whitney)/Chapter_XII#942
725,causative,1041,1052,XIV,https://en.wikisource.org/wiki/Sanskrit_Grammar_(Whitney)/Chapter_XIV#1041
725,intensive,1000,1025,XIV,https://en.wikisource.org/wiki/Sanskrit_Grammar_(Whitney)/Chapter_XIV#1000
725,ppp,952,958,XIII,https://en.wikisource.org/wiki/Sanskrit_Grammar_(Whitney)/Chapter_XIII#952
725,infinitive,968,979,XIII,https://en.wikisource.org/wiki/Sanskrit_Grammar_(Whitney)/Chapter_XIII#968
725,gerund,989,994,XIII,https://en.wikisource.org/wiki/Sanskrit_Grammar_(Whitney)/Chapter_XIII#989
727,present_a,733,750,IX,https://en.wikisource.org/wiki/Sanskrit_Grammar_(Whitney)/Chapter_IX#733
727,present_acc_a,751,758,IX,https://en.wikisource.org/wiki/Sanskrit_Grammar_(Whitney)/Chapter_IX#751
727,perfect,781,823,X,https://en.wikisource.org/wiki/Sanskrit_Grammar_(Whitney)/Chapter_X#781
727,aor_class,824,827,XI,https://en.wikisource.org/wiki/Sanskrit_Grammar_(Whitney)/Chapter_XI#824
727,aor_root,828,846,XI,https://en.wikisource.org/wiki/Sanskrit_Grammar_(Whitney)/Chapter_XI#828
727,aor_redup,856,873,XI,https://en.wikisource.org/wiki/Sanskrit_Grammar_(Whitney)/Chapter_XI#856
727,aor_s,878,897,XI,https://en.wikisource.org/wiki/Sanskrit_Grammar_(Whitney)/Chapter_XI#878
727,aor_is,898,911,XI,https://en.wikisource.org/wiki/Sanskrit_Grammar_(Whitney)/Chapter_XI#898
727,s_future,931,940,XII,https://en.wikisource.org/wiki/Sanskrit_Grammar_(Whitney)/Chapter_XII#931
727,periphrastic_future,942,949,XII,https://en.wikisource.org/wiki/Sanskrit_Grammar_(Whitney)/Chapter_XII#942
727,causative,1041,1052,XIV,https://en.wikisource.org/wiki/Sanskrit_Grammar_(Whitney)/Chapter_XIV#1041
727,desiderative,1026,1040,XIV,https://en.wikisource.org/wiki/Sanskrit_Grammar_(Whitney)/Chapter_XIV#1026
727,intensive,1000,1025,XIV,https://en.wikisource.org/wiki/Sanskrit_Grammar_(Whitney)/Chapter_XIV#1000
727,ppp,952,958,XIII,https://en.wikisource.org/wiki/Sanskrit_Grammar_(Whitney)/Chapter_XIII#952
727,infinitive,968,979,XIII,https://en.wikisource.org/wiki/Sanskrit_Grammar_(Whitney)/Chapter_XIII#968
728,present_a,733,750,IX,https://en.wikisource.org/wiki/Sanskrit_Grammar_(Whitney)/Chapter_IX#733
728,present_root,611,641,IX,https://en.wikisource.org/wiki/Sanskrit_Grammar_(Whitney)/Chapter_IX#611
728,present_acc_a,751,758,IX,https://en.wikisource.org/wiki/Sanskrit_Grammar_(Whitney)/Chapter_IX#751
728,passive_present,768,774,IX,https://en.wikisource.org/wiki/Sanskrit_Grammar_(Whitney)/Chapter_IX#768
728,perfect,781,823,X,https://en.wikisource.org/wiki/Sanskrit_Grammar_(Whitney)/Chapter_X#781
728,aor_class,824,827,XI,https://en.wikisource.org/wiki/Sanskrit_Grammar_(Whitney)/Chapter_XI#824
728,aor_redup,856,873,XI,https://en.wikisource.org/wiki/Sanskrit_Grammar_(Whitney)/Chapter_XI#856
728,aor_s,878,897,XI,https://en.wikisource.org/wiki/Sanskrit_Grammar_(Whitney)/Chapter_XI#878
728,aor_is,898,911,XI,https://en.wikisource.org/wiki/Sanskrit_Grammar_(Whitney)/Chapter_XI#898
728,s_future,931,940,XII,https://en.wikisource.org/wiki/Sanskrit_Grammar_(Whitney)/Chapter_XII#931
728,periphrastic_future,942,949,XII,https://en.wikisource.org/wiki/Sanskrit_Grammar_(Whitney)/Chapter_XII#942
728,causative,1041,1052,XIV,https://en.wikisource.org/wiki/Sanskrit_Grammar_(Whitney)/Chapter_XIV#1041
728,desiderative,1026,1040,XIV,https://en.wikisource.org/wiki/Sanskrit_Grammar_(Whitney)/Chapter_XIV#1026
728,intensive,1000,1025,XIV,https://en.wikisource.org/wiki/Sanskrit_Grammar_(Whitney)/Chapter_XIV#1000
728,ppp,952,958,XIII,https://en.wikisource.org/wiki/Sanskrit_Grammar_(Whitney)/Chapter_XIII#952
728,infinitive,968,979,XIII,https://en.wikisource.org/wiki/Sanskrit_Grammar_(Whitney)/Chapter_XIII#968
728,gerund,989,994,XIII,https://en.wikisource.org/wiki/Sanskrit_Grammar_(Whitney)/Chapter_XIII#989
729,present_root,611,641,IX,https://en.wikisource.org/wiki/Sanskrit_Grammar_(Whitney)/Chapter_IX#611
729,present_acc_a,751,758,IX,https://en.wikisource.org/wiki/Sanskrit_Grammar_(Whitney)/Chapter_IX#751
729,passive_present,768,774,IX,https://en.wikisource.org/wiki/Sanskrit_Grammar_(Whitney)/Chapter_IX#768
729,perfect,781,823,X,https://en.wikisource.org/wiki/Sanskrit_Grammar_(Whitney)/Chapter_X#781
729,aor_class,824,827,XI,https://en.wikisource.org/wiki/Sanskrit_Grammar_(Whitney)/Chapter_XI#824
729,aor_a,847,855,XI,https://en.wikisource.org/wiki/Sanskrit_Grammar_(Whitney)/Chapter_XI#847
729,aor_redup,856,873,XI,https://en.wikisource.org/wiki/Sanskrit_Grammar_(Whitney)/Chapter_XI#856
729,aor_s,878,897,XI,https://en.wikisource.org/wiki/Sanskrit_Grammar_(Whitney)/Chapter_XI#878
729,s_future,931,940,XII,https://en.wikisource.org/wiki/Sanskrit_Grammar_(Whitney)/Chapter_XII#931
729,periphrastic_future,942,949,XII,https://en.wikisource.org/wiki/Sanskrit_Grammar_(Whitney)/Chapter_XII#942
729,causative,1041,1052,XIV,https://en.wikisource.org/wiki/Sanskrit_Grammar_(Whitney)/Chapter_XIV#1041
729,desiderative,1026,1040,XIV,https://en.wikisource.org/wiki/Sanskrit_Grammar_(Whitney)/Chapter_XIV#1026
729,intensive,1000,1025,XIV,https://en.wikisource.org/wiki/Sanskrit_Grammar_(Whitney)/Chapter_XIV#1000
729,ppp,952,958,XIII,https://en.wikisource.org/wiki/Sanskrit_Grammar_(Whitney)/Chapter_XIII#952
729,infinitive,968,979,XIII,https://en.wikisource.org/wiki/Sanskrit_Grammar_(Whitney)/Chapter_XIII#968
729,gerund,989,994,XIII,https://en.wikisource.org/wiki/Sanskrit_Grammar_(Whitney)/Chapter_XIII#989
730,present_acc_a,751,758,IX,https://en.wikisource.org/wiki/Sanskrit_Grammar_(Whitney)/Chapter_IX#751
732,present_acc_a,751,758,IX,https://en.wikisource.org/wiki/Sanskrit_Grammar_(Whitney)/Chapter_IX#751
733,present_a,733,750,IX,https://en.wikisource.org/wiki/Sanskrit_Grammar_(Whitney)/Chapter_IX#733
733,perfect,781,823,X,https://en.wikisource.org/wiki/Sanskrit_Grammar_(Whitney)/Chapter_X#781
733,aor_class,824,827,XI,https://en.wikisource.org/wiki/Sanskrit_Grammar_(Whitney)/Chapter_XI#824
733,aor_root,828,846,XI,https://en.wikisource.org/wiki/Sanskrit_Grammar_(Whitney)/Chapter_XI#828
733,aor_redup,856,873,XI,https://en.wikisource.org/wiki/Sanskrit_Grammar_(Whitney)/Chapter_XI#856
733,aor_is,898,911,XI,https://en.wikisource.org/wiki/Sanskrit_Grammar_(Whitney)/Chapter_XI#898
733,s_future,931,940,XII,https://en.wikisource.org/wiki/Sanskrit_Grammar_(Whitney)/Chapter_XII#931
733,periphrastic_future,942,949,XII,https://en.wikisource.org/wiki/Sanskrit_Grammar_(Whitney)/Chapter_XII#942
733,causative,1041,1052,XIV,https://en.wikisource.org/wiki/Sanskrit_Grammar_(Whitney)/Chapter_XIV#1041
734,present_acc_a,751,758,IX,https://en.wikisource.org/wiki/Sanskrit_Grammar_(Whitney)/Chapter_IX#751
734,passive_present,768,774,IX,https://en.wikisource.org/wiki/Sanskrit_Grammar_(Whitney)/Chapter_IX#768
734,perfect,781,823,X,https://en.wikisource.org/wiki/Sanskrit_Grammar_(Whitney)/Chapter_X#781
734,aor_class,824,827,XI,https://en.wikisource.org/wiki/Sanskrit_Grammar_(Whitney)/Chapter_XI#824
734,aor_root,828,846,XI,https://en.wikisource.org/wiki/Sanskrit_Grammar_(Whitney)/Chapter_XI#828
734,aor_redup,856,873,XI,https://en.wikisource.org/wiki/Sanskrit_Grammar_(Whitney)/Chapter_XI#856
734,aor_s,878,897,XI,https://en.wikisource.org/wiki/Sanskrit_Grammar_(Whitney)/Chapter_XI#878
734,aor_is,898,911,XI,https://en.wikisource.org/wiki/Sanskrit_Grammar_(Whitney)/Chapter_XI#898
734,s_future,931,940,XII,https://en.wikisource.org/wiki/Sanskrit_Grammar_(Whitney)/Chapter_XII#931
734,periphrastic_future,942,949,XII,https://en.wikisource.org/wiki/Sanskrit_Grammar_(Whitney)/Chapter_XII#942
734,causative,1041,1052,XIV,https://en.wikisource.org/wiki/Sanskrit_Grammar_(Whitney)/Chapter_XIV#1041
734,desiderative,1026,1040,XIV,https://en.wikisource.org/wiki/Sanskrit_Grammar_(Whitney)/Chapter_XIV#1026
734,intensive,1000,1025,XIV,https://en.wikisource.org/wiki/Sanskrit_Grammar_(Whitney)/Chapter_XIV#1000
734,ppp,952,958,XIII,https://en.wikisource.org/wiki/Sanskrit_Grammar_(Whitney)/Chapter_XIII#952
734,infinitive,968,979,XIII,https://en.wikisource.org/wiki/Sanskrit_Grammar_(Whitney)/Chapter_XIII#968
734,gerund,989,994,XIII,https://en.wikisource.org/wiki/Sanskrit_Grammar_(Whitney)/Chapter_XIII#989
735,present_a,733,750,IX,https://en.wikisource.org/wiki/Sanskrit_Grammar_(Whitney)/Chapter_IX#733
735,present_redup,642,682,IX,https://en.wikisource.org/wiki/Sanskrit_Grammar_(Whitney)/Chapter_IX#642
735,passive_present,768,774,IX,https://en.wikisource.org/wiki/Sanskrit_Grammar_(Whitney)/Chapter_IX#768
735,perfect,781,823,X,https://en.wikisource.org/wiki/Sanskrit_Grammar_(Whitney)/Chapter_X#781
735,aor_class,824,827,XI,https://en.wikisource.org/wiki/Sanskrit_Grammar_(Whitney)/Chapter_XI#824
735,aor_root,828,846,XI,https://en.wikisource.org/wiki/Sanskrit_Grammar_(Whitney)/Chapter_XI#828
735,aor_a,847,855,XI,https://en.wikisource.org/wiki/Sanskrit_Grammar_(Whitney)/Chapter_XI#847
735,aor_is,898,911,XI,https://en.wikisource.org/wiki/Sanskrit_Grammar_(Whitney)/Chapter_XI#898
735,s_future,931,940,XII,https://en.wikisource.org/wiki/Sanskrit_Grammar_(Whitney)/Chapter_XII#931
735,periphrastic_future,942,949,XII,https://en.wikisource.org/wiki/Sanskrit_Grammar_(Whitney)/Chapter_XII#942
735,causative,1041,1052,XIV,https://en.wikisource.org/wiki/Sanskrit_Grammar_(Whitney)/Chapter_XIV#1041
735,desiderative,1026,1040,XIV,https://en.wikisource.org/wiki/Sanskrit_Grammar_(Whitney)/Chapter_XIV#1026
735,intensive,1000,1025,XIV,https://en.wikisource.org/wiki/Sanskrit_Grammar_(Whitney)/Chapter_XIV#1000
735,ppp,952,958,XIII,https://en.wikisource.org/wiki/Sanskrit_Grammar_(Whitney)/Chapter_XIII#952
735,gerund,989,994,XIII,https://en.wikisource.org/wiki/Sanskrit_Grammar_(Whitney)/Chapter_XIII#989
736,present_a,733,750,IX,https://en.wikisource.org/wiki/Sanskrit_Grammar_(Whitney)/Chapter_IX#733
736,perfect,781,823,X,https://en.wikisource.org/wiki/Sanskrit_Grammar_(Whitney)/Chapter_X#781
736,aor_class,824,827,XI,https://en.wikisource.org/wiki/Sanskrit_Grammar_(Whitney)/Chapter_XI#824
736,aor_redup,856,873,XI,https://en.wikisource.org/wiki/Sanskrit_Grammar_(Whitney)/Chapter_XI#856
736,aor_is,898,911,XI,https://en.wikisource.org/wiki/Sanskrit_Grammar_(Whitney)/Chapter_XI#898
736,s_future,931,940,XII,https://en.wikisource.org/wiki/Sanskrit_Grammar_(Whitney)/Chapter_XII#931
736,periphrastic_future,942,949,XII,https://en.wikisource.org/wiki/Sanskrit_Grammar_(Whitney)/Chapter_XII#942
736,causative,1041,1052,XIV,https://en.wikisource.org/wiki/Sanskrit_Grammar_(Whitney)/Chapter_XIV#1041
736,desiderative,1026,1040,XIV,https://en.wikisource.org/wiki/Sanskrit_Grammar_(Whitney)/Chapter_XIV#1026
736,intensive,1000,1025,XIV,https://en.wikisource.org/wiki/Sanskrit_Grammar_(Whitney)/Chapter_XIV#1000
736,ppp,952,958,XIII,https://en.wikisource.org/wiki/Sanskrit_Grammar_(Whitney)/Chapter_XIII#952
737,present_root,611,641,IX,https://en.wikisource.org/wiki/Sanskrit_Grammar_(Whitney)/Chapter_IX#611
737,passive_present,768,774,IX,https://en.wikisource.org/wiki/Sanskrit_Grammar_(Whitney)/Chapter_IX#768
737,perfect,781,823,X,https://en.wikisource.org/wiki/Sanskrit_Grammar_(Whitney)/Chapter_X#781
737,aor_class,824,827,XI,https://en.wikisource.org/wiki/Sanskrit_Grammar_(Whitney)/Chapter_XI#824
737,aor_redup,856,873,XI,https://en.wikisource.org/wiki/Sanskrit_Grammar_(Whitney)/Chapter_XI#856
737,aor_is,898,911,XI,https://en.wikisource.org/wiki/Sanskrit_Grammar_(Whitney)/Chapter_XI#898
737,s_future,931,940,XII,https://en.wikisource.org/wiki/Sanskrit_Grammar_(Whitney)/Chapter_XII#931
737,periphrastic_future,942,949,XII,https://en.wikisource.org/wiki/Sanskrit_Grammar_(Whitney)/Chapter_XII#942
737,causative,1041,1052,XIV,https://en.wikisource.org/wiki/Sanskrit_Grammar_(Whitney)/Chapter_XIV#1041
737,desiderative,1026,1040,XIV,https://en.wikisource.org/wiki/Sanskrit_Grammar_(Whitney)/Chapter_XIV#1026
737,intensive,1000,1025,XIV,https://en.wikisource.org/wiki/Sanskrit_Grammar_(Whitney)/Chapter_XIV#1000
738,present_a,733,750,IX,https://en.wikisource.org/wiki/Sanskrit_Grammar_(Whitney)/Chapter_IX#733
738,perfect,781,823,X,https://en.wikisource.org/wiki/Sanskrit_Grammar_(Whitney)/Chapter_X#781
738,causative,1041,1052,XIV,https://en.wikisource.org/wiki/Sanskrit_Grammar_(Whitney)/Chapter_XIV#1041
739,causative,1041,1052,XIV,https://en.wikisource.org/wiki/Sanskrit_Grammar_(Whitney)/Chapter_XIV#1041
740,present_a,733,750,IX,https://en.wikisource.org/wiki/Sanskrit_Grammar_(Whitney)/Chapter_IX#733
740,present_nu_u,697,716,IX,https://en.wikisource.org/wiki/Sanskrit_Grammar_(Whitney)/Chapter_IX#697
740,present_na,717,732,IX,https://en.wikisource.org/wiki/Sanskrit_Grammar_(Whitney)/Chapter_IX#717
740,passive_present,768,774,IX,https://en.wikisource.org/wiki/Sanskrit_Grammar_(Whitney)/Chapter_IX#768
740,perfect,781,823,X,https://en.wikisource.org/wiki/Sanskrit_Grammar_(Whitney)/Chapter_X#781
740,aor_class,824,827,XI,https://en.wikisource.org/wiki/Sanskrit_Grammar_(Whitney)/Chapter_XI#824
740,aor_root,828,846,XI,https://en.wikisource.org/wiki/Sanskrit_Grammar_(Whitney)/Chapter_XI#828
740,aor_redup,856,873,XI,https://en.wikisource.org/wiki/Sanskrit_Grammar_(Whitney)/Chapter_XI#856
740,aor_s,878,897,XI,https://en.wikisource.org/wiki/Sanskrit_Grammar_(Whitney)/Chapter_XI#878
740,aor_is,898,911,XI,https://en.wikisource.org/wiki/Sanskrit_Grammar_(Whitney)/Chapter_XI#898
740,s_future,931,940,XII,https://en.wikisource.org/wiki/Sanskrit_Grammar_(Whitney)/Chapter_XII#931
740,periphrastic_future,942,949,XII,https://en.wikisource.org/wiki/Sanskrit_Grammar_(Whitney)/Chapter_XII#942
740,causative,1041,1052,XIV,https://en.wikisource.org/wiki/Sanskrit_Grammar_(Whitney)/Chapter_XIV#1041
740,desiderative,1026,1040,XIV,https://en.wikisource.org/wiki/Sanskrit_Grammar_(Whitney)/Chapter_XIV#1026
740,intensive,1000,1025,XIV,https://en.wikisource.org/wiki/Sanskrit_Grammar_(Whitney)/Chapter_XIV#1000
740,ppp,952,958,XIII,https://en.wikisource.org/wiki/Sanskrit_Grammar_(Whitney)/Chapter_XIII#952
740,infinitive,968,979,XIII,https://en.wikisource.org/wiki/Sanskrit_Grammar_(Whitney)/Chapter_XIII#968
740,gerund,989,994,XIII,https://en.wikisource.org/wiki/Sanskrit_Grammar_(Whitney)/Chapter_XIII#989
741,present_nu_u,697,716,IX,https://en.wikisource.org/wiki/Sanskrit_Grammar_(Whitney)/Chapter_IX#697
741,present_na,717,732,IX,https://en.wikisource.org/wiki/Sanskrit_Grammar_(Whitney)/Chapter_IX#717
741,passive_present,768,774,IX,https://en.wikisource.org/wiki/Sanskrit_Grammar_(Whitney)/Chapter_IX#768
741,perfect,781,823,X,https://en.wikisource.org/wiki/Sanskrit_Grammar_(Whitney)/Chapter_X#781
741,aor_class,824,827,XI,https://en.wikisource.org/wiki/Sanskrit_Grammar_(Whitney)/Chapter_XI#824
741,aor_root,828,846,XI,https://en.wikisource.org/wiki/Sanskrit_Grammar_(Whitney)/Chapter_XI#828
741,aor_s,878,897,XI,https://en.wikisource.org/wiki/Sanskrit_Grammar_(Whitney)/Chapter_XI#878
741,aor_is,898,911,XI,https://en.wikisource.org/wiki/Sanskrit_Grammar_(Whitney)/Chapter_XI#898
741,s_future,931,940,XII,https://en.wikisource.org/wiki/Sanskrit_Grammar_(Whitney)/Chapter_XII#931
741,periphrastic_future,942,949,XII,https://en.wikisource.org/wiki/Sanskrit_Grammar_(Whitney)/Chapter_XII#942
741,causative,1041,1052,XIV,https://en.wikisource.org/wiki/Sanskrit_Grammar_(Whitney)/Chapter_XIV#1041
741,desiderative,1026,1040,XIV,https://en.wikisource.org/wiki/Sanskrit_Grammar_(Whitney)/Chapter_XIV#1026
741,intensive,1000,1025,XIV,https://en.wikisource.org/wiki/Sanskrit_Grammar_(Whitney)/Chapter_XIV#1000
741,ppp,952,958,XIII,https://en.wikisource.org/wiki/Sanskrit_Grammar_(Whitney)/Chapter_XIII#952
741,infinitive,968,979,XIII,https://en.wikisource.org/wiki/Sanskrit_Grammar_(Whitney)/Chapter_XIII#968
741,gerund,989,994,XIII,https://en.wikisource.org/wiki/Sanskrit_Grammar_(Whitney)/Chapter_XIII#989
742,present_a,733,750,IX,https://en.wikisource.org/wiki/Sanskrit_Grammar_(Whitney)/Chapter_IX#733
742,perfect,781,823,X,https://en.wikisource.org/wiki/Sanskrit_Grammar_(Whitney)/Chapter_X#781
742,ppp,952,958,XIII,https://en.wikisource.org/wiki/Sanskrit_Grammar_(Whitney)/Chapter_XIII#952
743,present_nasal,683,696,IX,https://en.wikisource.org/wiki/Sanskrit_Grammar_(Whitney)/Chapter_IX#683
743,passive_present,768,774,IX,https://en.wikisource.org/wiki/Sanskrit_Grammar_(Whitney)/Chapter_IX#768
743,perfect,781,823,X,https://en.wikisource.org/wiki/Sanskrit_Grammar_(Whitney)/Chapter_X#781
743,aor_class,824,827,XI,https://en.wikisource.org/wiki/Sanskrit_Grammar_(Whitney)/Chapter_XI#824
743,aor_root,828,846,XI,https://en.wikisource.org/wiki/Sanskrit_Grammar_(Whitney)/Chapter_XI#828
743,aor_redup,856,873,XI,https://en.wikisource.org/wiki/Sanskrit_Grammar_(Whitney)/Chapter_XI#856
743,aor_s,878,897,XI,https://en.wikisource.org/wiki/Sanskrit_Grammar_(Whitney)/Chapter_XI#878
743,s_future,931,940,XII,https://en.wikisource.org/wiki/Sanskrit_Grammar_(Whitney)/Chapter_XII#931
743,periphrastic_future,942,949,XII,https://en.wikisource.org/wiki/Sanskrit_Grammar_(Whitney)/Chapter_XII#942
743,causative,1041,1052,XIV,https://en.wikisource.org/wiki/Sanskrit_Grammar_(Whitney)/Chapter_XIV#1041
743,desiderative,1026,1040,XIV,https://en.wikisource.org/wiki/Sanskrit_Grammar_(Whitney)/Chapter_XIV#1026
743,intensive,1000,1025,XIV,https://en.wikisource.org/wiki/Sanskrit_Grammar_(Whitney)/Chapter_XIV#1000
743,ppp,952,958,XIII,https://en.wikisource.org/wiki/Sanskrit_Grammar_(Whitney)/Chapter_XIII#952
744,present_a,733,750,IX,https://en.wikisource.org/wiki/Sanskrit_Grammar_(Whitney)/Chapter_IX#733
744,present_root,611,641,IX,https://en.wikisource.org/wiki/Sanskrit_Grammar_(Whitney)/Chapter_IX#611
744,present_redup,642,682,IX,https://en.wikisource.org/wiki/Sanskrit_Grammar_(Whitney)/Chapter_IX#642
744,perfect,781,823,X,https://en.wikisource.org/wiki/Sanskrit_Grammar_(Whitney)/Chapter_X#781
744,aor_class,824,827,XI,https://en.wikisource.org/wiki/Sanskrit_Grammar_(Whitney)/Chapter_XI#824
744,aor_root,828,846,XI,https://en.wikisource.org/wiki/Sanskrit_Grammar_(Whitney)/Chapter_XI#828
744,aor_a,847,855,XI,https://en.wikisource.org/wiki/Sanskrit_Grammar_(Whitney)/Chapter_XI#847
744,aor_redup,856,873,XI,https://en.wikisource.org/wiki/Sanskrit_Grammar_(Whitney)/Chapter_XI#856
744,aor_s,878,897,XI,https://en.wikisource.org/wiki/Sanskrit_Grammar_(Whitney)/Chapter_XI#878
744,aor_is,898,911,XI,https://en.wikisource.org/wiki/Sanskrit_Grammar_(Whitney)/Chapter_XI#898
744,s_future,931,940,XII,https://en.wikisource.org/wiki/Sanskrit_Grammar_(Whitney)/Chapter_XII#931
744,periphrastic_future,942,949,XII,https://en.wikisource.org/wiki/Sanskrit_Grammar_(Whitney)/Chapter_XII#942
744,causative,1041,1052,XIV,https://en.wikisource.org/wiki/Sanskrit_Grammar_(Whitney)/Chapter_XIV#1041
744,desiderative,1026,1040,XIV,https://en.wikisource.org/wiki/Sanskrit_Grammar_(Whitney)/Chapter_XIV#1026
744,intensive,1000,1025,XIV,https://en.wikisource.org/wiki/Sanskrit_Grammar_(Whitney)/Chapter_XIV#1000
744,ppp,952,958,XIII,https://en.wikisource.org/wiki/Sanskrit_Grammar_(Whitney)/Chapter_XIII#952
744,infinitive,968,979,XIII,https://en.wikisource.org/wiki/Sanskrit_Grammar_(Whitney)/Chapter_XIII#968
744,gerund,989,994,XIII,https://en.wikisource.org/wiki/Sanskrit_Grammar_(Whitney)/Chapter_XIII#989
745,present_a,733,750,IX,https://en.wikisource.org/wiki/Sanskrit_Grammar_(Whitney)/Chapter_IX#733
745,perfect,781,823,X,https://en.wikisource.org/wiki/Sanskrit_Grammar_(Whitney)/Chapter_X#781
745,aor_class,824,827,XI,https://en.wikisource.org/wiki/Sanskrit_Grammar_(Whitney)/Chapter_XI#824
745,aor_a,847,855,XI,https://en.wikisource.org/wiki/Sanskrit_Grammar_(Whitney)/Chapter_XI#847
745,aor_redup,856,873,XI,https://en.wikisource.org/wiki/Sanskrit_Grammar_(Whitney)/Chapter_XI#856
745,aor_is,898,911,XI,https://en.wikisource.org/wiki/Sanskrit_Grammar_(Whitney)/Chapter_XI#898
745,s_future,931,940,XII,https://en.wikisource.org/wiki/Sanskrit_Grammar_(Whitney)/Chapter_XII#931
745,periphrastic_future,942,949,XII,https://en.wikisource.org/wiki/Sanskrit_Grammar_(Whitney)/Chapter_XII#942
745,causative,1041,1052,XIV,https://en.wikisource.org/wiki/Sanskrit_Grammar_(Whitney)/Chapter_XIV#1041
745,desiderative,1026,1040,XIV,https://en.wikisource.org/wiki/Sanskrit_Grammar_(Whitney)/Chapter_XIV#1026
745,intensive,1000,1025,XIV,https://en.wikisource.org/wiki/Sanskrit_Grammar_(Whitney)/Chapter_XIV#1000
745,ppp,952,958,XIII,https://en.wikisource.org/wiki/Sanskrit_Grammar_(Whitney)/Chapter_XIII#952
745,infinitive,968,979,XIII,https://en.wikisource.org/wiki/Sanskrit_Grammar_(Whitney)/Chapter_XIII#968
745,gerund,989,994,XIII,https://en.wikisource.org/wiki/Sanskrit_Grammar_(Whitney)/Chapter_XIII#989
746,present_a,733,750,IX,https://en.wikisource.org/wiki/Sanskrit_Grammar_(Whitney)/Chapter_IX#733
746,present_acc_a,751,758,IX,https://en.wikisource.org/wiki/Sanskrit_Grammar_(Whitney)/Chapter_IX#751
746,perfect,781,823,X,https://en.wikisource.org/wiki/Sanskrit_Grammar_(Whitney)/Chapter_X#781
746,aor_class,824,827,XI,https://en.wikisource.org/wiki/Sanskrit_Grammar_(Whitney)/Chapter_XI#824
746,aor_a,847,855,XI,https://en.wikisource.org/wiki/Sanskrit_Grammar_(Whitney)/Chapter_XI#847
746,aor_redup,856,873,XI,https://en.wikisource.org/wiki/Sanskrit_Grammar_(Whitney)/Chapter_XI#856
746,aor_is,898,911,XI,https://en.wikisource.org/wiki/Sanskrit_Grammar_(Whitney)/Chapter_XI#898
746,s_future,931,940,XII,https://en.wikisource.org/wiki/Sanskrit_Grammar_(Whitney)/Chapter_XII#931
746,periphrastic_future,942,949,XII,https://en.wikisource.org/wiki/Sanskrit_Grammar_(Whitney)/Chapter_XII#942
746,causative,1041,1052,XIV,https://en.wikisource.org/wiki/Sanskrit_Grammar_(Whitney)/Chapter_XIV#1041
746,desiderative,1026,1040,XIV,https://en.wikisource.org/wiki/Sanskrit_Grammar_(Whitney)/Chapter_XIV#1026
746,intensive,1000,1025,XIV,https://en.wikisource.org/wiki/Sanskrit_Grammar_(Whitney)/Chapter_XIV#1000
746,ppp,952,958,XIII,https://en.wikisource.org/wiki/Sanskrit_Grammar_(Whitney)/Chapter_XIII#952
746,infinitive,968,979,XIII,https://en.wikisource.org/wiki/Sanskrit_Grammar_(Whitney)/Chapter_XIII#968
746,gerund,989,994,XIII,https://en.wikisource.org/wiki/Sanskrit_Grammar_(Whitney)/Chapter_XIII#989
747,present_acc_a,751,758,IX,https://en.wikisource.org/wiki/Sanskrit_Grammar_(Whitney)/Chapter_IX#751
747,passive_present,768,774,IX,https://en.wikisource.org/wiki/Sanskrit_Grammar_(Whitney)/Chapter_IX#768
747,perfect,781,823,X,https://en.wikisource.org/wiki/Sanskrit_Grammar_(Whitney)/Chapter_X#781
747,aor_class,824,827,XI,https://en.wikisource.org/wiki/Sanskrit_Grammar_(Whitney)/Chapter_XI#824
747,aor_redup,856,873,XI,https://en.wikisource.org/wiki/Sanskrit_Grammar_(Whitney)/Chapter_XI#856
747,aor_is,898,911,XI,https://en.wikisource.org/wiki/Sanskrit_Grammar_(Whitney)/Chapter_XI#898
747,s_future,931,940,XII,https://en.wikisource.org/wiki/Sanskrit_Grammar_(Whitney)/Chapter_XII#931
747,periphrastic_future,942,949,XII,https://en.wikisource.org/wiki/Sanskrit_Grammar_(Whitney)/Chapter_XII#942
747,causative,1041,1052,XIV,https://en.wikisource.org/wiki/Sanskrit_Grammar_(Whitney)/Chapter_XIV#1041
747,desiderative,1026,1040,XIV,https://en.wikisource.org/wiki/Sanskrit_Grammar_(Whitney)/Chapter_XIV#1026
747,intensive,1000,1025,XIV,https://en.wikisource.org/wiki/Sanskrit_Grammar_(Whitney)/Chapter_XIV#1000
747,ppp,952,958,XIII,https://en.wikisource.org/wiki/Sanskrit_Grammar_(Whitney)/Chapter_XIII#952
747,gerund,989,994,XIII,https://en.wikisource.org/wiki/Sanskrit_Grammar_(Whitney)/Chapter_XIII#989
748,present_a,733,750,IX,https://en.wikisource.org/wiki/Sanskrit_Grammar_(Whitney)/Chapter_IX#733
748,perfect,781,823,X,https://en.wikisource.org/wiki/Sanskrit_Grammar_(Whitney)/Chapter_X#781
748,aor_class,824,827,XI,https://en.wikisource.org/wiki/Sanskrit_Grammar_(Whitney)/Chapter_XI#824
748,aor_redup,856,873,XI,https://en.wikisource.org/wiki/Sanskrit_Grammar_(Whitney)/Chapter_XI#856
748,aor_is,898,911,XI,https://en.wikisource.org/wiki/Sanskrit_Grammar_(Whitney)/Chapter_XI#898
748,s_future,931,940,XII,https://en.wikisource.org/wiki/Sanskrit_Grammar_(Whitney)/Chapter_XII#931
748,periphrastic_future,942,949,XII,https://en.wikisource.org/wiki/Sanskrit_Grammar_(Whitney)/Chapter_XII#942
748,causative,1041,1052,XIV,https://en.wikisource.org/wiki/Sanskrit_Grammar_(Whitney)/Chapter_XIV#1041
748,desiderative,1026,1040,XIV,https://en.wikisource.org/wiki/Sanskrit_Grammar_(Whitney)/Chapter_XIV#1026
748,intensive,1000,1025,XIV,https://en.wikisource.org/wiki/Sanskrit_Grammar_(Whitney)/Chapter_XIV#1000
749,present_a,733,750,IX,https://en.wikisource.org/wiki/Sanskrit_Grammar_(Whitney)/Chapter_IX#733
749,ppp,952,958,XIII,https://en.wikisource.org/wiki/Sanskrit_Grammar_(Whitney)/Chapter_XIII#952
751,present_redup,642,682,IX,https://en.wikisource.org/wiki/Sanskrit_Grammar_(Whitney)/Chapter_IX#642
751,present_acc_a,751,758,IX,https://en.wikisource.org/wiki/Sanskrit_Grammar_(Whitney)/Chapter_IX#751
751,perfect,781,823,X,https://en.wikisource.org/wiki/Sanskrit_Grammar_(Whitney)/Chapter_X#781
751,aor_class,824,827,XI,https://en.wikisource.org/wiki/Sanskrit_Grammar_(Whitney)/Chapter_XI#824
751,aor_redup,856,873,XI,https://en.wikisource.org/wiki/Sanskrit_Grammar_(Whitney)/Chapter_XI#856
751,aor_is,898,911,XI,https://en.wikisource.org/wiki/Sanskrit_Grammar_(Whitney)/Chapter_XI#898
751,s_future,931,940,XII,https://en.wikisource.org/wiki/Sanskrit_Grammar_(Whitney)/Chapter_XII#931
751,periphrastic_future,942,949,XII,https://en.wikisource.org/wiki/Sanskrit_Grammar_(Whitney)/Chapter_XII#942
751,causative,1041,1052,XIV,https://en.wikisource.org/wiki/Sanskrit_Grammar_(Whitney)/Chapter_XIV#1041
751,desiderative,1026,1040,XIV,https://en.wikisource.org/wiki/Sanskrit_Grammar_(Whitney)/Chapter_XIV#1026
751,intensive,1000,1025,XIV,https://en.wikisource.org/wiki/Sanskrit_Grammar_(Whitney)/Chapter_XIV#1000
751,ppp,952,958,XIII,https://en.wikisource.org/wiki/Sanskrit_Grammar_(Whitney)/Chapter_XIII#952
751,gerund,989,994,XIII,https://en.wikisource.org/wiki/Sanskrit_Grammar_(Whitney)/Chapter_XIII#989
753,present_a,733,750,IX,https://en.wikisource.org/wiki/Sanskrit_Grammar_(Whitney)/Chapter_IX#733
753,perfect,781,823,X,https://en.wikisource.org/wiki/Sanskrit_Grammar_(Whitney)/Chapter_X#781
753,aor_class,824,827,XI,https://en.wikisource.org/wiki/Sanskrit_Grammar_(Whitney)/Chapter_XI#824
753,aor_redup,856,873,XI,https://en.wikisource.org/wiki/Sanskrit_Grammar_(Whitney)/Chapter_XI#856
753,aor_is,898,911,XI,https://en.wikisource.org/wiki/Sanskrit_Grammar_(Whitney)/Chapter_XI#898
753,s_future,931,940,XII,https://en.wikisource.org/wiki/Sanskrit_Grammar_(Whitney)/Chapter_XII#931
753,periphrastic_future,942,949,XII,https://en.wikisource.org/wiki/Sanskrit_Grammar_(Whitney)/Chapter_XII#942
753,causative,1041,1052,XIV,https://en.wikisource.org/wiki/Sanskrit_Grammar_(Whitney)/Chapter_XIV#1041
753,desiderative,1026,1040,XIV,https://en.wikisource.org/wiki/Sanskrit_Grammar_(Whitney)/Chapter_XIV#1026
753,intensive,1000,1025,XIV,https://en.wikisource.org/wiki/Sanskrit_Grammar_(Whitney)/Chapter_XIV#1000
754,present_ya,759,767,IX,https://en.wikisource.org/wiki/Sanskrit_Grammar_(Whitney)/Chapter_IX#759
754,passive_present,768,774,IX,https://en.wikisource.org/wiki/Sanskrit_Grammar_(Whitney)/Chapter_IX#768
754,perfect,781,823,X,https://en.wikisource.org/wiki/Sanskrit_Grammar_(Whitney)/Chapter_X#781
754,aor_class,824,827,XI,https://en.wikisource.org/wiki/Sanskrit_Grammar_(Whitney)/Chapter_XI#824
754,aor_redup,856,873,XI,https://en.wikisource.org/wiki/Sanskrit_Grammar_(Whitney)/Chapter_XI#856
754,aor_s,878,897,XI,https://en.wikisource.org/wiki/Sanskrit_Grammar_(Whitney)/Chapter_XI#878
754,s_future,931,940,XII,https://en.wikisource.org/wiki/Sanskrit_Grammar_(Whitney)/Chapter_XII#931
754,periphrastic_future,942,949,XII,https://en.wikisource.org/wiki/Sanskrit_Grammar_(Whitney)/Chapter_XII#942
754,causative,1041,1052,XIV,https://en.wikisource.org/wiki/Sanskrit_Grammar_(Whitney)/Chapter_XIV#1041
754,desiderative,1026,1040,XIV,https://en.wikisource.org/wiki/Sanskrit_Grammar_(Whitney)/Chapter_XIV#1026
754,intensive,1000,1025,XIV,https://en.wikisource.org/wiki/Sanskrit_Grammar_(Whitney)/Chapter_XIV#1000
754,ppp,952,958,XIII,https://en.wikisource.org/wiki/Sanskrit_Grammar_(Whitney)/Chapter_XIII#952
754,infinitive,968,979,XIII,https://en.wikisource.org/wiki/Sanskrit_Grammar_(Whitney)/Chapter_XIII#968
754,gerund,989,994,XIII,https://en.wikisource.org/wiki/Sanskrit_Grammar_(Whitney)/Chapter_XIII#989
755,present_a,733,750,IX,https://en.wikisource.org/wiki/Sanskrit_Grammar_(Whitney)/Chapter_IX#733
755,perfect,781,823,X,https://en.wikisource.org/wiki/Sanskrit_Grammar_(Whitney)/Chapter_X#781
755,ppp,952,958,XIII,https://en.wikisource.org/wiki/Sanskrit_Grammar_(Whitney)/Chapter_XIII#952
756,passive_present,768,774,IX,https://en.wikisource.org/wiki/Sanskrit_Grammar_(Whitney)/Chapter_IX#768
756,perfect,781,823,X,https://en.wikisource.org/wiki/Sanskrit_Grammar_(Whitney)/Chapter_X#781
756,aor_class,824,827,XI,https://en.wikisource.org/wiki/Sanskrit_Grammar_(Whitney)/Chapter_XI#824
756,aor_a,847,855,XI,https://en.wikisource.org/wiki/Sanskrit_Grammar_(Whitney)/Chapter_XI#847
756,aor_s,878,897,XI,https://en.wikisource.org/wiki/Sanskrit_Grammar_(Whitney)/Chapter_XI#878
756,aor_sis,912,915,XI,https://en.wikisource.org/wiki/Sanskrit_Grammar_(Whitney)/Chapter_XI#912
756,s_future,931,940,XII,https://en.wikisource.org/wiki/Sanskrit_Grammar_(Whitney)/Chapter_XII#931
756,periphrastic_future,942,949,XII,https://en.wikisource.org/wiki/Sanskrit_Grammar_(Whitney)/Chapter_XII#942
756,causative,1041,1052,XIV,https://en.wikisource.org/wiki/Sanskrit_Grammar_(Whitney)/Chapter_XIV#1041
756,desiderative,1026,1040,XIV,https://en.wikisource.org/wiki/Sanskrit_Grammar_(Whitney)/Chapter_XIV#1026
756,intensive,1000,1025,XIV,https://en.wikisource.org/wiki/Sanskrit_Grammar_(Whitney)/Chapter_XIV#1000
756,ppp,952,958,XIII,https://en.wikisource.org/wiki/Sanskrit_Grammar_(Whitney)/Chapter_XIII#952
756,gerund,989,994,XIII,https://en.wikisource.org/wiki/Sanskrit_Grammar_(Whitney)/Chapter_XIII#989
757,present_a,733,750,IX,https://en.wikisource.org/wiki/Sanskrit_Grammar_(Whitney)/Chapter_IX#733
757,passive_present,768,774,IX,https://en.wikisource.org/wiki/Sanskrit_Grammar_(Whitney)/Chapter_IX#768
757,perfect,781,823,X,https://en.wikisource.org/wiki/Sanskrit_Grammar_(Whitney)/Chapter_X#781
757,aor_class,824,827,XI,https://en.wikisource.org/wiki/Sanskrit_Grammar_(Whitney)/Chapter_XI#824
757,aor_is,898,911,XI,https://en.wikisource.org/wiki/Sanskrit_Grammar_(Whitney)/Chapter_XI#898
757,s_future,931,940,XII,https://en.wikisource.org/wiki/Sanskrit_Grammar_(Whitney)/Chapter_XII#931
757,periphrastic_future,942,949,XII,https://en.wikisource.org/wiki/Sanskrit_Grammar_(Whitney)/Chapter_XII#942
757,causative,1041,1052,XIV,https://en.wikisource.org/wiki/Sanskrit_Grammar_(Whitney)/Chapter_XIV#1041
757,desiderative,1026,1040,XIV,https://en.wikisource.org/wiki/Sanskrit_Grammar_(Whitney)/Chapter_XIV#1026
757,intensive,1000,1025,XIV,https://en.wikisource.org/wiki/Sanskrit_Grammar_(Whitney)/Chapter_XIV#1000
757,ppp,952,958,XIII,https://en.wikisource.org/wiki/Sanskrit_Grammar_(Whitney)/Chapter_XIII#952
757,infinitive,968,979,XIII,https://en.wikisource.org/wiki/Sanskrit_Grammar_(Whitney)/Chapter_XIII#968
757,gerund,989,994,XIII,https://en.wikisource.org/wiki/Sanskrit_Grammar_(Whitney)/Chapter_XIII#989
758,present_a,733,750,IX,https://en.wikisource.org/wiki/Sanskrit_Grammar_(Whitney)/Chapter_IX#733
759,present_a,733,750,IX,https://en.wikisource.org/wiki/Sanskrit_Grammar_(Whitney)/Chapter_IX#733
760,present_a,733,750,IX,https://en.wikisource.org/wiki/Sanskrit_Grammar_(Whitney)/Chapter_IX#733
760,present_acc_a,751,758,IX,https://en.wikisource.org/wiki/Sanskrit_Grammar_(Whitney)/Chapter_IX#751
760,passive_present,768,774,IX,https://en.wikisource.org/wiki/Sanskrit_Grammar_(Whitney)/Chapter_IX#768
760,perfect,781,823,X,https://en.wikisource.org/wiki/Sanskrit_Grammar_(Whitney)/Chapter_X#781
760,aor_class,824,827,XI,https://en.wikisource.org/wiki/Sanskrit_Grammar_(Whitney)/Chapter_XI#824
760,aor_redup,856,873,XI,https://en.wikisource.org/wiki/Sanskrit_Grammar_(Whitney)/Chapter_XI#856
760,aor_s,878,897,XI,https://en.wikisource.org/wiki/Sanskrit_Grammar_(Whitney)/Chapter_XI#878
760,aor_is,898,911,XI,https://en.wikisource.org/wiki/Sanskrit_Grammar_(Whitney)/Chapter_XI#898
760,s_future,931,940,XII,https://en.wikisource.org/wiki/Sanskrit_Grammar_(Whitney)/Chapter_XII#931
760,periphrastic_future,942,949,XII,https://en.wikisource.org/wiki/Sanskrit_Grammar_(Whitney)/Chapter_XII#942
760,causative,1041,1052,XIV,https://en.wikisource.org/wiki/Sanskrit_Grammar_(Whitney)/Chapter_XIV#1041
760,desiderative,1026,1040,XIV,https://en.wikisource.org/wiki/Sanskrit_Grammar_(Whitney)/Chapter_XIV#1026
760,intensive,1000,1025,XIV,https://en.wikisource.org/wiki/Sanskrit_Grammar_(Whitney)/Chapter_XIV#1000
760,ppp,952,958,XIII,https://en.wikisource.org/wiki/Sanskrit_Grammar_(Whitney)/Chapter_XIII#952
760,gerund,989,994,XIII,https://en.wikisource.org/wiki/Sanskrit_Grammar_(Whitney)/Chapter_XIII#989
761,present_a,733,750,IX,https://en.wikisource.org/wiki/Sanskrit_Grammar_(Whitney)/Chapter_IX#733
762,present_a,733,750,IX,https://en.wikisource.org/wiki/Sanskrit_Grammar_(Whitney)/Chapter_IX#733
762,present_ya,759,767,IX,https://en.wikisource.org/wiki/Sanskrit_Grammar_(Whitney)/Chapter_IX#759
762,perfect,781,823,X,https://en.wikisource.org/wiki/Sanskrit_Grammar_(Whitney)/Chapter_X#781
762,aor_class,824,827,XI,https://en.wikisource.org/wiki/Sanskrit_Grammar_(Whitney)/Chapter_XI#824
762,aor_is,898,911,XI,https://en.wikisource.org/wiki/Sanskrit_Grammar_(Whitney)/Chapter_XI#898
762,s_future,931,940,XII,https://en.wikisource.org/wiki/Sanskrit_Grammar_(Whitney)/Chapter_XII#931
762,periphrastic_future,942,949,XII,https://en.wikisource.org/wiki/Sanskrit_Grammar_(Whitney)/Chapter_XII#942
762,causative,1041,1052,XIV,https://en.wikisource.org/wiki/Sanskrit_Grammar_(Whitney)/Chapter_XIV#1041
762,ppp,952,958,XIII,https://en.wikisource.org/wiki/Sanskrit_Grammar_(Whitney)/Chapter_XIII#952
763,present_a,733,750,IX,https://en.wikisource.org/wiki/Sanskrit_Grammar_(Whitney)/Chapter_IX#733
763,ppp,952,958,XIII,https://en.wikisource.org/wiki/Sanskrit_Grammar_(Whitney)/Chapter_XIII#952
765,present_na,717,732,IX,https://en.wikisource.org/wiki/Sanskrit_Grammar_(Whitney)/Chapter_IX#717
765,passive_present,768,774,IX,https://en.wikisource.org/wiki/Sanskrit_Grammar_(Whitney)/Chapter_IX#768
765,perfect,781,823,X,https://en.wikisource.org/wiki/Sanskrit_Grammar_(Whitney)/Chapter_X#781
765,aor_class,824,827,XI,https://en.wikisource.org/wiki/Sanskrit_Grammar_(Whitney)/Chapter_XI#824
765,aor_s,878,897,XI,https://en.wikisource.org/wiki/Sanskrit_Grammar_(Whitney)/Chapter_XI#878
765,s_future,931,940,XII,https://en.wikisource.org/wiki/Sanskrit_Grammar_(Whitney)/Chapter_XII#931
765,periphrastic_future,942,949,XII,https://en.wikisource.org/wiki/Sanskrit_Grammar_(Whitney)/Chapter_XII#942
765,causative,1041,1052,XIV,https://en.wikisource.org/wiki/Sanskrit_Grammar_(Whitney)/Chapter_XIV#1041
765,desiderative,1026,1040,XIV,https://en.wikisource.org/wiki/Sanskrit_Grammar_(Whitney)/Chapter_XIV#1026
765,intensive,1000,1025,XIV,https://en.wikisource.org/wiki/Sanskrit_Grammar_(Whitney)/Chapter_XIV#1000
765,ppp,952,958,XIII,https://en.wikisource.org/wiki/Sanskrit_Grammar_(Whitney)/Chapter_XIII#952
766,present_a,733,750,IX,https://en.wikisource.org/wiki/Sanskrit_Grammar_(Whitney)/Chapter_IX#733
766,passive_present,768,774,IX,https://en.wikisource.org/wiki/Sanskrit_Grammar_(Whitney)/Chapter_IX#768
766,perfect,781,823,X,https://en.wikisource.org/wiki/Sanskrit_Grammar_(Whitney)/Chapter_X#781
766,aor_class,824,827,XI,https://en.wikisource.org/wiki/Sanskrit_Grammar_(Whitney)/Chapter_XI#824
766,aor_root,828,846,XI,https://en.wikisource.org/wiki/Sanskrit_Grammar_(Whitney)/Chapter_XI#828
766,aor_redup,856,873,XI,https://en.wikisource.org/wiki/Sanskrit_Grammar_(Whitney)/Chapter_XI#856
766,aor_is,898,911,XI,https://en.wikisource.org/wiki/Sanskrit_Grammar_(Whitney)/Chapter_XI#898
766,s_future,931,940,XII,https://en.wikisource.org/wiki/Sanskrit_Grammar_(Whitney)/Chapter_XII#931
766,periphrastic_future,942,949,XII,https://en.wikisource.org/wiki/Sanskrit_Grammar_(Whitney)/Chapter_XII#942
766,causative,1041,1052,XIV,https://en.wikisource.org/wiki/Sanskrit_Grammar_(Whitney)/Chapter_XIV#1041
766,desiderative,1026,1040,XIV,https://en.wikisource.org/wiki/Sanskrit_Grammar_(Whitney)/Chapter_XIV#1026
766,intensive,1000,1025,XIV,https://en.wikisource.org/wiki/Sanskrit_Grammar_(Whitney)/Chapter_XIV#1000
766,ppp,952,958,XIII,https://en.wikisource.org/wiki/Sanskrit_Grammar_(Whitney)/Chapter_XIII#952
766,infinitive,968,979,XIII,https://en.wikisource.org/wiki/Sanskrit_Grammar_(Whitney)/Chapter_XIII#968
766,gerund,989,994,XIII,https://en.wikisource.org/wiki/Sanskrit_Grammar_(Whitney)/Chapter_XIII#989
767,present_nu_u,697,716,IX,https://en.wikisource.org/wiki/Sanskrit_Grammar_(Whitney)/Chapter_IX#697
767,passive_present,768,774,IX,https://en.wikisource.org/wiki/Sanskrit_Grammar_(Whitney)/Chapter_IX#768
767,perfect,781,823,X,https://en.wikisource.org/wiki/Sanskrit_Grammar_(Whitney)/Chapter_X#781
767,aor_class,824,827,XI,https://en.wikisource.org/wiki/Sanskrit_Grammar_(Whitney)/Chapter_XI#824
767,aor_root,828,846,XI,https://en.wikisource.org/wiki/Sanskrit_Grammar_(Whitney)/Chapter_XI#828
767,aor_a,847,855,XI,https://en.wikisource.org/wiki/Sanskrit_Grammar_(Whitney)/Chapter_XI#847
767,aor_redup,856,873,XI,https://en.wikisource.org/wiki/Sanskrit_Grammar_(Whitney)/Chapter_XI#856
767,s_future,931,940,XII,https://en.wikisource.org/wiki/Sanskrit_Grammar_(Whitney)/Chapter_XII#931
767,periphrastic_future,942,949,XII,https://en.wikisource.org/wiki/Sanskrit_Grammar_(Whitney)/Chapter_XII#942
767,causative,1041,1052,XIV,https://en.wikisource.org/wiki/Sanskrit_Grammar_(Whitney)/Chapter_XIV#1041
767,desiderative,1026,1040,XIV,https://en.wikisource.org/wiki/Sanskrit_Grammar_(Whitney)/Chapter_XIV#1026
767,intensive,1000,1025,XIV,https://en.wikisource.org/wiki/Sanskrit_Grammar_(Whitney)/Chapter_XIV#1000
767,ppp,952,958,XIII,https://en.wikisource.org/wiki/Sanskrit_Grammar_(Whitney)/Chapter_XIII#952
768,present_a,733,750,IX,https://en.wikisource.org/wiki/Sanskrit_Grammar_(Whitney)/Chapter_IX#733
768,passive_present,768,774,IX,https://en.wikisource.org/wiki/Sanskrit_Grammar_(Whitney)/Chapter_IX#768
768,perfect,781,823,X,https://en.wikisource.org/wiki/Sanskrit_Grammar_(Whitney)/Chapter_X#781
768,aor_class,824,827,XI,https://en.wikisource.org/wiki/Sanskrit_Grammar_(Whitney)/Chapter_XI#824
768,aor_is,898,911,XI,https://en.wikisource.org/wiki/Sanskrit_Grammar_(Whitney)/Chapter_XI#898
768,s_future,931,940,XII,https://en.wikisource.org/wiki/Sanskrit_Grammar_(Whitney)/Chapter_XII#931
768,periphrastic_future,942,949,XII,https://en.wikisource.org/wiki/Sanskrit_Grammar_(Whitney)/Chapter_XII#942
768,causative,1041,1052,XIV,https://en.wikisource.org/wiki/Sanskrit_Grammar_(Whitney)/Chapter_XIV#1041
768,ppp,952,958,XIII,https://en.wikisource.org/wiki/Sanskrit_Grammar_(Whitney)/Chapter_XIII#952
768,infinitive,968,979,XIII,https://en.wikisource.org/wiki/Sanskrit_Grammar_(Whitney)/Chapter_XIII#968
768,gerund,989,994,XIII,https://en.wikisource.org/wiki/Sanskrit_Grammar_(Whitney)/Chapter_XIII#989
769,causative,1041,1052,XIV,https://en.wikisource.org/wiki/Sanskrit_Grammar_(Whitney)/Chapter_XIV#1041
770,perfect,781,823,X,https://en.wikisource.org/wiki/Sanskrit_Grammar_(Whitney)/Chapter_X#781
771,perfect,781,823,X,https://en.wikisource.org/wiki/Sanskrit_Grammar_(Whitney)/Chapter_X#781
771,aor_class,824,827,XI,https://en.wikisource.org/wiki/Sanskrit_Grammar_(Whitney)/Chapter_XI#824
771,aor_a,847,855,XI,https://en.wikisource.org/wiki/Sanskrit_Grammar_(Whitney)/Chapter_XI#847
771,s_future,931,940,XII,https://en.wikisource.org/wiki/Sanskrit_Grammar_(Whitney)/Chapter_XII#931
771,periphrastic_future,942,949,XII,https://en.wikisource.org/wiki/Sanskrit_Grammar_(Whitney)/Chapter_XII#942
771,causative,1041,1052,XIV,https://en.wikisource.org/wiki/Sanskrit_Grammar_(Whitney)/Chapter_XIV#1041
771,desiderative,1026,1040,XIV,https://en.wikisource.org/wiki/Sanskrit_Grammar_(Whitney)/Chapter_XIV#1026
771,intensive,1000,1025,XIV,https://en.wikisource.org/wiki/Sanskrit_Grammar_(Whitney)/Chapter_XIV#1000
771,ppp,952,958,XIII,https://en.wikisource.org/wiki/Sanskrit_Grammar_(Whitney)/Chapter_XIII#952
772,present_a,733,750,IX,https://en.wikisource.org/wiki/Sanskrit_Grammar_(Whitney)/Chapter_IX#733
772,present_ya,759,767,IX,https://en.wikisource.org/wiki/Sanskrit_Grammar_(Whitney)/Chapter_IX#759
772,passive_present,768,774,IX,https://en.wikisource.org/wiki/Sanskrit_Grammar_(Whitney)/Chapter_IX#768
772,perfect,781,823,X,https://en.wikisource.org/wiki/Sanskrit_Grammar_(Whitney)/Chapter_X#781
772,aor_class,824,827,XI,https://en.wikisource.org/wiki/Sanskrit_Grammar_(Whitney)/Chapter_XI#824
772,aor_redup,856,873,XI,https://en.wikisource.org/wiki/Sanskrit_Grammar_(Whitney)/Chapter_XI#856
772,aor_s,878,897,XI,https://en.wikisource.org/wiki/Sanskrit_Grammar_(Whitney)/Chapter_XI#878
772,s_future,931,940,XII,https://en.wikisource.org/wiki/Sanskrit_Grammar_(Whitney)/Chapter_XII#931
772,periphrastic_future,942,949,XII,https://en.wikisource.org/wiki/Sanskrit_Grammar_(Whitney)/Chapter_XII#942
772,causative,1041,1052,XIV,https://en.wikisource.org/wiki/Sanskrit_Grammar_(Whitney)/Chapter_XIV#1041
772,desiderative,1026,1040,XIV,https://en.wikisource.org/wiki/Sanskrit_Grammar_(Whitney)/Chapter_XIV#1026
772,intensive,1000,1025,XIV,https://en.wikisource.org/wiki/Sanskrit_Grammar_(Whitney)/Chapter_XIV#1000
772,ppp,952,958,XIII,https://en.wikisource.org/wiki/Sanskrit_Grammar_(Whitney)/Chapter_XIII#952
772,infinitive,968,979,XIII,https://en.wikisource.org/wiki/Sanskrit_Grammar_(Whitney)/Chapter_XIII#968
772,gerund,989,994,XIII,https://en.wikisource.org/wiki/Sanskrit_Grammar_(Whitney)/Chapter_XIII#989
773,present_a,733,750,IX,https://en.wikisource.org/wiki/Sanskrit_Grammar_(Whitney)/Chapter_IX#733
773,present_root,611,641,IX,https://en.wikisource.org/wiki/Sanskrit_Grammar_(Whitney)/Chapter_IX#611
773,present_ya,759,767,IX,https://en.wikisource.org/wiki/Sanskrit_Grammar_(Whitney)/Chapter_IX#759
773,present_na,717,732,IX,https://en.wikisource.org/wiki/Sanskrit_Grammar_(Whitney)/Chapter_IX#717
773,perfect,781,823,X,https://en.wikisource.org/wiki/Sanskrit_Grammar_(Whitney)/Chapter_X#781
773,aor_class,824,827,XI,https://en.wikisource.org/wiki/Sanskrit_Grammar_(Whitney)/Chapter_XI#824
773,aor_is,898,911,XI,https://en.wikisource.org/wiki/Sanskrit_Grammar_(Whitney)/Chapter_XI#898
773,ppp,952,958,XIII,https://en.wikisource.org/wiki/Sanskrit_Grammar_(Whitney)/Chapter_XIII#952
774,present_a,733,750,IX,https://en.wikisource.org/wiki/Sanskrit_Grammar_(Whitney)/Chapter_IX#733
774,present_ya,759,767,IX,https://en.wikisource.org/wiki/Sanskrit_Grammar_(Whitney)/Chapter_IX#759
774,perfect,781,823,X,https://en.wikisource.org/wiki/Sanskrit_Grammar_(Whitney)/Chapter_X#781
774,aor_class,824,827,XI,https://en.wikisource.org/wiki/Sanskrit_Grammar_(Whitney)/Chapter_XI#824
774,aor_a,847,855,XI,https://en.wikisource.org/wiki/Sanskrit_Grammar_(Whitney)/Chapter_XI#847
774,aor_redup,856,873,XI,https://en.wikisource.org/wiki/Sanskrit_Grammar_(Whitney)/Chapter_XI#856
774,aor_is,898,911,XI,https://en.wikisource.org/wiki/Sanskrit_Grammar_(Whitney)/Chapter_XI#898
774,s_future,931,940,XII,https://en.wikisource.org/wiki/Sanskrit_Grammar_(Whitney)/Chapter_XII#931
774,periphrastic_future,942,949,XII,https://en.wikisource.org/wiki/Sanskrit_Grammar_(Whitney)/Chapter_XII#942
774,causative,1041,1052,XIV,https://en.wikisource.org/wiki/Sanskrit_Grammar_(Whitney)/Chapter_XIV#1041
774,desiderative,1026,1040,XIV,https://en.wikisource.org/wiki/Sanskrit_Grammar_(Whitney)/Chapter_XIV#1026
774,intensive,1000,1025,XIV,https://en.wikisource.org/wiki/Sanskrit_Grammar_(Whitney)/Chapter_XIV#1000
774,ppp,952,958,XIII,https://en.wikisource.org/wiki/Sanskrit_Grammar_(Whitney)/Chapter_XIII#952
774,gerund,989,994,XIII,https://en.wikisource.org/wiki/Sanskrit_Grammar_(Whitney)/Chapter_XIII#989
775,perfect,781,823,X,https://en.wikisource.org/wiki/Sanskrit_Grammar_(Whitney)/Chapter_X#781
775,causative,1041,1052,XIV,https://en.wikisource.org/wiki/Sanskrit_Grammar_(Whitney)/Chapter_XIV#1041
775,ppp,952,958,XIII,https://en.wikisource.org/wiki/Sanskrit_Grammar_(Whitney)/Chapter_XIII#952
775,gerund,989,994,XIII,https://en.wikisource.org/wiki/Sanskrit_Grammar_(Whitney)/Chapter_XIII#989
776,present_a,733,750,IX,https://en.wikisource.org/wiki/Sanskrit_Grammar_(Whitney)/Chapter_IX#733
776,perfect,781,823,X,https://en.wikisource.org/wiki/Sanskrit_Grammar_(Whitney)/Chapter_X#781
776,aor_class,824,827,XI,https://en.wikisource.org/wiki/Sanskrit_Grammar_(Whitney)/Chapter_XI#824
776,aor_is,898,911,XI,https://en.wikisource.org/wiki/Sanskrit_Grammar_(Whitney)/Chapter_XI#898
776,s_future,931,940,XII,https://en.wikisource.org/wiki/Sanskrit_Grammar_(Whitney)/Chapter_XII#931
776,periphrastic_future,942,949,XII,https://en.wikisource.org/wiki/Sanskrit_Grammar_(Whitney)/Chapter_XII#942
776,ppp,952,958,XIII,https://en.wikisource.org/wiki/Sanskrit_Grammar_(Whitney)/Chapter_XIII#952
777,present_a,733,750,IX,https://en.wikisource.org/wiki/Sanskrit_Grammar_(Whitney)/Chapter_IX#733
777,perfect,781,823,X,https://en.wikisource.org/wiki/Sanskrit_Grammar_(Whitney)/Chapter_X#781
777,aor_class,824,827,XI,https://en.wikisource.org/wiki/Sanskrit_Grammar_(Whitney)/Chapter_XI#824
777,aor_is,898,911,XI,https://en.wikisource.org/wiki/Sanskrit_Grammar_(Whitney)/Chapter_XI#898
777,s_future,931,940,XII,https://en.wikisource.org/wiki/Sanskrit_Grammar_(Whitney)/Chapter_XII#931
777,periphrastic_future,942,949,XII,https://en.wikisource.org/wiki/Sanskrit_Grammar_(Whitney)/Chapter_XII#942
777,ppp,952,958,XIII,https://en.wikisource.org/wiki/Sanskrit_Grammar_(Whitney)/Chapter_XIII#952
778,present_a,733,750,IX,https://en.wikisource.org/wiki/Sanskrit_Grammar_(Whitney)/Chapter_IX#733
778,present_root,611,641,IX,https://en.wikisource.org/wiki/Sanskrit_Grammar_(Whitney)/Chapter_IX#611
778,passive_present,768,774,IX,https://en.wikisource.org/wiki/Sanskrit_Grammar_(Whitney)/Chapter_IX#768
778,perfect,781,823,X,https://en.wikisource.org/wiki/Sanskrit_Grammar_(Whitney)/Chapter_X#781
778,s_future,931,940,XII,https://en.wikisource.org/wiki/Sanskrit_Grammar_(Whitney)/Chapter_XII#931
778,periphrastic_future,942,949,XII,https://en.wikisource.org/wiki/Sanskrit_Grammar_(Whitney)/Chapter_XII#942
778,desiderative,1026,1040,XIV,https://en.wikisource.org/wiki/Sanskrit_Grammar_(Whitney)/Chapter_XIV#1026
778,ppp,952,958,XIII,https://en.wikisource.org/wiki/Sanskrit_Grammar_(Whitney)/Chapter_XIII#952
778,gerund,989,994,XIII,https://en.wikisource.org/wiki/Sanskrit_Grammar_(Whitney)/Chapter_XIII#989
779,present_redup,642,682,IX,https://en.wikisource.org/wiki/Sanskrit_Grammar_(Whitney)/Chapter_IX#642
779,passive_present,768,774,IX,https://en.wikisource.org/wiki/Sanskrit_Grammar_(Whitney)/Chapter_IX#768
779,perfect,781,823,X,https://en.wikisource.org/wiki/Sanskrit_Grammar_(Whitney)/Chapter_X#781
779,aor_class,824,827,XI,https://en.wikisource.org/wiki/Sanskrit_Grammar_(Whitney)/Chapter_XI#824
779,aor_root,828,846,XI,https://en.wikisource.org/wiki/Sanskrit_Grammar_(Whitney)/Chapter_XI#828
779,aor_sis,912,915,XI,https://en.wikisource.org/wiki/Sanskrit_Grammar_(Whitney)/Chapter_XI#912
779,s_future,931,940,XII,https://en.wikisource.org/wiki/Sanskrit_Grammar_(Whitney)/Chapter_XII#931
779,periphrastic_future,942,949,XII,https://en.wikisource.org/wiki/Sanskrit_Grammar_(Whitney)/Chapter_XII#942
779,causative,1041,1052,XIV,https://en.wikisource.org/wiki/Sanskrit_Grammar_(Whitney)/Chapter_XIV#1041
779,desiderative,1026,1040,XIV,https://en.wikisource.org/wiki/Sanskrit_Grammar_(Whitney)/Chapter_XIV#1026
779,intensive,1000,1025,XIV,https://en.wikisource.org/wiki/Sanskrit_Grammar_(Whitney)/Chapter_XIV#1000
779,ppp,952,958,XIII,https://en.wikisource.org/wiki/Sanskrit_Grammar_(Whitney)/Chapter_XIII#952
779,gerund,989,994,XIII,https://en.wikisource.org/wiki/Sanskrit_Grammar_(Whitney)/Chapter_XIII#989
780,present_a,733,750,IX,https://en.wikisource.org/wiki/Sanskrit_Grammar_(Whitney)/Chapter_IX#733
780,present_root,611,641,IX,https://en.wikisource.org/wiki/Sanskrit_Grammar_(Whitney)/Chapter_IX#611
780,passive_present,768,774,IX,https://en.wikisource.org/wiki/Sanskrit_Grammar_(Whitney)/Chapter_IX#768
780,perfect,781,823,X,https://en.wikisource.org/wiki/Sanskrit_Grammar_(Whitney)/Chapter_X#781
780,aor_class,824,827,XI,https://en.wikisource.org/wiki/Sanskrit_Grammar_(Whitney)/Chapter_XI#824
780,aor_a,847,855,XI,https://en.wikisource.org/wiki/Sanskrit_Grammar_(Whitney)/Chapter_XI#847
780,aor_redup,856,873,XI,https://en.wikisource.org/wiki/Sanskrit_Grammar_(Whitney)/Chapter_XI#856
780,s_future,931,940,XII,https://en.wikisource.org/wiki/Sanskrit_Grammar_(Whitney)/Chapter_XII#931
780,periphrastic_future,942,949,XII,https://en.wikisource.org/wiki/Sanskrit_Grammar_(Whitney)/Chapter_XII#942
780,causative,1041,1052,XIV,https://en.wikisource.org/wiki/Sanskrit_Grammar_(Whitney)/Chapter_XIV#1041
780,desiderative,1026,1040,XIV,https://en.wikisource.org/wiki/Sanskrit_Grammar_(Whitney)/Chapter_XIV#1026
780,intensive,1000,1025,XIV,https://en.wikisource.org/wiki/Sanskrit_Grammar_(Whitney)/Chapter_XIV#1000
780,ppp,952,958,XIII,https://en.wikisource.org/wiki/Sanskrit_Grammar_(Whitney)/Chapter_XIII#952
780,infinitive,968,979,XIII,https://en.wikisource.org/wiki/Sanskrit_Grammar_(Whitney)/Chapter_XIII#968
780,gerund,989,994,XIII,https://en.wikisource.org/wiki/Sanskrit_Grammar_(Whitney)/Chapter_XIII#989
784,present_root,611,641,IX,https://en.wikisource.org/wiki/Sanskrit_Grammar_(Whitney)/Chapter_IX#611
784,perfect,781,823,X,https://en.wikisource.org/wiki/Sanskrit_Grammar_(Whitney)/Chapter_X#781
784,aor_class,824,827,XI,https://en.wikisource.org/wiki/Sanskrit_Grammar_(Whitney)/Chapter_XI#824
784,aor_is,898,911,XI,https://en.wikisource.org/wiki/Sanskrit_Grammar_(Whitney)/Chapter_XI#898
784,s_future,931,940,XII,https://en.wikisource.org/wiki/Sanskrit_Grammar_(Whitney)/Chapter_XII#931
784,periphrastic_future,942,949,XII,https://en.wikisource.org/wiki/Sanskrit_Grammar_(Whitney)/Chapter_XII#942
784,causative,1041,1052,XIV,https://en.wikisource.org/wiki/Sanskrit_Grammar_(Whitney)/Chapter_XIV#1041
784,ppp,952,958,XIII,https://en.wikisource.org/wiki/Sanskrit_Grammar_(Whitney)/Chapter_XIII#952
787,present_a,733,750,IX,https://en.wikisource.org/wiki/Sanskrit_Grammar_(Whitney)/Chapter_IX#733
787,present_nasal,683,696,IX,https://en.wikisource.org/wiki/Sanskrit_Grammar_(Whitney)/Chapter_IX#683
787,passive_present,768,774,IX,https://en.wikisource.org/wiki/Sanskrit_Grammar_(Whitney)/Chapter_IX#768
787,perfect,781,823,X,https://en.wikisource.org/wiki/Sanskrit_Grammar_(Whitney)/Chapter_X#781
787,aor_class,824,827,XI,https://en.wikisource.org/wiki/Sanskrit_Grammar_(Whitney)/Chapter_XI#824
787,aor_root,828,846,XI,https://en.wikisource.org/wiki/Sanskrit_Grammar_(Whitney)/Chapter_XI#828
787,aor_a,847,855,XI,https://en.wikisource.org/wiki/Sanskrit_Grammar_(Whitney)/Chapter_XI#847
787,aor_redup,856,873,XI,https://en.wikisource.org/wiki/Sanskrit_Grammar_(Whitney)/Chapter_XI#856
787,s_future,931,940,XII,https://en.wikisource.org/wiki/Sanskrit_Grammar_(Whitney)/Chapter_XII#931
787,periphrastic_future,942,949,XII,https://en.wikisource.org/wiki/Sanskrit_Grammar_(Whitney)/Chapter_XII#942
787,causative,1041,1052,XIV,https://en.wikisource.org/wiki/Sanskrit_Grammar_(Whitney)/Chapter_XIV#1041
787,desiderative,1026,1040,XIV,https://en.wikisource.org/wiki/Sanskrit_Grammar_(Whitney)/Chapter_XIV#1026
787,intensive,1000,1025,XIV,https://en.wikisource.org/wiki/Sanskrit_Grammar_(Whitney)/Chapter_XIV#1000
787,ppp,952,958,XIII,https://en.wikisource.org/wiki/Sanskrit_Grammar_(Whitney)/Chapter_XIII#952
787,gerund,989,994,XIII,https://en.wikisource.org/wiki/Sanskrit_Grammar_(Whitney)/Chapter_XIII#989
789,present_a,733,750,IX,https://en.wikisource.org/wiki/Sanskrit_Grammar_(Whitney)/Chapter_IX#733
789,present_root,611,641,IX,https://en.wikisource.org/wiki/Sanskrit_Grammar_(Whitney)/Chapter_IX#611
789,passive_present,768,774,IX,https://en.wikisource.org/wiki/Sanskrit_Grammar_(Whitney)/Chapter_IX#768
789,perfect,781,823,X,https://en.wikisource.org/wiki/Sanskrit_Grammar_(Whitney)/Chapter_X#781
789,aor_class,824,827,XI,https://en.wikisource.org/wiki/Sanskrit_Grammar_(Whitney)/Chapter_XI#824
789,aor_redup,856,873,XI,https://en.wikisource.org/wiki/Sanskrit_Grammar_(Whitney)/Chapter_XI#856
789,aor_s,878,897,XI,https://en.wikisource.org/wiki/Sanskrit_Grammar_(Whitney)/Chapter_XI#878
789,aor_is,898,911,XI,https://en.wikisource.org/wiki/Sanskrit_Grammar_(Whitney)/Chapter_XI#898
789,s_future,931,940,XII,https://en.wikisource.org/wiki/Sanskrit_Grammar_(Whitney)/Chapter_XII#931
789,periphrastic_future,942,949,XII,https://en.wikisource.org/wiki/Sanskrit_Grammar_(Whitney)/Chapter_XII#942
789,causative,1041,1052,XIV,https://en.wikisource.org/wiki/Sanskrit_Grammar_(Whitney)/Chapter_XIV#1041
789,desiderative,1026,1040,XIV,https://en.wikisource.org/wiki/Sanskrit_Grammar_(Whitney)/Chapter_XIV#1026
789,intensive,1000,1025,XIV,https://en.wikisource.org/wiki/Sanskrit_Grammar_(Whitney)/Chapter_XIV#1000
789,ppp,952,958,XIII,https://en.wikisource.org/wiki/Sanskrit_Grammar_(Whitney)/Chapter_XIII#952
789,infinitive,968,979,XIII,https://en.wikisource.org/wiki/Sanskrit_Grammar_(Whitney)/Chapter_XIII#968
789,gerund,989,994,XIII,https://en.wikisource.org/wiki/Sanskrit_Grammar_(Whitney)/Chapter_XIII#989
790,present_a,733,750,IX,https://en.wikisource.org/wiki/Sanskrit_Grammar_(Whitney)/Chapter_IX#733
790,present_root,611,641,IX,https://en.wikisource.org/wiki/Sanskrit_Grammar_(Whitney)/Chapter_IX#611
790,present_ya,759,767,IX,https://en.wikisource.org/wiki/Sanskrit_Grammar_(Whitney)/Chapter_IX#759
790,perfect,781,823,X,https://en.wikisource.org/wiki/Sanskrit_Grammar_(Whitney)/Chapter_X#781
790,aor_class,824,827,XI,https://en.wikisource.org/wiki/Sanskrit_Grammar_(Whitney)/Chapter_XI#824
790,aor_a,847,855,XI,https://en.wikisource.org/wiki/Sanskrit_Grammar_(Whitney)/Chapter_XI#847
790,aor_redup,856,873,XI,https://en.wikisource.org/wiki/Sanskrit_Grammar_(Whitney)/Chapter_XI#856
790,aor_is,898,911,XI,https://en.wikisource.org/wiki/Sanskrit_Grammar_(Whitney)/Chapter_XI#898
790,s_future,931,940,XII,https://en.wikisource.org/wiki/Sanskrit_Grammar_(Whitney)/Chapter_XII#931
790,periphrastic_future,942,949,XII,https://en.wikisource.org/wiki/Sanskrit_Grammar_(Whitney)/Chapter_XII#942
790,causative,1041,1052,XIV,https://en.wikisource.org/wiki/Sanskrit_Grammar_(Whitney)/Chapter_XIV#1041
790,desiderative,1026,1040,XIV,https://en.wikisource.org/wiki/Sanskrit_Grammar_(Whitney)/Chapter_XIV#1026
790,intensive,1000,1025,XIV,https://en.wikisource.org/wiki/Sanskrit_Grammar_(Whitney)/Chapter_XIV#1000
790,ppp,952,958,XIII,https://en.wikisource.org/wiki/Sanskrit_Grammar_(Whitney)/Chapter_XIII#952
790,infinitive,968,979,XIII,https://en.wikisource.org/wiki/Sanskrit_Grammar_(Whitney)/Chapter_XIII#968
790,gerund,989,994,XIII,https://en.wikisource.org/wiki/Sanskrit_Grammar_(Whitney)/Chapter_XIII#989
791,intensive,1000,1025,XIV,https://en.wikisource.org/wiki/Sanskrit_Grammar_(Whitney)/Chapter_XIV#1000
792,present_a,733,750,IX,https://en.wikisource.org/wiki/Sanskrit_Grammar_(Whitney)/Chapter_IX#733
792,present_root,611,641,IX,https://en.wikisource.org/wiki/Sanskrit_Grammar_(Whitney)/Chapter_IX#611
792,present_ya,759,767,IX,https://en.wikisource.org/wiki/Sanskrit_Grammar_(Whitney)/Chapter_IX#759
792,perfect,781,823,X,https://en.wikisource.org/wiki/Sanskrit_Grammar_(Whitney)/Chapter_X#781
792,aor_class,824,827,XI,https://en.wikisource.org/wiki/Sanskrit_Grammar_(Whitney)/Chapter_XI#824
792,aor_a,847,855,XI,https://en.wikisource.org/wiki/Sanskrit_Grammar_(Whitney)/Chapter_XI#847
792,aor_redup,856,873,XI,https://en.wikisource.org/wiki/Sanskrit_Grammar_(Whitney)/Chapter_XI#856
792,aor_is,898,911,XI,https://en.wikisource.org/wiki/Sanskrit_Grammar_(Whitney)/Chapter_XI#898
792,s_future,931,940,XII,https://en.wikisource.org/wiki/Sanskrit_Grammar_(Whitney)/Chapter_XII#931
792,periphrastic_future,942,949,XII,https://en.wikisource.org/wiki/Sanskrit_Grammar_(Whitney)/Chapter_XII#942
792,causative,1041,1052,XIV,https://en.wikisource.org/wiki/Sanskrit_Grammar_(Whitney)/Chapter_XIV#1041
792,desiderative,1026,1040,XIV,https://en.wikisource.org/wiki/Sanskrit_Grammar_(Whitney)/Chapter_XIV#1026
792,intensive,1000,1025,XIV,https://en.wikisource.org/wiki/Sanskrit_Grammar_(Whitney)/Chapter_XIV#1000
792,ppp,952,958,XIII,https://en.wikisource.org/wiki/Sanskrit_Grammar_(Whitney)/Chapter_XIII#952
793,present_a,733,750,IX,https://en.wikisource.org/wiki/Sanskrit_Grammar_(Whitney)/Chapter_IX#733
793,present_acc_a,751,758,IX,https://en.wikisource.org/wiki/Sanskrit_Grammar_(Whitney)/Chapter_IX#751
793,perfect,781,823,X,https://en.wikisource.org/wiki/Sanskrit_Grammar_(Whitney)/Chapter_X#781
793,aor_class,824,827,XI,https://en.wikisource.org/wiki/Sanskrit_Grammar_(Whitney)/Chapter_XI#824
793,aor_root,828,846,XI,https://en.wikisource.org/wiki/Sanskrit_Grammar_(Whitney)/Chapter_XI#828
793,aor_a,847,855,XI,https://en.wikisource.org/wiki/Sanskrit_Grammar_(Whitney)/Chapter_XI#847
793,aor_redup,856,873,XI,https://en.wikisource.org/wiki/Sanskrit_Grammar_(Whitney)/Chapter_XI#856
793,aor_is,898,911,XI,https://en.wikisource.org/wiki/Sanskrit_Grammar_(Whitney)/Chapter_XI#898
793,s_future,931,940,XII,https://en.wikisource.org/wiki/Sanskrit_Grammar_(Whitney)/Chapter_XII#931
793,periphrastic_future,942,949,XII,https://en.wikisource.org/wiki/Sanskrit_Grammar_(Whitney)/Chapter_XII#942
793,causative,1041,1052,XIV,https://en.wikisource.org/wiki/Sanskrit_Grammar_(Whitney)/Chapter_XIV#1041
793,desiderative,1026,1040,XIV,https://en.wikisource.org/wiki/Sanskrit_Grammar_(Whitney)/Chapter_XIV#1026
793,intensive,1000,1025,XIV,https://en.wikisource.org/wiki/Sanskrit_Grammar_(Whitney)/Chapter_XIV#1000
793,ppp,952,958,XIII,https://en.wikisource.org/wiki/Sanskrit_Grammar_(Whitney)/Chapter_XIII#952
794,present_ya,759,767,IX,https://en.wikisource.org/wiki/Sanskrit_Grammar_(Whitney)/Chapter_IX#759
794,perfect,781,823,X,https://en.wikisource.org/wiki/Sanskrit_Grammar_(Whitney)/Chapter_X#781
794,aor_class,824,827,XI,https://en.wikisource.org/wiki/Sanskrit_Grammar_(Whitney)/Chapter_XI#824
794,aor_a,847,855,XI,https://en.wikisource.org/wiki/Sanskrit_Grammar_(Whitney)/Chapter_XI#847
794,aor_redup,856,873,XI,https://en.wikisource.org/wiki/Sanskrit_Grammar_(Whitney)/Chapter_XI#856
794,s_future,931,940,XII,https://en.wikisource.org/wiki/Sanskrit_Grammar_(Whitney)/Chapter_XII#931
794,periphrastic_future,942,949,XII,https://en.wikisource.org/wiki/Sanskrit_Grammar_(Whitney)/Chapter_XII#942
794,causative,1041,1052,XIV,https://en.wikisource.org/wiki/Sanskrit_Grammar_(Whitney)/Chapter_XIV#1041
794,desiderative,1026,1040,XIV,https://en.wikisource.org/wiki/Sanskrit_Grammar_(Whitney)/Chapter_XIV#1026
794,intensive,1000,1025,XIV,https://en.wikisource.org/wiki/Sanskrit_Grammar_(Whitney)/Chapter_XIV#1000
796,passive_present,768,774,IX,https://en.wikisource.org/wiki/Sanskrit_Grammar_(Whitney)/Chapter_IX#768
796,perfect,781,823,X,https://en.wikisource.org/wiki/Sanskrit_Grammar_(Whitney)/Chapter_X#781
796,aor_class,824,827,XI,https://en.wikisource.org/wiki/Sanskrit_Grammar_(Whitney)/Chapter_XI#824
796,aor_a,847,855,XI,https://en.wikisource.org/wiki/Sanskrit_Grammar_(Whitney)/Chapter_XI#847
796,aor_redup,856,873,XI,https://en.wikisource.org/wiki/Sanskrit_Grammar_(Whitney)/Chapter_XI#856
796,aor_is,898,911,XI,https://en.wikisource.org/wiki/Sanskrit_Grammar_(Whitney)/Chapter_XI#898
796,s_future,931,940,XII,https://en.wikisource.org/wiki/Sanskrit_Grammar_(Whitney)/Chapter_XII#931
796,periphrastic_future,942,949,XII,https://en.wikisource.org/wiki/Sanskrit_Grammar_(Whitney)/Chapter_XII#942
796,causative,1041,1052,XIV,https://en.wikisource.org/wiki/Sanskrit_Grammar_(Whitney)/Chapter_XIV#1041
796,desiderative,1026,1040,XIV,https://en.wikisource.org/wiki/Sanskrit_Grammar_(Whitney)/Chapter_XIV#1026
796,intensive,1000,1025,XIV,https://en.wikisource.org/wiki/Sanskrit_Grammar_(Whitney)/Chapter_XIV#1000
796,ppp,952,958,XIII,https://en.wikisource.org/wiki/Sanskrit_Grammar_(Whitney)/Chapter_XIII#952
796,infinitive,968,979,XIII,https://en.wikisource.org/wiki/Sanskrit_Grammar_(Whitney)/Chapter_XIII#968
797,present_ya,759,767,IX,https://en.wikisource.org/wiki/Sanskrit_Grammar_(Whitney)/Chapter_IX#759
797,present_acc_a,751,758,IX,https://en.wikisource.org/wiki/Sanskrit_Grammar_(Whitney)/Chapter_IX#751
797,present_na,717,732,IX,https://en.wikisource.org/wiki/Sanskrit_Grammar_(Whitney)/Chapter_IX#717
797,passive_present,768,774,IX,https://en.wikisource.org/wiki/Sanskrit_Grammar_(Whitney)/Chapter_IX#768
797,perfect,781,823,X,https://en.wikisource.org/wiki/Sanskrit_Grammar_(Whitney)/Chapter_X#781
797,aor_class,824,827,XI,https://en.wikisource.org/wiki/Sanskrit_Grammar_(Whitney)/Chapter_XI#824
797,aor_redup,856,873,XI,https://en.wikisource.org/wiki/Sanskrit_Grammar_(Whitney)/Chapter_XI#856
797,aor_is,898,911,XI,https://en.wikisource.org/wiki/Sanskrit_Grammar_(Whitney)/Chapter_XI#898
797,s_future,931,940,XII,https://en.wikisource.org/wiki/Sanskrit_Grammar_(Whitney)/Chapter_XII#931
797,periphrastic_future,942,949,XII,https://en.wikisource.org/wiki/Sanskrit_Grammar_(Whitney)/Chapter_XII#942
797,causative,1041,1052,XIV,https://en.wikisource.org/wiki/Sanskrit_Grammar_(Whitney)/Chapter_XIV#1041
797,desiderative,1026,1040,XIV,https://en.wikisource.org/wiki/Sanskrit_Grammar_(Whitney)/Chapter_XIV#1026
797,intensive,1000,1025,XIV,https://en.wikisource.org/wiki/Sanskrit_Grammar_(Whitney)/Chapter_XIV#1000
797,ppp,952,958,XIII,https://en.wikisource.org/wiki/Sanskrit_Grammar_(Whitney)/Chapter_XIII#952
800,present_a,733,750,IX,https://en.wikisource.org/wiki/Sanskrit_Grammar_(Whitney)/Chapter_IX#733
800,perfect,781,823,X,https://en.wikisource.org/wiki/Sanskrit_Grammar_(Whitney)/Chapter_X#781
800,aor_class,824,827,XI,https://en.wikisource.org/wiki/Sanskrit_Grammar_(Whitney)/Chapter_XI#824
800,aor_a,847,855,XI,https://en.wikisource.org/wiki/Sanskrit_Grammar_(Whitney)/Chapter_XI#847
800,aor_redup,856,873,XI,https://en.wikisource.org/wiki/Sanskrit_Grammar_(Whitney)/Chapter_XI#856
800,aor_is,898,911,XI,https://en.wikisource.org/wiki/Sanskrit_Grammar_(Whitney)/Chapter_XI#898
800,s_future,931,940,XII,https://en.wikisource.org/wiki/Sanskrit_Grammar_(Whitney)/Chapter_XII#931
800,periphrastic_future,942,949,XII,https://en.wikisource.org/wiki/Sanskrit_Grammar_(Whitney)/Chapter_XII#942
800,causative,1041,1052,XIV,https://en.wikisource.org/wiki/Sanskrit_Grammar_(Whitney)/Chapter_XIV#1041
800,desiderative,1026,1040,XIV,https://en.wikisource.org/wiki/Sanskrit_Grammar_(Whitney)/Chapter_XIV#1026
800,intensive,1000,1025,XIV,https://en.wikisource.org/wiki/Sanskrit_Grammar_(Whitney)/Chapter_XIV#1000
801,present_a,733,750,IX,https://en.wikisource.org/wiki/Sanskrit_Grammar_(Whitney)/Chapter_IX#733
801,intensive,1000,1025,XIV,https://en.wikisource.org/wiki/Sanskrit_Grammar_(Whitney)/Chapter_XIV#1000
803,present_a,733,750,IX,https://en.wikisource.org/wiki/Sanskrit_Grammar_(Whitney)/Chapter_IX#733
803,perfect,781,823,X,https://en.wikisource.org/wiki/Sanskrit_Grammar_(Whitney)/Chapter_X#781
803,aor_class,824,827,XI,https://en.wikisource.org/wiki/Sanskrit_Grammar_(Whitney)/Chapter_XI#824
803,aor_a,847,855,XI,https://en.wikisource.org/wiki/Sanskrit_Grammar_(Whitney)/Chapter_XI#847
803,aor_redup,856,873,XI,https://en.wikisource.org/wiki/Sanskrit_Grammar_(Whitney)/Chapter_XI#856
803,aor_is,898,911,XI,https://en.wikisource.org/wiki/Sanskrit_Grammar_(Whitney)/Chapter_XI#898
803,s_future,931,940,XII,https://en.wikisource.org/wiki/Sanskrit_Grammar_(Whitney)/Chapter_XII#931
803,periphrastic_future,942,949,XII,https://en.wikisource.org/wiki/Sanskrit_Grammar_(Whitney)/Chapter_XII#942
803,causative,1041,1052,XIV,https://en.wikisource.org/wiki/Sanskrit_Grammar_(Whitney)/Chapter_XIV#1041
803,desiderative,1026,1040,XIV,https://en.wikisource.org/wiki/Sanskrit_Grammar_(Whitney)/Chapter_XIV#1026
803,intensive,1000,1025,XIV,https://en.wikisource.org/wiki/Sanskrit_Grammar_(Whitney)/Chapter_XIV#1000
803,ppp,952,958,XIII,https://en.wikisource.org/wiki/Sanskrit_Grammar_(Whitney)/Chapter_XIII#952
804,present_a,733,750,IX,https://en.wikisource.org/wiki/Sanskrit_Grammar_(Whitney)/Chapter_IX#733
804,present_root,611,641,IX,https://en.wikisource.org/wiki/Sanskrit_Grammar_(Whitney)/Chapter_IX#611
804,perfect,781,823,X,https://en.wikisource.org/wiki/Sanskrit_Grammar_(Whitney)/Chapter_X#781
804,aor_class,824,827,XI,https://en.wikisource.org/wiki/Sanskrit_Grammar_(Whitney)/Chapter_XI#824
804,aor_redup,856,873,XI,https://en.wikisource.org/wiki/Sanskrit_Grammar_(Whitney)/Chapter_XI#856
804,aor_is,898,911,XI,https://en.wikisource.org/wiki/Sanskrit_Grammar_(Whitney)/Chapter_XI#898
804,s_future,931,940,XII,https://en.wikisource.org/wiki/Sanskrit_Grammar_(Whitney)/Chapter_XII#931
804,periphrastic_future,942,949,XII,https://en.wikisource.org/wiki/Sanskrit_Grammar_(Whitney)/Chapter_XII#942
804,causative,1041,1052,XIV,https://en.wikisource.org/wiki/Sanskrit_Grammar_(Whitney)/Chapter_XIV#1041
804,ppp,952,958,XIII,https://en.wikisource.org/wiki/Sanskrit_Grammar_(Whitney)/Chapter_XIII#952
805,passive_present,768,774,IX,https://en.wikisource.org/wiki/Sanskrit_Grammar_(Whitney)/Chapter_IX#768
805,perfect,781,823,X,https://en.wikisource.org/wiki/Sanskrit_Grammar_(Whitney)/Chapter_X#781
805,aor_class,824,827,XI,https://en.wikisource.org/wiki/Sanskrit_Grammar_(Whitney)/Chapter_XI#824
805,aor_is,898,911,XI,https://en.wikisource.org/wiki/Sanskrit_Grammar_(Whitney)/Chapter_XI#898
805,s_future,931,940,XII,https://en.wikisource.org/wiki/Sanskrit_Grammar_(Whitney)/Chapter_XII#931
805,periphrastic_future,942,949,XII,https://en.wikisource.org/wiki/Sanskrit_Grammar_(Whitney)/Chapter_XII#942
805,causative,1041,1052,XIV,https://en.wikisource.org/wiki/Sanskrit_Grammar_(Whitney)/Chapter_XIV#1041
805,desiderative,1026,1040,XIV,https://en.wikisource.org/wiki/Sanskrit_Grammar_(Whitney)/Chapter_XIV#1026
805,intensive,1000,1025,XIV,https://en.wikisource.org/wiki/Sanskrit_Grammar_(Whitney)/Chapter_XIV#1000
805,ppp,952,958,XIII,https://en.wikisource.org/wiki/Sanskrit_Grammar_(Whitney)/Chapter_XIII#952
806,present_a,733,750,IX,https://en.wikisource.org/wiki/Sanskrit_Grammar_(Whitney)/Chapter_IX#733
806,present_na,717,732,IX,https://en.wikisource.org/wiki/Sanskrit_Grammar_(Whitney)/Chapter_IX#717
806,perfect,781,823,X,https://en.wikisource.org/wiki/Sanskrit_Grammar_(Whitney)/Chapter_X#781
806,aor_class,824,827,XI,https://en.wikisource.org/wiki/Sanskrit_Grammar_(Whitney)/Chapter_XI#824
806,aor_redup,856,873,XI,https://en.wikisource.org/wiki/Sanskrit_Grammar_(Whitney)/Chapter_XI#856
806,aor_is,898,911,XI,https://en.wikisource.org/wiki/Sanskrit_Grammar_(Whitney)/Chapter_XI#898
806,s_future,931,940,XII,https://en.wikisource.org/wiki/Sanskrit_Grammar_(Whitney)/Chapter_XII#931
806,periphrastic_future,942,949,XII,https://en.wikisource.org/wiki/Sanskrit_Grammar_(Whitney)/Chapter_XII#942
806,causative,1041,1052,XIV,https://en.wikisource.org/wiki/Sanskrit_Grammar_(Whitney)/Chapter_XIV#1041
806,ppp,952,958,XIII,https://en.wikisource.org/wiki/Sanskrit_Grammar_(Whitney)/Chapter_XIII#952
806,gerund,989,994,XIII,https://en.wikisource.org/wiki/Sanskrit_Grammar_(Whitney)/Chapter_XIII#989
807,present_a,733,750,IX,https://en.wikisource.org/wiki/Sanskrit_Grammar_(Whitney)/Chapter_IX#733
807,causative,1041,1052,XIV,https://en.wikisource.org/wiki/Sanskrit_Grammar_(Whitney)/Chapter_XIV#1041
808,present_a,733,750,IX,https://en.wikisource.org/wiki/Sanskrit_Grammar_(Whitney)/Chapter_IX#733
808,present_ya,759,767,IX,https://en.wikisource.org/wiki/Sanskrit_Grammar_(Whitney)/Chapter_IX#759
808,passive_present,768,774,IX,https://en.wikisource.org/wiki/Sanskrit_Grammar_(Whitney)/Chapter_IX#768
808,perfect,781,823,X,https://en.wikisource.org/wiki/Sanskrit_Grammar_(Whitney)/Chapter_X#781
808,aor_class,824,827,XI,https://en.wikisource.org/wiki/Sanskrit_Grammar_(Whitney)/Chapter_XI#824
808,aor_a,847,855,XI,https://en.wikisource.org/wiki/Sanskrit_Grammar_(Whitney)/Chapter_XI#847
808,aor_is,898,911,XI,https://en.wikisource.org/wiki/Sanskrit_Grammar_(Whitney)/Chapter_XI#898
808,s_future,931,940,XII,https://en.wikisource.org/wiki/Sanskrit_Grammar_(Whitney)/Chapter_XII#931
808,periphrastic_future,942,949,XII,https://en.wikisource.org/wiki/Sanskrit_Grammar_(Whitney)/Chapter_XII#942
808,causative,1041,1052,XIV,https://en.wikisource.org/wiki/Sanskrit_Grammar_(Whitney)/Chapter_XIV#1041
808,desiderative,1026,1040,XIV,https://en.wikisource.org/wiki/Sanskrit_Grammar_(Whitney)/Chapter_XIV#1026
808,ppp,952,958,XIII,https://en.wikisource.org/wiki/Sanskrit_Grammar_(Whitney)/Chapter_XIII#952
808,gerund,989,994,XIII,https://en.wikisource.org/wiki/Sanskrit_Grammar_(Whitney)/Chapter_XIII#989
809,present_a,733,750,IX,https://en.wikisource.org/wiki/Sanskrit_Grammar_(Whitney)/Chapter_IX#733
809,perfect,781,823,X,https://en.wikisource.org/wiki/Sanskrit_Grammar_(Whitney)/Chapter_X#781
809,aor_class,824,827,XI,https://en.wikisource.org/wiki/Sanskrit_Grammar_(Whitney)/Chapter_XI#824
809,aor_a,847,855,XI,https://en.wikisource.org/wiki/Sanskrit_Grammar_(Whitney)/Chapter_XI#847
809,aor_is,898,911,XI,https://en.wikisource.org/wiki/Sanskrit_Grammar_(Whitney)/Chapter_XI#898
809,s_future,931,940,XII,https://en.wikisource.org/wiki/Sanskrit_Grammar_(Whitney)/Chapter_XII#931
809,periphrastic_future,942,949,XII,https://en.wikisource.org/wiki/Sanskrit_Grammar_(Whitney)/Chapter_XII#942
809,causative,1041,1052,XIV,https://en.wikisource.org/wiki/Sanskrit_Grammar_(Whitney)/Chapter_XIV#1041
809,ppp,952,958,XIII,https://en.wikisource.org/wiki/Sanskrit_Grammar_(Whitney)/Chapter_XIII#952
809,gerund,989,994,XIII,https://en.wikisource.org/wiki/Sanskrit_Grammar_(Whitney)/Chapter_XIII#989
810,present_root,611,641,IX,https://en.wikisource.org/wiki/Sanskrit_Grammar_(Whitney)/Chapter_IX#611
810,present_na,717,732,IX,https://en.wikisource.org/wiki/Sanskrit_Grammar_(Whitney)/Chapter_IX#717
810,perfect,781,823,X,https://en.wikisource.org/wiki/Sanskrit_Grammar_(Whitney)/Chapter_X#781
810,aor_class,824,827,XI,https://en.wikisource.org/wiki/Sanskrit_Grammar_(Whitney)/Chapter_XI#824
810,aor_is,898,911,XI,https://en.wikisource.org/wiki/Sanskrit_Grammar_(Whitney)/Chapter_XI#898
810,s_future,931,940,XII,https://en.wikisource.org/wiki/Sanskrit_Grammar_(Whitney)/Chapter_XII#931
810,periphrastic_future,942,949,XII,https://en.wikisource.org/wiki/Sanskrit_Grammar_(Whitney)/Chapter_XII#942
810,causative,1041,1052,XIV,https://en.wikisource.org/wiki/Sanskrit_Grammar_(Whitney)/Chapter_XIV#1041
810,desiderative,1026,1040,XIV,https://en.wikisource.org/wiki/Sanskrit_Grammar_(Whitney)/Chapter_XIV#1026
810,intensive,1000,1025,XIV,https://en.wikisource.org/wiki/Sanskrit_Grammar_(Whitney)/Chapter_XIV#1000
810,ppp,952,958,XIII,https://en.wikisource.org/wiki/Sanskrit_Grammar_(Whitney)/Chapter_XIII#952
811,present_a,733,750,IX,https://en.wikisource.org/wiki/Sanskrit_Grammar_(Whitney)/Chapter_IX#733
811,passive_present,768,774,IX,https://en.wikisource.org/wiki/Sanskrit_Grammar_(Whitney)/Chapter_IX#768
811,perfect,781,823,X,https://en.wikisource.org/wiki/Sanskrit_Grammar_(Whitney)/Chapter_X#781
811,aor_class,824,827,XI,https://en.wikisource.org/wiki/Sanskrit_Grammar_(Whitney)/Chapter_XI#824
811,aor_root,828,846,XI,https://en.wikisource.org/wiki/Sanskrit_Grammar_(Whitney)/Chapter_XI#828
811,aor_redup,856,873,XI,https://en.wikisource.org/wiki/Sanskrit_Grammar_(Whitney)/Chapter_XI#856
811,aor_s,878,897,XI,https://en.wikisource.org/wiki/Sanskrit_Grammar_(Whitney)/Chapter_XI#878
811,aor_is,898,911,XI,https://en.wikisource.org/wiki/Sanskrit_Grammar_(Whitney)/Chapter_XI#898
811,s_future,931,940,XII,https://en.wikisource.org/wiki/Sanskrit_Grammar_(Whitney)/Chapter_XII#931
811,periphrastic_future,942,949,XII,https://en.wikisource.org/wiki/Sanskrit_Grammar_(Whitney)/Chapter_XII#942
811,causative,1041,1052,XIV,https://en.wikisource.org/wiki/Sanskrit_Grammar_(Whitney)/Chapter_XIV#1041
811,desiderative,1026,1040,XIV,https://en.wikisource.org/wiki/Sanskrit_Grammar_(Whitney)/Chapter_XIV#1026
811,intensive,1000,1025,XIV,https://en.wikisource.org/wiki/Sanskrit_Grammar_(Whitney)/Chapter_XIV#1000
811,ppp,952,958,XIII,https://en.wikisource.org/wiki/Sanskrit_Grammar_(Whitney)/Chapter_XIII#952
811,infinitive,968,979,XIII,https://en.wikisource.org/wiki/Sanskrit_Grammar_(Whitney)/Chapter_XIII#968
811,gerund,989,994,XIII,https://en.wikisource.org/wiki/Sanskrit_Grammar_(Whitney)/Chapter_XIII#989
813,present_na,717,732,IX,https://en.wikisource.org/wiki/Sanskrit_Grammar_(Whitney)/Chapter_IX#717
813,perfect,781,823,X,https://en.wikisource.org/wiki/Sanskrit_Grammar_(Whitney)/Chapter_X#781
813,aor_class,824,827,XI,https://en.wikisource.org/wiki/Sanskrit_Grammar_(Whitney)/Chapter_XI#824
813,aor_redup,856,873,XI,https://en.wikisource.org/wiki/Sanskrit_Grammar_(Whitney)/Chapter_XI#856
813,ppp,952,958,XIII,https://en.wikisource.org/wiki/Sanskrit_Grammar_(Whitney)/Chapter_XIII#952
813,gerund,989,994,XIII,https://en.wikisource.org/wiki/Sanskrit_Grammar_(Whitney)/Chapter_XIII#989
815,present_root,611,641,IX,https://en.wikisource.org/wiki/Sanskrit_Grammar_(Whitney)/Chapter_IX#611
815,present_nu_u,697,716,IX,https://en.wikisource.org/wiki/Sanskrit_Grammar_(Whitney)/Chapter_IX#697
815,passive_present,768,774,IX,https://en.wikisource.org/wiki/Sanskrit_Grammar_(Whitney)/Chapter_IX#768
815,perfect,781,823,X,https://en.wikisource.org/wiki/Sanskrit_Grammar_(Whitney)/Chapter_X#781
815,aor_class,824,827,XI,https://en.wikisource.org/wiki/Sanskrit_Grammar_(Whitney)/Chapter_XI#824
815,aor_root,828,846,XI,https://en.wikisource.org/wiki/Sanskrit_Grammar_(Whitney)/Chapter_XI#828
815,aor_a,847,855,XI,https://en.wikisource.org/wiki/Sanskrit_Grammar_(Whitney)/Chapter_XI#847
815,aor_redup,856,873,XI,https://en.wikisource.org/wiki/Sanskrit_Grammar_(Whitney)/Chapter_XI#856
815,aor_s,878,897,XI,https://en.wikisource.org/wiki/Sanskrit_Grammar_(Whitney)/Chapter_XI#878
815,s_future,931,940,XII,https://en.wikisource.org/wiki/Sanskrit_Grammar_(Whitney)/Chapter_XII#931
815,periphrastic_future,942,949,XII,https://en.wikisource.org/wiki/Sanskrit_Grammar_(Whitney)/Chapter_XII#942
815,causative,1041,1052,XIV,https://en.wikisource.org/wiki/Sanskrit_Grammar_(Whitney)/Chapter_XIV#1041
815,desiderative,1026,1040,XIV,https://en.wikisource.org/wiki/Sanskrit_Grammar_(Whitney)/Chapter_XIV#1026
815,intensive,1000,1025,XIV,https://en.wikisource.org/wiki/Sanskrit_Grammar_(Whitney)/Chapter_XIV#1000
815,ppp,952,958,XIII,https://en.wikisource.org/wiki/Sanskrit_Grammar_(Whitney)/Chapter_XIII#952
815,infinitive,968,979,XIII,https://en.wikisource.org/wiki/Sanskrit_Grammar_(Whitney)/Chapter_XIII#968
815,gerund,989,994,XIII,https://en.wikisource.org/wiki/Sanskrit_Grammar_(Whitney)/Chapter_XIII#989
816,present_a,733,750,IX,https://en.wikisource.org/wiki/Sanskrit_Grammar_(Whitney)/Chapter_IX#733
818,present_ya,759,767,IX,https://en.wikisource.org/wiki/Sanskrit_Grammar_(Whitney)/Chapter_IX#759
819,present_a,733,750,IX,https://en.wikisource.org/wiki/Sanskrit_Grammar_(Whitney)/Chapter_IX#733
819,passive_present,768,774,IX,https://en.wikisource.org/wiki/Sanskrit_Grammar_(Whitney)/Chapter_IX#768
819,perfect,781,823,X,https://en.wikisource.org/wiki/Sanskrit_Grammar_(Whitney)/Chapter_X#781
819,aor_class,824,827,XI,https://en.wikisource.org/wiki/Sanskrit_Grammar_(Whitney)/Chapter_XI#824
819,aor_redup,856,873,XI,https://en.wikisource.org/wiki/Sanskrit_Grammar_(Whitney)/Chapter_XI#856
819,aor_is,898,911,XI,https://en.wikisource.org/wiki/Sanskrit_Grammar_(Whitney)/Chapter_XI#898
819,s_future,931,940,XII,https://en.wikisource.org/wiki/Sanskrit_Grammar_(Whitney)/Chapter_XII#931
819,periphrastic_future,942,949,XII,https://en.wikisource.org/wiki/Sanskrit_Grammar_(Whitney)/Chapter_XII#942
819,causative,1041,1052,XIV,https://en.wikisource.org/wiki/Sanskrit_Grammar_(Whitney)/Chapter_XIV#1041
819,ppp,952,958,XIII,https://en.wikisource.org/wiki/Sanskrit_Grammar_(Whitney)/Chapter_XIII#952
820,present_a,733,750,IX,https://en.wikisource.org/wiki/Sanskrit_Grammar_(Whitney)/Chapter_IX#733
820,present_ya,759,767,IX,https://en.wikisource.org/wiki/Sanskrit_Grammar_(Whitney)/Chapter_IX#759
820,passive_present,768,774,IX,https://en.wikisource.org/wiki/Sanskrit_Grammar_(Whitney)/Chapter_IX#768
820,perfect,781,823,X,https://en.wikisource.org/wiki/Sanskrit_Grammar_(Whitney)/Chapter_X#781
820,aor_class,824,827,XI,https://en.wikisource.org/wiki/Sanskrit_Grammar_(Whitney)/Chapter_XI#824
820,aor_a,847,855,XI,https://en.wikisource.org/wiki/Sanskrit_Grammar_(Whitney)/Chapter_XI#847
820,aor_redup,856,873,XI,https://en.wikisource.org/wiki/Sanskrit_Grammar_(Whitney)/Chapter_XI#856
820,s_future,931,940,XII,https://en.wikisource.org/wiki/Sanskrit_Grammar_(Whitney)/Chapter_XII#931
820,periphrastic_future,942,949,XII,https://en.wikisource.org/wiki/Sanskrit_Grammar_(Whitney)/Chapter_XII#942
820,causative,1041,1052,XIV,https://en.wikisource.org/wiki/Sanskrit_Grammar_(Whitney)/Chapter_XIV#1041
820,desiderative,1026,1040,XIV,https://en.wikisource.org/wiki/Sanskrit_Grammar_(Whitney)/Chapter_XIV#1026
820,intensive,1000,1025,XIV,https://en.wikisource.org/wiki/Sanskrit_Grammar_(Whitney)/Chapter_XIV#1000
820,ppp,952,958,XIII,https://en.wikisource.org/wiki/Sanskrit_Grammar_(Whitney)/Chapter_XIII#952
820,infinitive,968,979,XIII,https://en.wikisource.org/wiki/Sanskrit_Grammar_(Whitney)/Chapter_XIII#968
820,gerund,989,994,XIII,https://en.wikisource.org/wiki/Sanskrit_Grammar_(Whitney)/Chapter_XIII#989
821,present_a,733,750,IX,https://en.wikisource.org/wiki/Sanskrit_Grammar_(Whitney)/Chapter_IX#733
821,aor_class,824,827,XI,https://en.wikisource.org/wiki/Sanskrit_Grammar_(Whitney)/Chapter_XI#824
821,aor_redup,856,873,XI,https://en.wikisource.org/wiki/Sanskrit_Grammar_(Whitney)/Chapter_XI#856
821,causative,1041,1052,XIV,https://en.wikisource.org/wiki/Sanskrit_Grammar_(Whitney)/Chapter_XIV#1041
822,present_a,733,750,IX,https://en.wikisource.org/wiki/Sanskrit_Grammar_(Whitney)/Chapter_IX#733
822,present_root,611,641,IX,https://en.wikisource.org/wiki/Sanskrit_Grammar_(Whitney)/Chapter_IX#611
822,perfect,781,823,X,https://en.wikisource.org/wiki/Sanskrit_Grammar_(Whitney)/Chapter_X#781
822,aor_class,824,827,XI,https://en.wikisource.org/wiki/Sanskrit_Grammar_(Whitney)/Chapter_XI#824
822,aor_redup,856,873,XI,https://en.wikisource.org/wiki/Sanskrit_Grammar_(Whitney)/Chapter_XI#856
822,aor_is,898,911,XI,https://en.wikisource.org/wiki/Sanskrit_Grammar_(Whitney)/Chapter_XI#898
822,s_future,931,940,XII,https://en.wikisource.org/wiki/Sanskrit_Grammar_(Whitney)/Chapter_XII#931
822,periphrastic_future,942,949,XII,https://en.wikisource.org/wiki/Sanskrit_Grammar_(Whitney)/Chapter_XII#942
822,causative,1041,1052,XIV,https://en.wikisource.org/wiki/Sanskrit_Grammar_(Whitney)/Chapter_XIV#1041
822,desiderative,1026,1040,XIV,https://en.wikisource.org/wiki/Sanskrit_Grammar_(Whitney)/Chapter_XIV#1026
822,intensive,1000,1025,XIV,https://en.wikisource.org/wiki/Sanskrit_Grammar_(Whitney)/Chapter_XIV#1000
822,ppp,952,958,XIII,https://en.wikisource.org/wiki/Sanskrit_Grammar_(Whitney)/Chapter_XIII#952
822,infinitive,968,979,XIII,https://en.wikisource.org/wiki/Sanskrit_Grammar_(Whitney)/Chapter_XIII#968
822,gerund,989,994,XIII,https://en.wikisource.org/wiki/Sanskrit_Grammar_(Whitney)/Chapter_XIII#989
824,aor_class,824,827,XI,https://en.wikisource.org/wiki/Sanskrit_Grammar_(Whitney)/Chapter_XI#824
824,aor_root,828,846,XI,https://en.wikisource.org/wiki/Sanskrit_Grammar_(Whitney)/Chapter_XI#828
824,aor_redup,856,873,XI,https://en.wikisource.org/wiki/Sanskrit_Grammar_(Whitney)/Chapter_XI#856
824,aor_s,878,897,XI,https://en.wikisource.org/wiki/Sanskrit_Grammar_(Whitney)/Chapter_XI#878
824,aor_is,898,911,XI,https://en.wikisource.org/wiki/Sanskrit_Grammar_(Whitney)/Chapter_XI#898
824,s_future,931,940,XII,https://en.wikisource.org/wiki/Sanskrit_Grammar_(Whitney)/Chapter_XII#931
824,periphrastic_future,942,949,XII,https://en.wikisource.org/wiki/Sanskrit_Grammar_(Whitney)/Chapter_XII#942
824,ppp,952,958,XIII,https://en.wikisource.org/wiki/Sanskrit_Grammar_(Whitney)/Chapter_XIII#952
825,present_a,733,750,IX,https://en.wikisource.org/wiki/Sanskrit_Grammar_(Whitney)/Chapter_IX#733
825,present_ya,759,767,IX,https://en.wikisource.org/wiki/Sanskrit_Grammar_(Whitney)/Chapter_IX#759
825,perfect,781,823,X,https://en.wikisource.org/wiki/Sanskrit_Grammar_(Whitney)/Chapter_X#781
825,aor_class,824,827,XI,https://en.wikisource.org/wiki/Sanskrit_Grammar_(Whitney)/Chapter_XI#824
825,aor_is,898,911,XI,https://en.wikisource.org/wiki/Sanskrit_Grammar_(Whitney)/Chapter_XI#898
825,s_future,931,940,XII,https://en.wikisource.org/wiki/Sanskrit_Grammar_(Whitney)/Chapter_XII#931
825,periphrastic_future,942,949,XII,https://en.wikisource.org/wiki/Sanskrit_Grammar_(Whitney)/Chapter_XII#942
825,causative,1041,1052,XIV,https://en.wikisource.org/wiki/Sanskrit_Grammar_(Whitney)/Chapter_XIV#1041
825,desiderative,1026,1040,XIV,https://en.wikisource.org/wiki/Sanskrit_Grammar_(Whitney)/Chapter_XIV#1026
825,intensive,1000,1025,XIV,https://en.wikisource.org/wiki/Sanskrit_Grammar_(Whitney)/Chapter_XIV#1000
825,ppp,952,958,XIII,https://en.wikisource.org/wiki/Sanskrit_Grammar_(Whitney)/Chapter_XIII#952
825,gerund,989,994,XIII,https://en.wikisource.org/wiki/Sanskrit_Grammar_(Whitney)/Chapter_XIII#989
827,present_nu_u,697,716,IX,https://en.wikisource.org/wiki/Sanskrit_Grammar_(Whitney)/Chapter_IX#697
827,perfect,781,823,X,https://en.wikisource.org/wiki/Sanskrit_Grammar_(Whitney)/Chapter_X#781
827,aor_class,824,827,XI,https://en.wikisource.org/wiki/Sanskrit_Grammar_(Whitney)/Chapter_XI#824
827,aor_root,828,846,XI,https://en.wikisource.org/wiki/Sanskrit_Grammar_(Whitney)/Chapter_XI#828
827,aor_redup,856,873,XI,https://en.wikisource.org/wiki/Sanskrit_Grammar_(Whitney)/Chapter_XI#856
827,aor_is,898,911,XI,https://en.wikisource.org/wiki/Sanskrit_Grammar_(Whitney)/Chapter_XI#898
827,s_future,931,940,XII,https://en.wikisource.org/wiki/Sanskrit_Grammar_(Whitney)/Chapter_XII#931
827,periphrastic_future,942,949,XII,https://en.wikisource.org/wiki/Sanskrit_Grammar_(Whitney)/Chapter_XII#942
827,causative,1041,1052,XIV,https://en.wikisource.org/wiki/Sanskrit_Grammar_(Whitney)/Chapter_XIV#1041
827,desiderative,1026,1040,XIV,https://en.wikisource.org/wiki/Sanskrit_Grammar_(Whitney)/Chapter_XIV#1026
827,intensive,1000,1025,XIV,https://en.wikisource.org/wiki/Sanskrit_Grammar_(Whitney)/Chapter_XIV#1000
828,present_a,733,750,IX,https://en.wikisource.org/wiki/Sanskrit_Grammar_(Whitney)/Chapter_IX#733
828,present_redup,642,682,IX,https://en.wikisource.org/wiki/Sanskrit_Grammar_(Whitney)/Chapter_IX#642
828,perfect,781,823,X,https://en.wikisource.org/wiki/Sanskrit_Grammar_(Whitney)/Chapter_X#781
828,aor_class,824,827,XI,https://en.wikisource.org/wiki/Sanskrit_Grammar_(Whitney)/Chapter_XI#824
828,aor_root,828,846,XI,https://en.wikisource.org/wiki/Sanskrit_Grammar_(Whitney)/Chapter_XI#828
828,aor_s,878,897,XI,https://en.wikisource.org/wiki/Sanskrit_Grammar_(Whitney)/Chapter_XI#878
828,aor_is,898,911,XI,https://en.wikisource.org/wiki/Sanskrit_Grammar_(Whitney)/Chapter_XI#898
828,s_future,931,940,XII,https://en.wikisource.org/wiki/Sanskrit_Grammar_(Whitney)/Chapter_XII#931
828,periphrastic_future,942,949,XII,https://en.wikisource.org/wiki/Sanskrit_Grammar_(Whitney)/Chapter_XII#942
829,present_a,733,750,IX,https://en.wikisource.org/wiki/Sanskrit_Grammar_(Whitney)/Chapter_IX#733
829,passive_present,768,774,IX,https://en.wikisource.org/wiki/Sanskrit_Grammar_(Whitney)/Chapter_IX#768
829,perfect,781,823,X,https://en.wikisource.org/wiki/Sanskrit_Grammar_(Whitney)/Chapter_X#781
829,aor_class,824,827,XI,https://en.wikisource.org/wiki/Sanskrit_Grammar_(Whitney)/Chapter_XI#824
829,aor_redup,856,873,XI,https://en.wikisource.org/wiki/Sanskrit_Grammar_(Whitney)/Chapter_XI#856
829,aor_s,878,897,XI,https://en.wikisource.org/wiki/Sanskrit_Grammar_(Whitney)/Chapter_XI#878
829,s_future,931,940,XII,https://en.wikisource.org/wiki/Sanskrit_Grammar_(Whitney)/Chapter_XII#931
829,periphrastic_future,942,949,XII,https://en.wikisource.org/wiki/Sanskrit_Grammar_(Whitney)/Chapter_XII#942
829,causative,1041,1052,XIV,https://en.wikisource.org/wiki/Sanskrit_Grammar_(Whitney)/Chapter_XIV#1041
829,desiderative,1026,1040,XIV,https://en.wikisource.org/wiki/Sanskrit_Grammar_(Whitney)/Chapter_XIV#1026
829,intensive,1000,1025,XIV,https://en.wikisource.org/wiki/Sanskrit_Grammar_(Whitney)/Chapter_XIV#1000
829,ppp,952,958,XIII,https://en.wikisource.org/wiki/Sanskrit_Grammar_(Whitney)/Chapter_XIII#952
829,infinitive,968,979,XIII,https://en.wikisource.org/wiki/Sanskrit_Grammar_(Whitney)/Chapter_XIII#968
829,gerund,989,994,XIII,https://en.wikisource.org/wiki/Sanskrit_Grammar_(Whitney)/Chapter_XIII#989
830,present_a,733,750,IX,https://en.wikisource.org/wiki/Sanskrit_Grammar_(Whitney)/Chapter_IX#733
830,present_root,611,641,IX,https://en.wikisource.org/wiki/Sanskrit_Grammar_(Whitney)/Chapter_IX#611
830,passive_present,768,774,IX,https://en.wikisource.org/wiki/Sanskrit_Grammar_(Whitney)/Chapter_IX#768
830,perfect,781,823,X,https://en.wikisource.org/wiki/Sanskrit_Grammar_(Whitney)/Chapter_X#781
830,aor_class,824,827,XI,https://en.wikisource.org/wiki/Sanskrit_Grammar_(Whitney)/Chapter_XI#824
830,aor_root,828,846,XI,https://en.wikisource.org/wiki/Sanskrit_Grammar_(Whitney)/Chapter_XI#828
830,aor_a,847,855,XI,https://en.wikisource.org/wiki/Sanskrit_Grammar_(Whitney)/Chapter_XI#847
830,aor_redup,856,873,XI,https://en.wikisource.org/wiki/Sanskrit_Grammar_(Whitney)/Chapter_XI#856
830,aor_s,878,897,XI,https://en.wikisource.org/wiki/Sanskrit_Grammar_(Whitney)/Chapter_XI#878
830,aor_is,898,911,XI,https://en.wikisource.org/wiki/Sanskrit_Grammar_(Whitney)/Chapter_XI#898
830,s_future,931,940,XII,https://en.wikisource.org/wiki/Sanskrit_Grammar_(Whitney)/Chapter_XII#931
830,periphrastic_future,942,949,XII,https://en.wikisource.org/wiki/Sanskrit_Grammar_(Whitney)/Chapter_XII#942
830,causative,1041,1052,XIV,https://en.wikisource.org/wiki/Sanskrit_Grammar_(Whitney)/Chapter_XIV#1041
830,desiderative,1026,1040,XIV,https://en.wikisource.org/wiki/Sanskrit_Grammar_(Whitney)/Chapter_XIV#1026
830,intensive,1000,1025,XIV,https://en.wikisource.org/wiki/Sanskrit_Grammar_(Whitney)/Chapter_XIV#1000
830,ppp,952,958,XIII,https://en.wikisource.org/wiki/Sanskrit_Grammar_(Whitney)/Chapter_XIII#952
830,infinitive,968,979,XIII,https://en.wikisource.org/wiki/Sanskrit_Grammar_(Whitney)/Chapter_XIII#968
830,gerund,989,994,XIII,https://en.wikisource.org/wiki/Sanskrit_Grammar_(Whitney)/Chapter_XIII#989
831,present_nu_u,697,716,IX,https://en.wikisource.org/wiki/Sanskrit_Grammar_(Whitney)/Chapter_IX#697
831,passive_present,768,774,IX,https://en.wikisource.org/wiki/Sanskrit_Grammar_(Whitney)/Chapter_IX#768
831,perfect,781,823,X,https://en.wikisource.org/wiki/Sanskrit_Grammar_(Whitney)/Chapter_X#781
831,aor_class,824,827,XI,https://en.wikisource.org/wiki/Sanskrit_Grammar_(Whitney)/Chapter_XI#824
831,aor_root,828,846,XI,https://en.wikisource.org/wiki/Sanskrit_Grammar_(Whitney)/Chapter_XI#828
831,aor_a,847,855,XI,https://en.wikisource.org/wiki/Sanskrit_Grammar_(Whitney)/Chapter_XI#847
831,aor_redup,856,873,XI,https://en.wikisource.org/wiki/Sanskrit_Grammar_(Whitney)/Chapter_XI#856
831,aor_s,878,897,XI,https://en.wikisource.org/wiki/Sanskrit_Grammar_(Whitney)/Chapter_XI#878
831,aor_is,898,911,XI,https://en.wikisource.org/wiki/Sanskrit_Grammar_(Whitney)/Chapter_XI#898
831,s_future,931,940,XII,https://en.wikisource.org/wiki/Sanskrit_Grammar_(Whitney)/Chapter_XII#931
831,periphrastic_future,942,949,XII,https://en.wikisource.org/wiki/Sanskrit_Grammar_(Whitney)/Chapter_XII#942
831,causative,1041,1052,XIV,https://en.wikisource.org/wiki/Sanskrit_Grammar_(Whitney)/Chapter_XIV#1041
831,desiderative,1026,1040,XIV,https://en.wikisource.org/wiki/Sanskrit_Grammar_(Whitney)/Chapter_XIV#1026
831,intensive,1000,1025,XIV,https://en.wikisource.org/wiki/Sanskrit_Grammar_(Whitney)/Chapter_XIV#1000
832,present_a,733,750,IX,https://en.wikisource.org/wiki/Sanskrit_Grammar_(Whitney)/Chapter_IX#733
832,perfect,781,823,X,https://en.wikisource.org/wiki/Sanskrit_Grammar_(Whitney)/Chapter_X#781
832,aor_class,824,827,XI,https://en.wikisource.org/wiki/Sanskrit_Grammar_(Whitney)/Chapter_XI#824
832,aor_redup,856,873,XI,https://en.wikisource.org/wiki/Sanskrit_Grammar_(Whitney)/Chapter_XI#856
832,s_future,931,940,XII,https://en.wikisource.org/wiki/Sanskrit_Grammar_(Whitney)/Chapter_XII#931
832,periphrastic_future,942,949,XII,https://en.wikisource.org/wiki/Sanskrit_Grammar_(Whitney)/Chapter_XII#942
832,causative,1041,1052,XIV,https://en.wikisource.org/wiki/Sanskrit_Grammar_(Whitney)/Chapter_XIV#1041
833,present_a,733,750,IX,https://en.wikisource.org/wiki/Sanskrit_Grammar_(Whitney)/Chapter_IX#733
835,present_root,611,641,IX,https://en.wikisource.org/wiki/Sanskrit_Grammar_(Whitney)/Chapter_IX#611
835,present_redup,642,682,IX,https://en.wikisource.org/wiki/Sanskrit_Grammar_(Whitney)/Chapter_IX#642
835,perfect,781,823,X,https://en.wikisource.org/wiki/Sanskrit_Grammar_(Whitney)/Chapter_X#781
835,aor_class,824,827,XI,https://en.wikisource.org/wiki/Sanskrit_Grammar_(Whitney)/Chapter_XI#824
835,aor_redup,856,873,XI,https://en.wikisource.org/wiki/Sanskrit_Grammar_(Whitney)/Chapter_XI#856
835,aor_is,898,911,XI,https://en.wikisource.org/wiki/Sanskrit_Grammar_(Whitney)/Chapter_XI#898
835,s_future,931,940,XII,https://en.wikisource.org/wiki/Sanskrit_Grammar_(Whitney)/Chapter_XII#931
835,periphrastic_future,942,949,XII,https://en.wikisource.org/wiki/Sanskrit_Grammar_(Whitney)/Chapter_XII#942
835,causative,1041,1052,XIV,https://en.wikisource.org/wiki/Sanskrit_Grammar_(Whitney)/Chapter_XIV#1041
835,desiderative,1026,1040,XIV,https://en.wikisource.org/wiki/Sanskrit_Grammar_(Whitney)/Chapter_XIV#1026
835,intensive,1000,1025,XIV,https://en.wikisource.org/wiki/Sanskrit_Grammar_(Whitney)/Chapter_XIV#1000
836,present_a,733,750,IX,https://en.wikisource.org/wiki/Sanskrit_Grammar_(Whitney)/Chapter_IX#733
836,present_root,611,641,IX,https://en.wikisource.org/wiki/Sanskrit_Grammar_(Whitney)/Chapter_IX#611
836,present_ya,759,767,IX,https://en.wikisource.org/wiki/Sanskrit_Grammar_(Whitney)/Chapter_IX#759
836,passive_present,768,774,IX,https://en.wikisource.org/wiki/Sanskrit_Grammar_(Whitney)/Chapter_IX#768
836,perfect,781,823,X,https://en.wikisource.org/wiki/Sanskrit_Grammar_(Whitney)/Chapter_X#781
836,aor_class,824,827,XI,https://en.wikisource.org/wiki/Sanskrit_Grammar_(Whitney)/Chapter_XI#824
836,aor_root,828,846,XI,https://en.wikisource.org/wiki/Sanskrit_Grammar_(Whitney)/Chapter_XI#828
836,aor_redup,856,873,XI,https://en.wikisource.org/wiki/Sanskrit_Grammar_(Whitney)/Chapter_XI#856
836,aor_s,878,897,XI,https://en.wikisource.org/wiki/Sanskrit_Grammar_(Whitney)/Chapter_XI#878
836,aor_is,898,911,XI,https://en.wikisource.org/wiki/Sanskrit_Grammar_(Whitney)/Chapter_XI#898
836,s_future,931,940,XII,https://en.wikisource.org/wiki/Sanskrit_Grammar_(Whitney)/Chapter_XII#931
836,periphrastic_future,942,949,XII,https://en.wikisource.org/wiki/Sanskrit_Grammar_(Whitney)/Chapter_XII#942
836,causative,1041,1052,XIV,https://en.wikisource.org/wiki/Sanskrit_Grammar_(Whitney)/Chapter_XIV#1041
836,desiderative,1026,1040,XIV,https://en.wikisource.org/wiki/Sanskrit_Grammar_(Whitney)/Chapter_XIV#1026
836,intensive,1000,1025,XIV,https://en.wikisource.org/wiki/Sanskrit_Grammar_(Whitney)/Chapter_XIV#1000
836,ppp,952,958,XIII,https://en.wikisource.org/wiki/Sanskrit_Grammar_(Whitney)/Chapter_XIII#952
836,infinitive,968,979,XIII,https://en.wikisource.org/wiki/Sanskrit_Grammar_(Whitney)/Chapter_XIII#968
836,gerund,989,994,XIII,https://en.wikisource.org/wiki/Sanskrit_Grammar_(Whitney)/Chapter_XIII#989
837,present_nu_u,697,716,IX,https://en.wikisource.org/wiki/Sanskrit_Grammar_(Whitney)/Chapter_IX#697
837,present_na,717,732,IX,https://en.wikisource.org/wiki/Sanskrit_Grammar_(Whitney)/Chapter_IX#717
837,passive_present,768,774,IX,https://en.wikisource.org/wiki/Sanskrit_Grammar_(Whitney)/Chapter_IX#768
837,perfect,781,823,X,https://en.wikisource.org/wiki/Sanskrit_Grammar_(Whitney)/Chapter_X#781
837,aor_class,824,827,XI,https://en.wikisource.org/wiki/Sanskrit_Grammar_(Whitney)/Chapter_XI#824
837,aor_root,828,846,XI,https://en.wikisource.org/wiki/Sanskrit_Grammar_(Whitney)/Chapter_XI#828
837,aor_redup,856,873,XI,https://en.wikisource.org/wiki/Sanskrit_Grammar_(Whitney)/Chapter_XI#856
837,aor_s,878,897,XI,https://en.wikisource.org/wiki/Sanskrit_Grammar_(Whitney)/Chapter_XI#878
837,aor_sis,912,915,XI,https://en.wikisource.org/wiki/Sanskrit_Grammar_(Whitney)/Chapter_XI#912
837,s_future,931,940,XII,https://en.wikisource.org/wiki/Sanskrit_Grammar_(Whitney)/Chapter_XII#931
837,periphrastic_future,942,949,XII,https://en.wikisource.org/wiki/Sanskrit_Grammar_(Whitney)/Chapter_XII#942
837,causative,1041,1052,XIV,https://en.wikisource.org/wiki/Sanskrit_Grammar_(Whitney)/Chapter_XIV#1041
837,desiderative,1026,1040,XIV,https://en.wikisource.org/wiki/Sanskrit_Grammar_(Whitney)/Chapter_XIV#1026
837,intensive,1000,1025,XIV,https://en.wikisource.org/wiki/Sanskrit_Grammar_(Whitney)/Chapter_XIV#1000
837,ppp,952,958,XIII,https://en.wikisource.org/wiki/Sanskrit_Grammar_(Whitney)/Chapter_XIII#952
837,infinitive,968,979,XIII,https://en.wikisource.org/wiki/Sanskrit_Grammar_(Whitney)/Chapter_XIII#968
837,gerund,989,994,XIII,https://en.wikisource.org/wiki/Sanskrit_Grammar_(Whitney)/Chapter_XIII#989
839,present_a,733,750,IX,https://en.wikisource.org/wiki/Sanskrit_Grammar_(Whitney)/Chapter_IX#733
839,present_ya,759,767,IX,https://en.wikisource.org/wiki/Sanskrit_Grammar_(Whitney)/Chapter_IX#759
839,present_nu_u,697,716,IX,https://en.wikisource.org/wiki/Sanskrit_Grammar_(Whitney)/Chapter_IX#697
839,perfect,781,823,X,https://en.wikisource.org/wiki/Sanskrit_Grammar_(Whitney)/Chapter_X#781
839,aor_class,824,827,XI,https://en.wikisource.org/wiki/Sanskrit_Grammar_(Whitney)/Chapter_XI#824
839,aor_redup,856,873,XI,https://en.wikisource.org/wiki/Sanskrit_Grammar_(Whitney)/Chapter_XI#856
839,aor_s,878,897,XI,https://en.wikisource.org/wiki/Sanskrit_Grammar_(Whitney)/Chapter_XI#878
839,s_future,931,940,XII,https://en.wikisource.org/wiki/Sanskrit_Grammar_(Whitney)/Chapter_XII#931
839,periphrastic_future,942,949,XII,https://en.wikisource.org/wiki/Sanskrit_Grammar_(Whitney)/Chapter_XII#942
839,causative,1041,1052,XIV,https://en.wikisource.org/wiki/Sanskrit_Grammar_(Whitney)/Chapter_XIV#1041
839,desiderative,1026,1040,XIV,https://en.wikisource.org/wiki/Sanskrit_Grammar_(Whitney)/Chapter_XIV#1026
839,intensive,1000,1025,XIV,https://en.wikisource.org/wiki/Sanskrit_Grammar_(Whitney)/Chapter_XIV#1000
839,infinitive,968,979,XIII,https://en.wikisource.org/wiki/Sanskrit_Grammar_(Whitney)/Chapter_XIII#968
841,present_a,733,750,IX,https://en.wikisource.org/wiki/Sanskrit_Grammar_(Whitney)/Chapter_IX#733
841,present_acc_a,751,758,IX,https://en.wikisource.org/wiki/Sanskrit_Grammar_(Whitney)/Chapter_IX#751
841,passive_present,768,774,IX,https://en.wikisource.org/wiki/Sanskrit_Grammar_(Whitney)/Chapter_IX#768
841,perfect,781,823,X,https://en.wikisource.org/wiki/Sanskrit_Grammar_(Whitney)/Chapter_X#781
841,aor_class,824,827,XI,https://en.wikisource.org/wiki/Sanskrit_Grammar_(Whitney)/Chapter_XI#824
841,aor_a,847,855,XI,https://en.wikisource.org/wiki/Sanskrit_Grammar_(Whitney)/Chapter_XI#847
841,aor_redup,856,873,XI,https://en.wikisource.org/wiki/Sanskrit_Grammar_(Whitney)/Chapter_XI#856
841,aor_s,878,897,XI,https://en.wikisource.org/wiki/Sanskrit_Grammar_(Whitney)/Chapter_XI#878
841,s_future,931,940,XII,https://en.wikisource.org/wiki/Sanskrit_Grammar_(Whitney)/Chapter_XII#931
841,causative,1041,1052,XIV,https://en.wikisource.org/wiki/Sanskrit_Grammar_(Whitney)/Chapter_XIV#1041
841,desiderative,1026,1040,XIV,https://en.wikisource.org/wiki/Sanskrit_Grammar_(Whitney)/Chapter_XIV#1026
841,intensive,1000,1025,XIV,https://en.wikisource.org/wiki/Sanskrit_Grammar_(Whitney)/Chapter_XIV#1000
841,ppp,952,958,XIII,https://en.wikisource.org/wiki/Sanskrit_Grammar_(Whitney)/Chapter_XIII#952
841,infinitive,968,979,XIII,https://en.wikisource.org/wiki/Sanskrit_Grammar_(Whitney)/Chapter_XIII#968
841,gerund,989,994,XIII,https://en.wikisource.org/wiki/Sanskrit_Grammar_(Whitney)/Chapter_XIII#989
842,present_a,733,750,IX,https://en.wikisource.org/wiki/Sanskrit_Grammar_(Whitney)/Chapter_IX#733
842,passive_present,768,774,IX,https://en.wikisource.org/wiki/Sanskrit_Grammar_(Whitney)/Chapter_IX#768
842,perfect,781,823,X,https://en.wikisource.org/wiki/Sanskrit_Grammar_(Whitney)/Chapter_X#781
842,aor_class,824,827,XI,https://en.wikisource.org/wiki/Sanskrit_Grammar_(Whitney)/Chapter_XI#824
842,aor_redup,856,873,XI,https://en.wikisource.org/wiki/Sanskrit_Grammar_(Whitney)/Chapter_XI#856
842,aor_s,878,897,XI,https://en.wikisource.org/wiki/Sanskrit_Grammar_(Whitney)/Chapter_XI#878
842,aor_is,898,911,XI,https://en.wikisource.org/wiki/Sanskrit_Grammar_(Whitney)/Chapter_XI#898
842,s_future,931,940,XII,https://en.wikisource.org/wiki/Sanskrit_Grammar_(Whitney)/Chapter_XII#931
842,periphrastic_future,942,949,XII,https://en.wikisource.org/wiki/Sanskrit_Grammar_(Whitney)/Chapter_XII#942
842,causative,1041,1052,XIV,https://en.wikisource.org/wiki/Sanskrit_Grammar_(Whitney)/Chapter_XIV#1041
842,desiderative,1026,1040,XIV,https://en.wikisource.org/wiki/Sanskrit_Grammar_(Whitney)/Chapter_XIV#1026
842,intensive,1000,1025,XIV,https://en.wikisource.org/wiki/Sanskrit_Grammar_(Whitney)/Chapter_XIV#1000
842,ppp,952,958,XIII,https://en.wikisource.org/wiki/Sanskrit_Grammar_(Whitney)/Chapter_XIII#952
842,infinitive,968,979,XIII,https://en.wikisource.org/wiki/Sanskrit_Grammar_(Whitney)/Chapter_XIII#968
842,gerund,989,994,XIII,https://en.wikisource.org/wiki/Sanskrit_Grammar_(Whitney)/Chapter_XIII#989
843,present_ya,759,767,IX,https://en.wikisource.org/wiki/Sanskrit_Grammar_(Whitney)/Chapter_IX#759
843,perfect,781,823,X,https://en.wikisource.org/wiki/Sanskrit_Grammar_(Whitney)/Chapter_X#781
843,aor_class,824,827,XI,https://en.wikisource.org/wiki/Sanskrit_Grammar_(Whitney)/Chapter_XI#824
843,aor_a,847,855,XI,https://en.wikisource.org/wiki/Sanskrit_Grammar_(Whitney)/Chapter_XI#847
843,aor_redup,856,873,XI,https://en.wikisource.org/wiki/Sanskrit_Grammar_(Whitney)/Chapter_XI#856
843,aor_s,878,897,XI,https://en.wikisource.org/wiki/Sanskrit_Grammar_(Whitney)/Chapter_XI#878
843,s_future,931,940,XII,https://en.wikisource.org/wiki/Sanskrit_Grammar_(Whitney)/Chapter_XII#931
843,periphrastic_future,942,949,XII,https://en.wikisource.org/wiki/Sanskrit_Grammar_(Whitney)/Chapter_XII#942
843,causative,1041,1052,XIV,https://en.wikisource.org/wiki/Sanskrit_Grammar_(Whitney)/Chapter_XIV#1041
843,desiderative,1026,1040,XIV,https://en.wikisource.org/wiki/Sanskrit_Grammar_(Whitney)/Chapter_XIV#1026
843,intensive,1000,1025,XIV,https://en.wikisource.org/wiki/Sanskrit_Grammar_(Whitney)/Chapter_XIV#1000
843,ppp,952,958,XIII,https://en.wikisource.org/wiki/Sanskrit_Grammar_(Whitney)/Chapter_XIII#952
843,gerund,989,994,XIII,https://en.wikisource.org/wiki/Sanskrit_Grammar_(Whitney)/Chapter_XIII#989
845,present_ya,759,767,IX,https://en.wikisource.org/wiki/Sanskrit_Grammar_(Whitney)/Chapter_IX#759
845,perfect,781,823,X,https://en.wikisource.org/wiki/Sanskrit_Grammar_(Whitney)/Chapter_X#781
845,aor_class,824,827,XI,https://en.wikisource.org/wiki/Sanskrit_Grammar_(Whitney)/Chapter_XI#824
845,aor_redup,856,873,XI,https://en.wikisource.org/wiki/Sanskrit_Grammar_(Whitney)/Chapter_XI#856
845,aor_is,898,911,XI,https://en.wikisource.org/wiki/Sanskrit_Grammar_(Whitney)/Chapter_XI#898
845,s_future,931,940,XII,https://en.wikisource.org/wiki/Sanskrit_Grammar_(Whitney)/Chapter_XII#931
845,periphrastic_future,942,949,XII,https://en.wikisource.org/wiki/Sanskrit_Grammar_(Whitney)/Chapter_XII#942
845,causative,1041,1052,XIV,https://en.wikisource.org/wiki/Sanskrit_Grammar_(Whitney)/Chapter_XIV#1041
845,desiderative,1026,1040,XIV,https://en.wikisource.org/wiki/Sanskrit_Grammar_(Whitney)/Chapter_XIV#1026
845,intensive,1000,1025,XIV,https://en.wikisource.org/wiki/Sanskrit_Grammar_(Whitney)/Chapter_XIV#1000
845,ppp,952,958,XIII,https://en.wikisource.org/wiki/Sanskrit_Grammar_(Whitney)/Chapter_XIII#952
845,gerund,989,994,XIII,https://en.wikisource.org/wiki/Sanskrit_Grammar_(Whitney)/Chapter_XIII#989
846,present_redup,642,682,IX,https://en.wikisource.org/wiki/Sanskrit_Grammar_(Whitney)/Chapter_IX#642
846,present_nu_u,697,716,IX,https://en.wikisource.org/wiki/Sanskrit_Grammar_(Whitney)/Chapter_IX#697
846,passive_present,768,774,IX,https://en.wikisource.org/wiki/Sanskrit_Grammar_(Whitney)/Chapter_IX#768
846,perfect,781,823,X,https://en.wikisource.org/wiki/Sanskrit_Grammar_(Whitney)/Chapter_X#781
846,aor_class,824,827,XI,https://en.wikisource.org/wiki/Sanskrit_Grammar_(Whitney)/Chapter_XI#824
846,aor_root,828,846,XI,https://en.wikisource.org/wiki/Sanskrit_Grammar_(Whitney)/Chapter_XI#828
846,aor_redup,856,873,XI,https://en.wikisource.org/wiki/Sanskrit_Grammar_(Whitney)/Chapter_XI#856
846,aor_s,878,897,XI,https://en.wikisource.org/wiki/Sanskrit_Grammar_(Whitney)/Chapter_XI#878
846,aor_is,898,911,XI,https://en.wikisource.org/wiki/Sanskrit_Grammar_(Whitney)/Chapter_XI#898
846,s_future,931,940,XII,https://en.wikisource.org/wiki/Sanskrit_Grammar_(Whitney)/Chapter_XII#931
846,periphrastic_future,942,949,XII,https://en.wikisource.org/wiki/Sanskrit_Grammar_(Whitney)/Chapter_XII#942
846,causative,1041,1052,XIV,https://en.wikisource.org/wiki/Sanskrit_Grammar_(Whitney)/Chapter_XIV#1041
846,desiderative,1026,1040,XIV,https://en.wikisource.org/wiki/Sanskrit_Grammar_(Whitney)/Chapter_XIV#1026
846,intensive,1000,1025,XIV,https://en.wikisource.org/wiki/Sanskrit_Grammar_(Whitney)/Chapter_XIV#1000
846,ppp,952,958,XIII,https://en.wikisource.org/wiki/Sanskrit_Grammar_(Whitney)/Chapter_XIII#952
846,gerund,989,994,XIII,https://en.wikisource.org/wiki/Sanskrit_Grammar_(Whitney)/Chapter_XIII#989
848,present_na,717,732,IX,https://en.wikisource.org/wiki/Sanskrit_Grammar_(Whitney)/Chapter_IX#717
848,ppp,952,958,XIII,https://en.wikisource.org/wiki/Sanskrit_Grammar_(Whitney)/Chapter_XIII#952
849,present_a,733,750,IX,https://en.wikisource.org/wiki/Sanskrit_Grammar_(Whitney)/Chapter_IX#733
849,present_root,611,641,IX,https://en.wikisource.org/wiki/Sanskrit_Grammar_(Whitney)/Chapter_IX#611
849,present_ya,759,767,IX,https://en.wikisource.org/wiki/Sanskrit_Grammar_(Whitney)/Chapter_IX#759
849,present_acc_a,751,758,IX,https://en.wikisource.org/wiki/Sanskrit_Grammar_(Whitney)/Chapter_IX#751
849,passive_present,768,774,IX,https://en.wikisource.org/wiki/Sanskrit_Grammar_(Whitney)/Chapter_IX#768
849,perfect,781,823,X,https://en.wikisource.org/wiki/Sanskrit_Grammar_(Whitney)/Chapter_X#781
849,aor_class,824,827,XI,https://en.wikisource.org/wiki/Sanskrit_Grammar_(Whitney)/Chapter_XI#824
849,aor_redup,856,873,XI,https://en.wikisource.org/wiki/Sanskrit_Grammar_(Whitney)/Chapter_XI#856
849,aor_s,878,897,XI,https://en.wikisource.org/wiki/Sanskrit_Grammar_(Whitney)/Chapter_XI#878
849,aor_is,898,911,XI,https://en.wikisource.org/wiki/Sanskrit_Grammar_(Whitney)/Chapter_XI#898
849,s_future,931,940,XII,https://en.wikisource.org/wiki/Sanskrit_Grammar_(Whitney)/Chapter_XII#931
849,periphrastic_future,942,949,XII,https://en.wikisource.org/wiki/Sanskrit_Grammar_(Whitney)/Chapter_XII#942
849,causative,1041,1052,XIV,https://en.wikisource.org/wiki/Sanskrit_Grammar_(Whitney)/Chapter_XIV#1041
849,desiderative,1026,1040,XIV,https://en.wikisource.org/wiki/Sanskrit_Grammar_(Whitney)/Chapter_XIV#1026
849,intensive,1000,1025,XIV,https://en.wikisource.org/wiki/Sanskrit_Grammar_(Whitney)/Chapter_XIV#1000
849,ppp,952,958,XIII,https://en.wikisource.org/wiki/Sanskrit_Grammar_(Whitney)/Chapter_XIII#952
849,infinitive,968,979,XIII,https://en.wikisource.org/wiki/Sanskrit_Grammar_(Whitney)/Chapter_XIII#968
849,gerund,989,994,XIII,https://en.wikisource.org/wiki/Sanskrit_Grammar_(Whitney)/Chapter_XIII#989
850,present_a,733,750,IX,https://en.wikisource.org/wiki/Sanskrit_Grammar_(Whitney)/Chapter_IX#733
850,perfect,781,823,X,https://en.wikisource.org/wiki/Sanskrit_Grammar_(Whitney)/Chapter_X#781
850,aor_class,824,827,XI,https://en.wikisource.org/wiki/Sanskrit_Grammar_(Whitney)/Chapter_XI#824
850,aor_redup,856,873,XI,https://en.wikisource.org/wiki/Sanskrit_Grammar_(Whitney)/Chapter_XI#856
850,s_future,931,940,XII,https://en.wikisource.org/wiki/Sanskrit_Grammar_(Whitney)/Chapter_XII#931
850,periphrastic_future,942,949,XII,https://en.wikisource.org/wiki/Sanskrit_Grammar_(Whitney)/Chapter_XII#942
850,causative,1041,1052,XIV,https://en.wikisource.org/wiki/Sanskrit_Grammar_(Whitney)/Chapter_XIV#1041
850,desiderative,1026,1040,XIV,https://en.wikisource.org/wiki/Sanskrit_Grammar_(Whitney)/Chapter_XIV#1026
850,intensive,1000,1025,XIV,https://en.wikisource.org/wiki/Sanskrit_Grammar_(Whitney)/Chapter_XIV#1000
851,present_a,733,750,IX,https://en.wikisource.org/wiki/Sanskrit_Grammar_(Whitney)/Chapter_IX#733
851,perfect,781,823,X,https://en.wikisource.org/wiki/Sanskrit_Grammar_(Whitney)/Chapter_X#781
851,aor_class,824,827,XI,https://en.wikisource.org/wiki/Sanskrit_Grammar_(Whitney)/Chapter_XI#824
851,aor_is,898,911,XI,https://en.wikisource.org/wiki/Sanskrit_Grammar_(Whitney)/Chapter_XI#898
851,s_future,931,940,XII,https://en.wikisource.org/wiki/Sanskrit_Grammar_(Whitney)/Chapter_XII#931
851,periphrastic_future,942,949,XII,https://en.wikisource.org/wiki/Sanskrit_Grammar_(Whitney)/Chapter_XII#942
852,present_a,733,750,IX,https://en.wikisource.org/wiki/Sanskrit_Grammar_(Whitney)/Chapter_IX#733
852,present_redup,642,682,IX,https://en.wikisource.org/wiki/Sanskrit_Grammar_(Whitney)/Chapter_IX#642
852,perfect,781,823,X,https://en.wikisource.org/wiki/Sanskrit_Grammar_(Whitney)/Chapter_X#781
852,aor_class,824,827,XI,https://en.wikisource.org/wiki/Sanskrit_Grammar_(Whitney)/Chapter_XI#824
852,aor_a,847,855,XI,https://en.wikisource.org/wiki/Sanskrit_Grammar_(Whitney)/Chapter_XI#847
852,aor_s,878,897,XI,https://en.wikisource.org/wiki/Sanskrit_Grammar_(Whitney)/Chapter_XI#878
852,s_future,931,940,XII,https://en.wikisource.org/wiki/Sanskrit_Grammar_(Whitney)/Chapter_XII#931
852,periphrastic_future,942,949,XII,https://en.wikisource.org/wiki/Sanskrit_Grammar_(Whitney)/Chapter_XII#942
852,causative,1041,1052,XIV,https://en.wikisource.org/wiki/Sanskrit_Grammar_(Whitney)/Chapter_XIV#1041
852,desiderative,1026,1040,XIV,https://en.wikisource.org/wiki/Sanskrit_Grammar_(Whitney)/Chapter_XIV#1026
852,intensive,1000,1025,XIV,https://en.wikisource.org/wiki/Sanskrit_Grammar_(Whitney)/Chapter_XIV#1000
852,ppp,952,958,XIII,https://en.wikisource.org/wiki/Sanskrit_Grammar_(Whitney)/Chapter_XIII#952
852,infinitive,968,979,XIII,https://en.wikisource.org/wiki/Sanskrit_Grammar_(Whitney)/Chapter_XIII#968
852,gerund,989,994,XIII,https://en.wikisource.org/wiki/Sanskrit_Grammar_(Whitney)/Chapter_XIII#989
854,present_a,733,750,IX,https://en.wikisource.org/wiki/Sanskrit_Grammar_(Whitney)/Chapter_IX#733
854,present_acc_a,751,758,IX,https://en.wikisource.org/wiki/Sanskrit_Grammar_(Whitney)/Chapter_IX#751
854,passive_present,768,774,IX,https://en.wikisource.org/wiki/Sanskrit_Grammar_(Whitney)/Chapter_IX#768
854,perfect,781,823,X,https://en.wikisource.org/wiki/Sanskrit_Grammar_(Whitney)/Chapter_X#781
854,aor_class,824,827,XI,https://en.wikisource.org/wiki/Sanskrit_Grammar_(Whitney)/Chapter_XI#824
854,aor_root,828,846,XI,https://en.wikisource.org/wiki/Sanskrit_Grammar_(Whitney)/Chapter_XI#828
854,aor_redup,856,873,XI,https://en.wikisource.org/wiki/Sanskrit_Grammar_(Whitney)/Chapter_XI#856
854,aor_s,878,897,XI,https://en.wikisource.org/wiki/Sanskrit_Grammar_(Whitney)/Chapter_XI#878
854,s_future,931,940,XII,https://en.wikisource.org/wiki/Sanskrit_Grammar_(Whitney)/Chapter_XII#931
854,periphrastic_future,942,949,XII,https://en.wikisource.org/wiki/Sanskrit_Grammar_(Whitney)/Chapter_XII#942
854,causative,1041,1052,XIV,https://en.wikisource.org/wiki/Sanskrit_Grammar_(Whitney)/Chapter_XIV#1041
854,desiderative,1026,1040,XIV,https://en.wikisource.org/wiki/Sanskrit_Grammar_(Whitney)/Chapter_XIV#1026
854,intensive,1000,1025,XIV,https://en.wikisource.org/wiki/Sanskrit_Grammar_(Whitney)/Chapter_XIV#1000
854,ppp,952,958,XIII,https://en.wikisource.org/wiki/Sanskrit_Grammar_(Whitney)/Chapter_XIII#952
854,infinitive,968,979,XIII,https://en.wikisource.org/wiki/Sanskrit_Grammar_(Whitney)/Chapter_XIII#968
854,gerund,989,994,XIII,https://en.wikisource.org/wiki/Sanskrit_Grammar_(Whitney)/Chapter_XIII#989
855,present_a,733,750,IX,https://en.wikisource.org/wiki/Sanskrit_Grammar_(Whitney)/Chapter_IX#733
855,passive_present,768,774,IX,https://en.wikisource.org/wiki/Sanskrit_Grammar_(Whitney)/Chapter_IX#768
855,perfect,781,823,X,https://en.wikisource.org/wiki/Sanskrit_Grammar_(Whitney)/Chapter_X#781
855,aor_class,824,827,XI,https://en.wikisource.org/wiki/Sanskrit_Grammar_(Whitney)/Chapter_XI#824
855,aor_a,847,855,XI,https://en.wikisource.org/wiki/Sanskrit_Grammar_(Whitney)/Chapter_XI#847
855,aor_redup,856,873,XI,https://en.wikisource.org/wiki/Sanskrit_Grammar_(Whitney)/Chapter_XI#856
855,aor_s,878,897,XI,https://en.wikisource.org/wiki/Sanskrit_Grammar_(Whitney)/Chapter_XI#878
855,s_future,931,940,XII,https://en.wikisource.org/wiki/Sanskrit_Grammar_(Whitney)/Chapter_XII#931
855,periphrastic_future,942,949,XII,https://en.wikisource.org/wiki/Sanskrit_Grammar_(Whitney)/Chapter_XII#942
855,causative,1041,1052,XIV,https://en.wikisource.org/wiki/Sanskrit_Grammar_(Whitney)/Chapter_XIV#1041
855,desiderative,1026,1040,XIV,https://en.wikisource.org/wiki/Sanskrit_Grammar_(Whitney)/Chapter_XIV#1026
855,intensive,1000,1025,XIV,https://en.wikisource.org/wiki/Sanskrit_Grammar_(Whitney)/Chapter_XIV#1000
855,ppp,952,958,XIII,https://en.wikisource.org/wiki/Sanskrit_Grammar_(Whitney)/Chapter_XIII#952
855,infinitive,968,979,XIII,https://en.wikisource.org/wiki/Sanskrit_Grammar_(Whitney)/Chapter_XIII#968
855,gerund,989,994,XIII,https://en.wikisource.org/wiki/Sanskrit_Grammar_(Whitney)/Chapter_XIII#989
856,present_a,733,750,IX,https://en.wikisource.org/wiki/Sanskrit_Grammar_(Whitney)/Chapter_IX#733
856,passive_present,768,774,IX,https://en.wikisource.org/wiki/Sanskrit_Grammar_(Whitney)/Chapter_IX#768
856,perfect,781,823,X,https://en.wikisource.org/wiki/Sanskrit_Grammar_(Whitney)/Chapter_X#781
856,aor_class,824,827,XI,https://en.wikisource.org/wiki/Sanskrit_Grammar_(Whitney)/Chapter_XI#824
856,aor_redup,856,873,XI,https://en.wikisource.org/wiki/Sanskrit_Grammar_(Whitney)/Chapter_XI#856
856,aor_is,898,911,XI,https://en.wikisource.org/wiki/Sanskrit_Grammar_(Whitney)/Chapter_XI#898
856,s_future,931,940,XII,https://en.wikisource.org/wiki/Sanskrit_Grammar_(Whitney)/Chapter_XII#931
856,periphrastic_future,942,949,XII,https://en.wikisource.org/wiki/Sanskrit_Grammar_(Whitney)/Chapter_XII#942
856,causative,1041,1052,XIV,https://en.wikisource.org/wiki/Sanskrit_Grammar_(Whitney)/Chapter_XIV#1041
856,desiderative,1026,1040,XIV,https://en.wikisource.org/wiki/Sanskrit_Grammar_(Whitney)/Chapter_XIV#1026
856,intensive,1000,1025,XIV,https://en.wikisource.org/wiki/Sanskrit_Grammar_(Whitney)/Chapter_XIV#1000
856,ppp,952,958,XIII,https://en.wikisource.org/wiki/Sanskrit_Grammar_(Whitney)/Chapter_XIII#952
856,infinitive,968,979,XIII,https://en.wikisource.org/wiki/Sanskrit_Grammar_(Whitney)/Chapter_XIII#968
856,gerund,989,994,XIII,https://en.wikisource.org/wiki/Sanskrit_Grammar_(Whitney)/Chapter_XIII#989
857,present_a,733,750,IX,https://en.wikisource.org/wiki/Sanskrit_Grammar_(Whitney)/Chapter_IX#733
857,passive_present,768,774,IX,https://en.wikisource.org/wiki/Sanskrit_Grammar_(Whitney)/Chapter_IX#768
857,perfect,781,823,X,https://en.wikisource.org/wiki/Sanskrit_Grammar_(Whitney)/Chapter_X#781
857,aor_class,824,827,XI,https://en.wikisource.org/wiki/Sanskrit_Grammar_(Whitney)/Chapter_XI#824
857,aor_root,828,846,XI,https://en.wikisource.org/wiki/Sanskrit_Grammar_(Whitney)/Chapter_XI#828
857,aor_a,847,855,XI,https://en.wikisource.org/wiki/Sanskrit_Grammar_(Whitney)/Chapter_XI#847
857,aor_redup,856,873,XI,https://en.wikisource.org/wiki/Sanskrit_Grammar_(Whitney)/Chapter_XI#856
857,aor_s,878,897,XI,https://en.wikisource.org/wiki/Sanskrit_Grammar_(Whitney)/Chapter_XI#878
857,s_future,931,940,XII,https://en.wikisource.org/wiki/Sanskrit_Grammar_(Whitney)/Chapter_XII#931
857,periphrastic_future,942,949,XII,https://en.wikisource.org/wiki/Sanskrit_Grammar_(Whitney)/Chapter_XII#942
857,causative,1041,1052,XIV,https://en.wikisource.org/wiki/Sanskrit_Grammar_(Whitney)/Chapter_XIV#1041
857,desiderative,1026,1040,XIV,https://en.wikisource.org/wiki/Sanskrit_Grammar_(Whitney)/Chapter_XIV#1026
857,intensive,1000,1025,XIV,https://en.wikisource.org/wiki/Sanskrit_Grammar_(Whitney)/Chapter_XIV#1000
857,ppp,952,958,XIII,https://en.wikisource.org/wiki/Sanskrit_Grammar_(Whitney)/Chapter_XIII#952
857,infinitive,968,979,XIII,https://en.wikisource.org/wiki/Sanskrit_Grammar_(Whitney)/Chapter_XIII#968
857,gerund,989,994,XIII,https://en.wikisource.org/wiki/Sanskrit_Grammar_(Whitney)/Chapter_XIII#989
858,present_a,733,750,IX,https://en.wikisource.org/wiki/Sanskrit_Grammar_(Whitney)/Chapter_IX#733
858,present_nu_u,697,716,IX,https://en.wikisource.org/wiki/Sanskrit_Grammar_(Whitney)/Chapter_IX#697
858,present_na,717,732,IX,https://en.wikisource.org/wiki/Sanskrit_Grammar_(Whitney)/Chapter_IX#717
858,perfect,781,823,X,https://en.wikisource.org/wiki/Sanskrit_Grammar_(Whitney)/Chapter_X#781
858,aor_class,824,827,XI,https://en.wikisource.org/wiki/Sanskrit_Grammar_(Whitney)/Chapter_XI#824
858,aor_redup,856,873,XI,https://en.wikisource.org/wiki/Sanskrit_Grammar_(Whitney)/Chapter_XI#856
858,aor_is,898,911,XI,https://en.wikisource.org/wiki/Sanskrit_Grammar_(Whitney)/Chapter_XI#898
858,s_future,931,940,XII,https://en.wikisource.org/wiki/Sanskrit_Grammar_(Whitney)/Chapter_XII#931
858,periphrastic_future,942,949,XII,https://en.wikisource.org/wiki/Sanskrit_Grammar_(Whitney)/Chapter_XII#942
858,causative,1041,1052,XIV,https://en.wikisource.org/wiki/Sanskrit_Grammar_(Whitney)/Chapter_XIV#1041
858,ppp,952,958,XIII,https://en.wikisource.org/wiki/Sanskrit_Grammar_(Whitney)/Chapter_XIII#952
858,infinitive,968,979,XIII,https://en.wikisource.org/wiki/Sanskrit_Grammar_(Whitney)/Chapter_XIII#968
859,present_root,611,641,IX,https://en.wikisource.org/wiki/Sanskrit_Grammar_(Whitney)/Chapter_IX#611
859,present_nu_u,697,716,IX,https://en.wikisource.org/wiki/Sanskrit_Grammar_(Whitney)/Chapter_IX#697
859,present_na,717,732,IX,https://en.wikisource.org/wiki/Sanskrit_Grammar_(Whitney)/Chapter_IX#717
859,passive_present,768,774,IX,https://en.wikisource.org/wiki/Sanskrit_Grammar_(Whitney)/Chapter_IX#768
859,perfect,781,823,X,https://en.wikisource.org/wiki/Sanskrit_Grammar_(Whitney)/Chapter_X#781
859,aor_class,824,827,XI,https://en.wikisource.org/wiki/Sanskrit_Grammar_(Whitney)/Chapter_XI#824
859,aor_redup,856,873,XI,https://en.wikisource.org/wiki/Sanskrit_Grammar_(Whitney)/Chapter_XI#856
859,aor_is,898,911,XI,https://en.wikisource.org/wiki/Sanskrit_Grammar_(Whitney)/Chapter_XI#898
859,s_future,931,940,XII,https://en.wikisource.org/wiki/Sanskrit_Grammar_(Whitney)/Chapter_XII#931
859,periphrastic_future,942,949,XII,https://en.wikisource.org/wiki/Sanskrit_Grammar_(Whitney)/Chapter_XII#942
859,causative,1041,1052,XIV,https://en.wikisource.org/wiki/Sanskrit_Grammar_(Whitney)/Chapter_XIV#1041
859,desiderative,1026,1040,XIV,https://en.wikisource.org/wiki/Sanskrit_Grammar_(Whitney)/Chapter_XIV#1026
859,intensive,1000,1025,XIV,https://en.wikisource.org/wiki/Sanskrit_Grammar_(Whitney)/Chapter_XIV#1000
859,ppp,952,958,XIII,https://en.wikisource.org/wiki/Sanskrit_Grammar_(Whitney)/Chapter_XIII#952
861,present_a,733,750,IX,https://en.wikisource.org/wiki/Sanskrit_Grammar_(Whitney)/Chapter_IX#733
861,perfect,781,823,X,https://en.wikisource.org/wiki/Sanskrit_Grammar_(Whitney)/Chapter_X#781
861,aor_class,824,827,XI,https://en.wikisource.org/wiki/Sanskrit_Grammar_(Whitney)/Chapter_XI#824
861,aor_is,898,911,XI,https://en.wikisource.org/wiki/Sanskrit_Grammar_(Whitney)/Chapter_XI#898
861,s_future,931,940,XII,https://en.wikisource.org/wiki/Sanskrit_Grammar_(Whitney)/Chapter_XII#931
861,periphrastic_future,942,949,XII,https://en.wikisource.org/wiki/Sanskrit_Grammar_(Whitney)/Chapter_XII#942
861,causative,1041,1052,XIV,https://en.wikisource.org/wiki/Sanskrit_Grammar_(Whitney)/Chapter_XIV#1041
862,present_a,733,750,IX,https://en.wikisource.org/wiki/Sanskrit_Grammar_(Whitney)/Chapter_IX#733
862,present_root,611,641,IX,https://en.wikisource.org/wiki/Sanskrit_Grammar_(Whitney)/Chapter_IX#611
862,perfect,781,823,X,https://en.wikisource.org/wiki/Sanskrit_Grammar_(Whitney)/Chapter_X#781
862,aor_class,824,827,XI,https://en.wikisource.org/wiki/Sanskrit_Grammar_(Whitney)/Chapter_XI#824
862,aor_a,847,855,XI,https://en.wikisource.org/wiki/Sanskrit_Grammar_(Whitney)/Chapter_XI#847
862,aor_is,898,911,XI,https://en.wikisource.org/wiki/Sanskrit_Grammar_(Whitney)/Chapter_XI#898
862,s_future,931,940,XII,https://en.wikisource.org/wiki/Sanskrit_Grammar_(Whitney)/Chapter_XII#931
862,periphrastic_future,942,949,XII,https://en.wikisource.org/wiki/Sanskrit_Grammar_(Whitney)/Chapter_XII#942
862,causative,1041,1052,XIV,https://en.wikisource.org/wiki/Sanskrit_Grammar_(Whitney)/Chapter_XIV#1041
862,desiderative,1026,1040,XIV,https://en.wikisource.org/wiki/Sanskrit_Grammar_(Whitney)/Chapter_XIV#1026
862,intensive,1000,1025,XIV,https://en.wikisource.org/wiki/Sanskrit_Grammar_(Whitney)/Chapter_XIV#1000
862,ppp,952,958,XIII,https://en.wikisource.org/wiki/Sanskrit_Grammar_(Whitney)/Chapter_XIII#952
862,gerund,989,994,XIII,https://en.wikisource.org/wiki/Sanskrit_Grammar_(Whitney)/Chapter_XIII#989
863,present_a,733,750,IX,https://en.wikisource.org/wiki/Sanskrit_Grammar_(Whitney)/Chapter_IX#733
863,present_nu_u,697,716,IX,https://en.wikisource.org/wiki/Sanskrit_Grammar_(Whitney)/Chapter_IX#697
863,present_na,717,732,IX,https://en.wikisource.org/wiki/Sanskrit_Grammar_(Whitney)/Chapter_IX#717
863,passive_present,768,774,IX,https://en.wikisource.org/wiki/Sanskrit_Grammar_(Whitney)/Chapter_IX#768
863,perfect,781,823,X,https://en.wikisource.org/wiki/Sanskrit_Grammar_(Whitney)/Chapter_X#781
863,aor_class,824,827,XI,https://en.wikisource.org/wiki/Sanskrit_Grammar_(Whitney)/Chapter_XI#824
863,aor_a,847,855,XI,https://en.wikisource.org/wiki/Sanskrit_Grammar_(Whitney)/Chapter_XI#847
863,aor_redup,856,873,XI,https://en.wikisource.org/wiki/Sanskrit_Grammar_(Whitney)/Chapter_XI#856
863,aor_s,878,897,XI,https://en.wikisource.org/wiki/Sanskrit_Grammar_(Whitney)/Chapter_XI#878
863,aor_is,898,911,XI,https://en.wikisource.org/wiki/Sanskrit_Grammar_(Whitney)/Chapter_XI#898
863,s_future,931,940,XII,https://en.wikisource.org/wiki/Sanskrit_Grammar_(Whitney)/Chapter_XII#931
863,periphrastic_future,942,949,XII,https://en.wikisource.org/wiki/Sanskrit_Grammar_(Whitney)/Chapter_XII#942
863,causative,1041,1052,XIV,https://en.wikisource.org/wiki/Sanskrit_Grammar_(Whitney)/Chapter_XIV#1041
863,desiderative,1026,1040,XIV,https://en.wikisource.org/wiki/Sanskrit_Grammar_(Whitney)/Chapter_XIV#1026
863,intensive,1000,1025,XIV,https://en.wikisource.org/wiki/Sanskrit_Grammar_(Whitney)/Chapter_XIV#1000
863,ppp,952,958,XIII,https://en.wikisource.org/wiki/Sanskrit_Grammar_(Whitney)/Chapter_XIII#952
863,infinitive,968,979,XIII,https://en.wikisource.org/wiki/Sanskrit_Grammar_(Whitney)/Chapter_XIII#968
863,gerund,989,994,XIII,https://en.wikisource.org/wiki/Sanskrit_Grammar_(Whitney)/Chapter_XIII#989
865,present_nu_u,697,716,IX,https://en.wikisource.org/wiki/Sanskrit_Grammar_(Whitney)/Chapter_IX#697
865,perfect,781,823,X,https://en.wikisource.org/wiki/Sanskrit_Grammar_(Whitney)/Chapter_X#781
865,aor_class,824,827,XI,https://en.wikisource.org/wiki/Sanskrit_Grammar_(Whitney)/Chapter_XI#824
865,aor_redup,856,873,XI,https://en.wikisource.org/wiki/Sanskrit_Grammar_(Whitney)/Chapter_XI#856
865,aor_is,898,911,XI,https://en.wikisource.org/wiki/Sanskrit_Grammar_(Whitney)/Chapter_XI#898
865,s_future,931,940,XII,https://en.wikisource.org/wiki/Sanskrit_Grammar_(Whitney)/Chapter_XII#931
865,periphrastic_future,942,949,XII,https://en.wikisource.org/wiki/Sanskrit_Grammar_(Whitney)/Chapter_XII#942
865,causative,1041,1052,XIV,https://en.wikisource.org/wiki/Sanskrit_Grammar_(Whitney)/Chapter_XIV#1041
865,desiderative,1026,1040,XIV,https://en.wikisource.org/wiki/Sanskrit_Grammar_(Whitney)/Chapter_XIV#1026
865,intensive,1000,1025,XIV,https://en.wikisource.org/wiki/Sanskrit_Grammar_(Whitney)/Chapter_XIV#1000
866,present_ya,759,767,IX,https://en.wikisource.org/wiki/Sanskrit_Grammar_(Whitney)/Chapter_IX#759
866,perfect,781,823,X,https://en.wikisource.org/wiki/Sanskrit_Grammar_(Whitney)/Chapter_X#781
867,present_a,733,750,IX,https://en.wikisource.org/wiki/Sanskrit_Grammar_(Whitney)/Chapter_IX#733
867,present_root,611,641,IX,https://en.wikisource.org/wiki/Sanskrit_Grammar_(Whitney)/Chapter_IX#611
867,present_nu_u,697,716,IX,https://en.wikisource.org/wiki/Sanskrit_Grammar_(Whitney)/Chapter_IX#697
867,perfect,781,823,X,https://en.wikisource.org/wiki/Sanskrit_Grammar_(Whitney)/Chapter_X#781
867,aor_class,824,827,XI,https://en.wikisource.org/wiki/Sanskrit_Grammar_(Whitney)/Chapter_XI#824
867,aor_redup,856,873,XI,https://en.wikisource.org/wiki/Sanskrit_Grammar_(Whitney)/Chapter_XI#856
867,aor_s,878,897,XI,https://en.wikisource.org/wiki/Sanskrit_Grammar_(Whitney)/Chapter_XI#878
867,aor_is,898,911,XI,https://en.wikisource.org/wiki/Sanskrit_Grammar_(Whitney)/Chapter_XI#898
867,s_future,931,940,XII,https://en.wikisource.org/wiki/Sanskrit_Grammar_(Whitney)/Chapter_XII#931
867,periphrastic_future,942,949,XII,https://en.wikisource.org/wiki/Sanskrit_Grammar_(Whitney)/Chapter_XII#942
867,causative,1041,1052,XIV,https://en.wikisource.org/wiki/Sanskrit_Grammar_(Whitney)/Chapter_XIV#1041
867,desiderative,1026,1040,XIV,https://en.wikisource.org/wiki/Sanskrit_Grammar_(Whitney)/Chapter_XIV#1026
867,intensive,1000,1025,XIV,https://en.wikisource.org/wiki/Sanskrit_Grammar_(Whitney)/Chapter_XIV#1000
867,ppp,952,958,XIII,https://en.wikisource.org/wiki/Sanskrit_Grammar_(Whitney)/Chapter_XIII#952
867,infinitive,968,979,XIII,https://en.wikisource.org/wiki/Sanskrit_Grammar_(Whitney)/Chapter_XIII#968
867,gerund,989,994,XIII,https://en.wikisource.org/wiki/Sanskrit_Grammar_(Whitney)/Chapter_XIII#989
869,present_a,733,750,IX,https://en.wikisource.org/wiki/Sanskrit_Grammar_(Whitney)/Chapter_IX#733
869,present_root,611,641,IX,https://en.wikisource.org/wiki/Sanskrit_Grammar_(Whitney)/Chapter_IX#611
869,perfect,781,823,X,https://en.wikisource.org/wiki/Sanskrit_Grammar_(Whitney)/Chapter_X#781
869,aor_class,824,827,XI,https://en.wikisource.org/wiki/Sanskrit_Grammar_(Whitney)/Chapter_XI#824
869,aor_redup,856,873,XI,https://en.wikisource.org/wiki/Sanskrit_Grammar_(Whitney)/Chapter_XI#856
869,aor_is,898,911,XI,https://en.wikisource.org/wiki/Sanskrit_Grammar_(Whitney)/Chapter_XI#898
869,s_future,931,940,XII,https://en.wikisource.org/wiki/Sanskrit_Grammar_(Whitney)/Chapter_XII#931
869,periphrastic_future,942,949,XII,https://en.wikisource.org/wiki/Sanskrit_Grammar_(Whitney)/Chapter_XII#942
869,causative,1041,1052,XIV,https://en.wikisource.org/wiki/Sanskrit_Grammar_(Whitney)/Chapter_XIV#1041
870,present_a,733,750,IX,https://en.wikisource.org/wiki/Sanskrit_Grammar_(Whitney)/Chapter_IX#733
870,present_nu_u,697,716,IX,https://en.wikisource.org/wiki/Sanskrit_Grammar_(Whitney)/Chapter_IX#697
870,present_na,717,732,IX,https://en.wikisource.org/wiki/Sanskrit_Grammar_(Whitney)/Chapter_IX#717
870,passive_present,768,774,IX,https://en.wikisource.org/wiki/Sanskrit_Grammar_(Whitney)/Chapter_IX#768
870,perfect,781,823,X,https://en.wikisource.org/wiki/Sanskrit_Grammar_(Whitney)/Chapter_X#781
870,aor_class,824,827,XI,https://en.wikisource.org/wiki/Sanskrit_Grammar_(Whitney)/Chapter_XI#824
870,aor_root,828,846,XI,https://en.wikisource.org/wiki/Sanskrit_Grammar_(Whitney)/Chapter_XI#828
870,aor_redup,856,873,XI,https://en.wikisource.org/wiki/Sanskrit_Grammar_(Whitney)/Chapter_XI#856
870,aor_s,878,897,XI,https://en.wikisource.org/wiki/Sanskrit_Grammar_(Whitney)/Chapter_XI#878
870,aor_is,898,911,XI,https://en.wikisource.org/wiki/Sanskrit_Grammar_(Whitney)/Chapter_XI#898
870,s_future,931,940,XII,https://en.wikisource.org/wiki/Sanskrit_Grammar_(Whitney)/Chapter_XII#931
870,periphrastic_future,942,949,XII,https://en.wikisource.org/wiki/Sanskrit_Grammar_(Whitney)/Chapter_XII#942
870,causative,1041,1052,XIV,https://en.wikisource.org/wiki/Sanskrit_Grammar_(Whitney)/Chapter_XIV#1041
870,desiderative,1026,1040,XIV,https://en.wikisource.org/wiki/Sanskrit_Grammar_(Whitney)/Chapter_XIV#1026
870,intensive,1000,1025,XIV,https://en.wikisource.org/wiki/Sanskrit_Grammar_(Whitney)/Chapter_XIV#1000
870,ppp,952,958,XIII,https://en.wikisource.org/wiki/Sanskrit_Grammar_(Whitney)/Chapter_XIII#952
870,gerund,989,994,XIII,https://en.wikisource.org/wiki/Sanskrit_Grammar_(Whitney)/Chapter_XIII#989
871,present_acc_a,751,758,IX,https://en.wikisource.org/wiki/Sanskrit_Grammar_(Whitney)/Chapter_IX#751
871,perfect,781,823,X,https://en.wikisource.org/wiki/Sanskrit_Grammar_(Whitney)/Chapter_X#781
872,present_ya,759,767,IX,https://en.wikisource.org/wiki/Sanskrit_Grammar_(Whitney)/Chapter_IX#759
872,perfect,781,823,X,https://en.wikisource.org/wiki/Sanskrit_Grammar_(Whitney)/Chapter_X#781
872,aor_class,824,827,XI,https://en.wikisource.org/wiki/Sanskrit_Grammar_(Whitney)/Chapter_XI#824
872,aor_is,898,911,XI,https://en.wikisource.org/wiki/Sanskrit_Grammar_(Whitney)/Chapter_XI#898
872,s_future,931,940,XII,https://en.wikisource.org/wiki/Sanskrit_Grammar_(Whitney)/Chapter_XII#931
872,periphrastic_future,942,949,XII,https://en.wikisource.org/wiki/Sanskrit_Grammar_(Whitney)/Chapter_XII#942
872,ppp,952,958,XIII,https://en.wikisource.org/wiki/Sanskrit_Grammar_(Whitney)/Chapter_XIII#952
872,gerund,989,994,XIII,https://en.wikisource.org/wiki/Sanskrit_Grammar_(Whitney)/Chapter_XIII#989
873,present_a,733,750,IX,https://en.wikisource.org/wiki/Sanskrit_Grammar_(Whitney)/Chapter_IX#733
873,perfect,781,823,X,https://en.wikisource.org/wiki/Sanskrit_Grammar_(Whitney)/Chapter_X#781
873,aor_class,824,827,XI,https://en.wikisource.org/wiki/Sanskrit_Grammar_(Whitney)/Chapter_XI#824
873,aor_is,898,911,XI,https://en.wikisource.org/wiki/Sanskrit_Grammar_(Whitney)/Chapter_XI#898
873,s_future,931,940,XII,https://en.wikisource.org/wiki/Sanskrit_Grammar_(Whitney)/Chapter_XII#931
873,periphrastic_future,942,949,XII,https://en.wikisource.org/wiki/Sanskrit_Grammar_(Whitney)/Chapter_XII#942
873,causative,1041,1052,XIV,https://en.wikisource.org/wiki/Sanskrit_Grammar_(Whitney)/Chapter_XIV#1041
874,present_a,733,750,IX,https://en.wikisource.org/wiki/Sanskrit_Grammar_(Whitney)/Chapter_IX#733
874,passive_present,768,774,IX,https://en.wikisource.org/wiki/Sanskrit_Grammar_(Whitney)/Chapter_IX#768
874,perfect,781,823,X,https://en.wikisource.org/wiki/Sanskrit_Grammar_(Whitney)/Chapter_X#781
874,aor_class,824,827,XI,https://en.wikisource.org/wiki/Sanskrit_Grammar_(Whitney)/Chapter_XI#824
874,aor_root,828,846,XI,https://en.wikisource.org/wiki/Sanskrit_Grammar_(Whitney)/Chapter_XI#828
874,aor_a,847,855,XI,https://en.wikisource.org/wiki/Sanskrit_Grammar_(Whitney)/Chapter_XI#847
874,aor_s,878,897,XI,https://en.wikisource.org/wiki/Sanskrit_Grammar_(Whitney)/Chapter_XI#878
874,s_future,931,940,XII,https://en.wikisource.org/wiki/Sanskrit_Grammar_(Whitney)/Chapter_XII#931
874,periphrastic_future,942,949,XII,https://en.wikisource.org/wiki/Sanskrit_Grammar_(Whitney)/Chapter_XII#942
874,causative,1041,1052,XIV,https://en.wikisource.org/wiki/Sanskrit_Grammar_(Whitney)/Chapter_XIV#1041
874,desiderative,1026,1040,XIV,https://en.wikisource.org/wiki/Sanskrit_Grammar_(Whitney)/Chapter_XIV#1026
874,intensive,1000,1025,XIV,https://en.wikisource.org/wiki/Sanskrit_Grammar_(Whitney)/Chapter_XIV#1000
874,ppp,952,958,XIII,https://en.wikisource.org/wiki/Sanskrit_Grammar_(Whitney)/Chapter_XIII#952
874,infinitive,968,979,XIII,https://en.wikisource.org/wiki/Sanskrit_Grammar_(Whitney)/Chapter_XIII#968
874,gerund,989,994,XIII,https://en.wikisource.org/wiki/Sanskrit_Grammar_(Whitney)/Chapter_XIII#989
875,present_root,611,641,IX,https://en.wikisource.org/wiki/Sanskrit_Grammar_(Whitney)/Chapter_IX#611
875,present_ya,759,767,IX,https://en.wikisource.org/wiki/Sanskrit_Grammar_(Whitney)/Chapter_IX#759
875,perfect,781,823,X,https://en.wikisource.org/wiki/Sanskrit_Grammar_(Whitney)/Chapter_X#781
875,aor_class,824,827,XI,https://en.wikisource.org/wiki/Sanskrit_Grammar_(Whitney)/Chapter_XI#824
875,aor_root,828,846,XI,https://en.wikisource.org/wiki/Sanskrit_Grammar_(Whitney)/Chapter_XI#828
875,aor_sis,912,915,XI,https://en.wikisource.org/wiki/Sanskrit_Grammar_(Whitney)/Chapter_XI#912
875,s_future,931,940,XII,https://en.wikisource.org/wiki/Sanskrit_Grammar_(Whitney)/Chapter_XII#931
875,periphrastic_future,942,949,XII,https://en.wikisource.org/wiki/Sanskrit_Grammar_(Whitney)/Chapter_XII#942
875,causative,1041,1052,XIV,https://en.wikisource.org/wiki/Sanskrit_Grammar_(Whitney)/Chapter_XIV#1041
875,desiderative,1026,1040,XIV,https://en.wikisource.org/wiki/Sanskrit_Grammar_(Whitney)/Chapter_XIV#1026
875,intensive,1000,1025,XIV,https://en.wikisource.org/wiki/Sanskrit_Grammar_(Whitney)/Chapter_XIV#1000
875,ppp,952,958,XIII,https://en.wikisource.org/wiki/Sanskrit_Grammar_(Whitney)/Chapter_XIII#952
875,infinitive,968,979,XIII,https://en.wikisource.org/wiki/Sanskrit_Grammar_(Whitney)/Chapter_XIII#968
875,gerund,989,994,XIII,https://en.wikisource.org/wiki/Sanskrit_Grammar_(Whitney)/Chapter_XIII#989
876,present_ya,759,767,IX,https://en.wikisource.org/wiki/Sanskrit_Grammar_(Whitney)/Chapter_IX#759
876,perfect,781,823,X,https://en.wikisource.org/wiki/Sanskrit_Grammar_(Whitney)/Chapter_X#781
876,aor_class,824,827,XI,https://en.wikisource.org/wiki/Sanskrit_Grammar_(Whitney)/Chapter_XI#824
876,aor_a,847,855,XI,https://en.wikisource.org/wiki/Sanskrit_Grammar_(Whitney)/Chapter_XI#847
876,aor_redup,856,873,XI,https://en.wikisource.org/wiki/Sanskrit_Grammar_(Whitney)/Chapter_XI#856
876,s_future,931,940,XII,https://en.wikisource.org/wiki/Sanskrit_Grammar_(Whitney)/Chapter_XII#931
876,periphrastic_future,942,949,XII,https://en.wikisource.org/wiki/Sanskrit_Grammar_(Whitney)/Chapter_XII#942
876,causative,1041,1052,XIV,https://en.wikisource.org/wiki/Sanskrit_Grammar_(Whitney)/Chapter_XIV#1041
876,desiderative,1026,1040,XIV,https://en.wikisource.org/wiki/Sanskrit_Grammar_(Whitney)/Chapter_XIV#1026
876,intensive,1000,1025,XIV,https://en.wikisource.org/wiki/Sanskrit_Grammar_(Whitney)/Chapter_XIV#1000
876,ppp,952,958,XIII,https://en.wikisource.org/wiki/Sanskrit_Grammar_(Whitney)/Chapter_XIII#952
876,gerund,989,994,XIII,https://en.wikisource.org/wiki/Sanskrit_Grammar_(Whitney)/Chapter_XIII#989
877,present_root,611,641,IX,https://en.wikisource.org/wiki/Sanskrit_Grammar_(Whitney)/Chapter_IX#611
877,perfect,781,823,X,https://en.wikisource.org/wiki/Sanskrit_Grammar_(Whitney)/Chapter_X#781
877,aor_class,824,827,XI,https://en.wikisource.org/wiki/Sanskrit_Grammar_(Whitney)/Chapter_XI#824
877,aor_redup,856,873,XI,https://en.wikisource.org/wiki/Sanskrit_Grammar_(Whitney)/Chapter_XI#856
877,s_future,931,940,XII,https://en.wikisource.org/wiki/Sanskrit_Grammar_(Whitney)/Chapter_XII#931
877,periphrastic_future,942,949,XII,https://en.wikisource.org/wiki/Sanskrit_Grammar_(Whitney)/Chapter_XII#942
877,causative,1041,1052,XIV,https://en.wikisource.org/wiki/Sanskrit_Grammar_(Whitney)/Chapter_XIV#1041
877,desiderative,1026,1040,XIV,https://en.wikisource.org/wiki/Sanskrit_Grammar_(Whitney)/Chapter_XIV#1026
877,intensive,1000,1025,XIV,https://en.wikisource.org/wiki/Sanskrit_Grammar_(Whitney)/Chapter_XIV#1000
877,ppp,952,958,XIII,https://en.wikisource.org/wiki/Sanskrit_Grammar_(Whitney)/Chapter_XIII#952
878,present_a,733,750,IX,https://en.wikisource.org/wiki/Sanskrit_Grammar_(Whitney)/Chapter_IX#733
878,perfect,781,823,X,https://en.wikisource.org/wiki/Sanskrit_Grammar_(Whitney)/Chapter_X#781
878,aor_class,824,827,XI,https://en.wikisource.org/wiki/Sanskrit_Grammar_(Whitney)/Chapter_XI#824
878,aor_is,898,911,XI,https://en.wikisource.org/wiki/Sanskrit_Grammar_(Whitney)/Chapter_XI#898
878,s_future,931,940,XII,https://en.wikisource.org/wiki/Sanskrit_Grammar_(Whitney)/Chapter_XII#931
878,periphrastic_future,942,949,XII,https://en.wikisource.org/wiki/Sanskrit_Grammar_(Whitney)/Chapter_XII#942
878,causative,1041,1052,XIV,https://en.wikisource.org/wiki/Sanskrit_Grammar_(Whitney)/Chapter_XIV#1041
878,desiderative,1026,1040,XIV,https://en.wikisource.org/wiki/Sanskrit_Grammar_(Whitney)/Chapter_XIV#1026
878,intensive,1000,1025,XIV,https://en.wikisource.org/wiki/Sanskrit_Grammar_(Whitney)/Chapter_XIV#1000
878,ppp,952,958,XIII,https://en.wikisource.org/wiki/Sanskrit_Grammar_(Whitney)/Chapter_XIII#952
881,present_nu_u,697,716,IX,https://en.wikisource.org/wiki/Sanskrit_Grammar_(Whitney)/Chapter_IX#697
881,present_na,717,732,IX,https://en.wikisource.org/wiki/Sanskrit_Grammar_(Whitney)/Chapter_IX#717
881,perfect,781,823,X,https://en.wikisource.org/wiki/Sanskrit_Grammar_(Whitney)/Chapter_X#781
881,aor_class,824,827,XI,https://en.wikisource.org/wiki/Sanskrit_Grammar_(Whitney)/Chapter_XI#824
881,aor_root,828,846,XI,https://en.wikisource.org/wiki/Sanskrit_Grammar_(Whitney)/Chapter_XI#828
881,aor_s,878,897,XI,https://en.wikisource.org/wiki/Sanskrit_Grammar_(Whitney)/Chapter_XI#878
881,s_future,931,940,XII,https://en.wikisource.org/wiki/Sanskrit_Grammar_(Whitney)/Chapter_XII#931
881,periphrastic_future,942,949,XII,https://en.wikisource.org/wiki/Sanskrit_Grammar_(Whitney)/Chapter_XII#942
882,present_a,733,750,IX,https://en.wikisource.org/wiki/Sanskrit_Grammar_(Whitney)/Chapter_IX#733
882,present_acc_a,751,758,IX,https://en.wikisource.org/wiki/Sanskrit_Grammar_(Whitney)/Chapter_IX#751
882,perfect,781,823,X,https://en.wikisource.org/wiki/Sanskrit_Grammar_(Whitney)/Chapter_X#781
882,aor_class,824,827,XI,https://en.wikisource.org/wiki/Sanskrit_Grammar_(Whitney)/Chapter_XI#824
882,aor_root,828,846,XI,https://en.wikisource.org/wiki/Sanskrit_Grammar_(Whitney)/Chapter_XI#828
882,aor_is,898,911,XI,https://en.wikisource.org/wiki/Sanskrit_Grammar_(Whitney)/Chapter_XI#898
882,s_future,931,940,XII,https://en.wikisource.org/wiki/Sanskrit_Grammar_(Whitney)/Chapter_XII#931
882,periphrastic_future,942,949,XII,https://en.wikisource.org/wiki/Sanskrit_Grammar_(Whitney)/Chapter_XII#942
882,causative,1041,1052,XIV,https://en.wikisource.org/wiki/Sanskrit_Grammar_(Whitney)/Chapter_XIV#1041
882,desiderative,1026,1040,XIV,https://en.wikisource.org/wiki/Sanskrit_Grammar_(Whitney)/Chapter_XIV#1026
882,intensive,1000,1025,XIV,https://en.wikisource.org/wiki/Sanskrit_Grammar_(Whitney)/Chapter_XIV#1000
882,ppp,952,958,XIII,https://en.wikisource.org/wiki/Sanskrit_Grammar_(Whitney)/Chapter_XIII#952
882,infinitive,968,979,XIII,https://en.wikisource.org/wiki/Sanskrit_Grammar_(Whitney)/Chapter_XIII#968
882,gerund,989,994,XIII,https://en.wikisource.org/wiki/Sanskrit_Grammar_(Whitney)/Chapter_XIII#989
883,present_a,733,750,IX,https://en.wikisource.org/wiki/Sanskrit_Grammar_(Whitney)/Chapter_IX#733
883,present_acc_a,751,758,IX,https://en.wikisource.org/wiki/Sanskrit_Grammar_(Whitney)/Chapter_IX#751
883,passive_present,768,774,IX,https://en.wikisource.org/wiki/Sanskrit_Grammar_(Whitney)/Chapter_IX#768
883,perfect,781,823,X,https://en.wikisource.org/wiki/Sanskrit_Grammar_(Whitney)/Chapter_X#781
883,aor_class,824,827,XI,https://en.wikisource.org/wiki/Sanskrit_Grammar_(Whitney)/Chapter_XI#824
883,aor_redup,856,873,XI,https://en.wikisource.org/wiki/Sanskrit_Grammar_(Whitney)/Chapter_XI#856
883,aor_s,878,897,XI,https://en.wikisource.org/wiki/Sanskrit_Grammar_(Whitney)/Chapter_XI#878
883,s_future,931,940,XII,https://en.wikisource.org/wiki/Sanskrit_Grammar_(Whitney)/Chapter_XII#931
883,periphrastic_future,942,949,XII,https://en.wikisource.org/wiki/Sanskrit_Grammar_(Whitney)/Chapter_XII#942
883,causative,1041,1052,XIV,https://en.wikisource.org/wiki/Sanskrit_Grammar_(Whitney)/Chapter_XIV#1041
883,desiderative,1026,1040,XIV,https://en.wikisource.org/wiki/Sanskrit_Grammar_(Whitney)/Chapter_XIV#1026
883,intensive,1000,1025,XIV,https://en.wikisource.org/wiki/Sanskrit_Grammar_(Whitney)/Chapter_XIV#1000
883,ppp,952,958,XIII,https://en.wikisource.org/wiki/Sanskrit_Grammar_(Whitney)/Chapter_XIII#952
883,infinitive,968,979,XIII,https://en.wikisource.org/wiki/Sanskrit_Grammar_(Whitney)/Chapter_XIII#968
883,gerund,989,994,XIII,https://en.wikisource.org/wiki/Sanskrit_Grammar_(Whitney)/Chapter_XIII#989
884,present_acc_a,751,758,IX,https://en.wikisource.org/wiki/Sanskrit_Grammar_(Whitney)/Chapter_IX#751
884,causative,1041,1052,XIV,https://en.wikisource.org/wiki/Sanskrit_Grammar_(Whitney)/Chapter_XIV#1041
885,causative,1041,1052,XIV,https://en.wikisource.org/wiki/Sanskrit_Grammar_(Whitney)/Chapter_XIV#1041
887,causative,1041,1052,XIV,https://en.wikisource.org/wiki/Sanskrit_Grammar_(Whitney)/Chapter_XIV#1041
888,present_ya,759,767,IX,https://en.wikisource.org/wiki/Sanskrit_Grammar_(Whitney)/Chapter_IX#759
888,passive_present,768,774,IX,https://en.wikisource.org/wiki/Sanskrit_Grammar_(Whitney)/Chapter_IX#768
888,perfect,781,823,X,https://en.wikisource.org/wiki/Sanskrit_Grammar_(Whitney)/Chapter_X#781
888,aor_class,824,827,XI,https://en.wikisource.org/wiki/Sanskrit_Grammar_(Whitney)/Chapter_XI#824
888,aor_is,898,911,XI,https://en.wikisource.org/wiki/Sanskrit_Grammar_(Whitney)/Chapter_XI#898
888,s_future,931,940,XII,https://en.wikisource.org/wiki/Sanskrit_Grammar_(Whitney)/Chapter_XII#931
888,periphrastic_future,942,949,XII,https://en.wikisource.org/wiki/Sanskrit_Grammar_(Whitney)/Chapter_XII#942
888,causative,1041,1052,XIV,https://en.wikisource.org/wiki/Sanskrit_Grammar_(Whitney)/Chapter_XIV#1041
889,present_a,733,750,IX,https://en.wikisource.org/wiki/Sanskrit_Grammar_(Whitney)/Chapter_IX#733
889,present_acc_a,751,758,IX,https://en.wikisource.org/wiki/Sanskrit_Grammar_(Whitney)/Chapter_IX#751
889,perfect,781,823,X,https://en.wikisource.org/wiki/Sanskrit_Grammar_(Whitney)/Chapter_X#781
889,aor_class,824,827,XI,https://en.wikisource.org/wiki/Sanskrit_Grammar_(Whitney)/Chapter_XI#824
889,aor_redup,856,873,XI,https://en.wikisource.org/wiki/Sanskrit_Grammar_(Whitney)/Chapter_XI#856
889,aor_is,898,911,XI,https://en.wikisource.org/wiki/Sanskrit_Grammar_(Whitney)/Chapter_XI#898
889,s_future,931,940,XII,https://en.wikisource.org/wiki/Sanskrit_Grammar_(Whitney)/Chapter_XII#931
889,periphrastic_future,942,949,XII,https://en.wikisource.org/wiki/Sanskrit_Grammar_(Whitney)/Chapter_XII#942
889,causative,1041,1052,XIV,https://en.wikisource.org/wiki/Sanskrit_Grammar_(Whitney)/Chapter_XIV#1041
889,ppp,952,958,XIII,https://en.wikisource.org/wiki/Sanskrit_Grammar_(Whitney)/Chapter_XIII#952
889,gerund,989,994,XIII,https://en.wikisource.org/wiki/Sanskrit_Grammar_(Whitney)/Chapter_XIII#989
891,present_a,733,750,IX,https://en.wikisource.org/wiki/Sanskrit_Grammar_(Whitney)/Chapter_IX#733
891,perfect,781,823,X,https://en.wikisource.org/wiki/Sanskrit_Grammar_(Whitney)/Chapter_X#781
891,aor_class,824,827,XI,https://en.wikisource.org/wiki/Sanskrit_Grammar_(Whitney)/Chapter_XI#824
891,aor_redup,856,873,XI,https://en.wikisource.org/wiki/Sanskrit_Grammar_(Whitney)/Chapter_XI#856
891,aor_is,898,911,XI,https://en.wikisource.org/wiki/Sanskrit_Grammar_(Whitney)/Chapter_XI#898
891,s_future,931,940,XII,https://en.wikisource.org/wiki/Sanskrit_Grammar_(Whitney)/Chapter_XII#931
891,periphrastic_future,942,949,XII,https://en.wikisource.org/wiki/Sanskrit_Grammar_(Whitney)/Chapter_XII#942
891,causative,1041,1052,XIV,https://en.wikisource.org/wiki/Sanskrit_Grammar_(Whitney)/Chapter_XIV#1041
891,desiderative,1026,1040,XIV,https://en.wikisource.org/wiki/Sanskrit_Grammar_(Whitney)/Chapter_XIV#1026
891,intensive,1000,1025,XIV,https://en.wikisource.org/wiki/Sanskrit_Grammar_(Whitney)/Chapter_XIV#1000
891,ppp,952,958,XIII,https://en.wikisource.org/wiki/Sanskrit_Grammar_(Whitney)/Chapter_XIII#952
891,gerund,989,994,XIII,https://en.wikisource.org/wiki/Sanskrit_Grammar_(Whitney)/Chapter_XIII#989
892,present_acc_a,751,758,IX,https://en.wikisource.org/wiki/Sanskrit_Grammar_(Whitney)/Chapter_IX#751
892,perfect,781,823,X,https://en.wikisource.org/wiki/Sanskrit_Grammar_(Whitney)/Chapter_X#781
892,aor_class,824,827,XI,https://en.wikisource.org/wiki/Sanskrit_Grammar_(Whitney)/Chapter_XI#824
892,aor_redup,856,873,XI,https://en.wikisource.org/wiki/Sanskrit_Grammar_(Whitney)/Chapter_XI#856
892,aor_is,898,911,XI,https://en.wikisource.org/wiki/Sanskrit_Grammar_(Whitney)/Chapter_XI#898
892,s_future,931,940,XII,https://en.wikisource.org/wiki/Sanskrit_Grammar_(Whitney)/Chapter_XII#931
892,periphrastic_future,942,949,XII,https://en.wikisource.org/wiki/Sanskrit_Grammar_(Whitney)/Chapter_XII#942
892,causative,1041,1052,XIV,https://en.wikisource.org/wiki/Sanskrit_Grammar_(Whitney)/Chapter_XIV#1041
892,desiderative,1026,1040,XIV,https://en.wikisource.org/wiki/Sanskrit_Grammar_(Whitney)/Chapter_XIV#1026
892,intensive,1000,1025,XIV,https://en.wikisource.org/wiki/Sanskrit_Grammar_(Whitney)/Chapter_XIV#1000
892,ppp,952,958,XIII,https://en.wikisource.org/wiki/Sanskrit_Grammar_(Whitney)/Chapter_XIII#952
892,gerund,989,994,XIII,https://en.wikisource.org/wiki/Sanskrit_Grammar_(Whitney)/Chapter_XIII#989
893,present_a,733,750,IX,https://en.wikisource.org/wiki/Sanskrit_Grammar_(Whitney)/Chapter_IX#733
893,perfect,781,823,X,https://en.wikisource.org/wiki/Sanskrit_Grammar_(Whitney)/Chapter_X#781
893,aor_class,824,827,XI,https://en.wikisource.org/wiki/Sanskrit_Grammar_(Whitney)/Chapter_XI#824
893,aor_redup,856,873,XI,https://en.wikisource.org/wiki/Sanskrit_Grammar_(Whitney)/Chapter_XI#856
893,aor_s,878,897,XI,https://en.wikisource.org/wiki/Sanskrit_Grammar_(Whitney)/Chapter_XI#878
893,aor_is,898,911,XI,https://en.wikisource.org/wiki/Sanskrit_Grammar_(Whitney)/Chapter_XI#898
893,s_future,931,940,XII,https://en.wikisource.org/wiki/Sanskrit_Grammar_(Whitney)/Chapter_XII#931
893,periphrastic_future,942,949,XII,https://en.wikisource.org/wiki/Sanskrit_Grammar_(Whitney)/Chapter_XII#942
893,causative,1041,1052,XIV,https://en.wikisource.org/wiki/Sanskrit_Grammar_(Whitney)/Chapter_XIV#1041
893,desiderative,1026,1040,XIV,https://en.wikisource.org/wiki/Sanskrit_Grammar_(Whitney)/Chapter_XIV#1026
893,intensive,1000,1025,XIV,https://en.wikisource.org/wiki/Sanskrit_Grammar_(Whitney)/Chapter_XIV#1000
893,ppp,952,958,XIII,https://en.wikisource.org/wiki/Sanskrit_Grammar_(Whitney)/Chapter_XIII#952
893,gerund,989,994,XIII,https://en.wikisource.org/wiki/Sanskrit_Grammar_(Whitney)/Chapter_XIII#989
894,present_a,733,750,IX,https://en.wikisource.org/wiki/Sanskrit_Grammar_(Whitney)/Chapter_IX#733
894,passive_present,768,774,IX,https://en.wikisource.org/wiki/Sanskrit_Grammar_(Whitney)/Chapter_IX#768
894,perfect,781,823,X,https://en.wikisource.org/wiki/Sanskrit_Grammar_(Whitney)/Chapter_X#781
894,aor_class,824,827,XI,https://en.wikisource.org/wiki/Sanskrit_Grammar_(Whitney)/Chapter_XI#824
894,aor_redup,856,873,XI,https://en.wikisource.org/wiki/Sanskrit_Grammar_(Whitney)/Chapter_XI#856
894,aor_s,878,897,XI,https://en.wikisource.org/wiki/Sanskrit_Grammar_(Whitney)/Chapter_XI#878
894,s_future,931,940,XII,https://en.wikisource.org/wiki/Sanskrit_Grammar_(Whitney)/Chapter_XII#931
894,periphrastic_future,942,949,XII,https://en.wikisource.org/wiki/Sanskrit_Grammar_(Whitney)/Chapter_XII#942
894,causative,1041,1052,XIV,https://en.wikisource.org/wiki/Sanskrit_Grammar_(Whitney)/Chapter_XIV#1041
894,desiderative,1026,1040,XIV,https://en.wikisource.org/wiki/Sanskrit_Grammar_(Whitney)/Chapter_XIV#1026
894,intensive,1000,1025,XIV,https://en.wikisource.org/wiki/Sanskrit_Grammar_(Whitney)/Chapter_XIV#1000
894,ppp,952,958,XIII,https://en.wikisource.org/wiki/Sanskrit_Grammar_(Whitney)/Chapter_XIII#952
894,infinitive,968,979,XIII,https://en.wikisource.org/wiki/Sanskrit_Grammar_(Whitney)/Chapter_XIII#968
894,gerund,989,994,XIII,https://en.wikisource.org/wiki/Sanskrit_Grammar_(Whitney)/Chapter_XIII#989
895,present_a,733,750,IX,https://en.wikisource.org/wiki/Sanskrit_Grammar_(Whitney)/Chapter_IX#733
895,passive_present,768,774,IX,https://en.wikisource.org/wiki/Sanskrit_Grammar_(Whitney)/Chapter_IX#768
895,perfect,781,823,X,https://en.wikisource.org/wiki/Sanskrit_Grammar_(Whitney)/Chapter_X#781
895,aor_class,824,827,XI,https://en.wikisource.org/wiki/Sanskrit_Grammar_(Whitney)/Chapter_XI#824
895,aor_root,828,846,XI,https://en.wikisource.org/wiki/Sanskrit_Grammar_(Whitney)/Chapter_XI#828
895,aor_a,847,855,XI,https://en.wikisource.org/wiki/Sanskrit_Grammar_(Whitney)/Chapter_XI#847
895,aor_redup,856,873,XI,https://en.wikisource.org/wiki/Sanskrit_Grammar_(Whitney)/Chapter_XI#856
895,aor_s,878,897,XI,https://en.wikisource.org/wiki/Sanskrit_Grammar_(Whitney)/Chapter_XI#878
895,aor_is,898,911,XI,https://en.wikisource.org/wiki/Sanskrit_Grammar_(Whitney)/Chapter_XI#898
895,s_future,931,940,XII,https://en.wikisource.org/wiki/Sanskrit_Grammar_(Whitney)/Chapter_XII#931
895,periphrastic_future,942,949,XII,https://en.wikisource.org/wiki/Sanskrit_Grammar_(Whitney)/Chapter_XII#942
895,causative,1041,1052,XIV,https://en.wikisource.org/wiki/Sanskrit_Grammar_(Whitney)/Chapter_XIV#1041
895,desiderative,1026,1040,XIV,https://en.wikisource.org/wiki/Sanskrit_Grammar_(Whitney)/Chapter_XIV#1026
895,intensive,1000,1025,XIV,https://en.wikisource.org/wiki/Sanskrit_Grammar_(Whitney)/Chapter_XIV#1000
895,ppp,952,958,XIII,https://en.wikisource.org/wiki/Sanskrit_Grammar_(Whitney)/Chapter_XIII#952
895,infinitive,968,979,XIII,https://en.wikisource.org/wiki/Sanskrit_Grammar_(Whitney)/Chapter_XIII#968
895,gerund,989,994,XIII,https://en.wikisource.org/wiki/Sanskrit_Grammar_(Whitney)/Chapter_XIII#989
896,present_a,733,750,IX,https://en.wikisource.org/wiki/Sanskrit_Grammar_(Whitney)/Chapter_IX#733
896,passive_present,768,774,IX,https://en.wikisource.org/wiki/Sanskrit_Grammar_(Whitney)/Chapter_IX#768
896,perfect,781,823,X,https://en.wikisource.org/wiki/Sanskrit_Grammar_(Whitney)/Chapter_X#781
896,aor_class,824,827,XI,https://en.wikisource.org/wiki/Sanskrit_Grammar_(Whitney)/Chapter_XI#824
896,aor_root,828,846,XI,https://en.wikisource.org/wiki/Sanskrit_Grammar_(Whitney)/Chapter_XI#828
896,aor_a,847,855,XI,https://en.wikisource.org/wiki/Sanskrit_Grammar_(Whitney)/Chapter_XI#847
896,aor_redup,856,873,XI,https://en.wikisource.org/wiki/Sanskrit_Grammar_(Whitney)/Chapter_XI#856
896,aor_is,898,911,XI,https://en.wikisource.org/wiki/Sanskrit_Grammar_(Whitney)/Chapter_XI#898
896,s_future,931,940,XII,https://en.wikisource.org/wiki/Sanskrit_Grammar_(Whitney)/Chapter_XII#931
896,periphrastic_future,942,949,XII,https://en.wikisource.org/wiki/Sanskrit_Grammar_(Whitney)/Chapter_XII#942
896,causative,1041,1052,XIV,https://en.wikisource.org/wiki/Sanskrit_Grammar_(Whitney)/Chapter_XIV#1041
896,desiderative,1026,1040,XIV,https://en.wikisource.org/wiki/Sanskrit_Grammar_(Whitney)/Chapter_XIV#1026
896,intensive,1000,1025,XIV,https://en.wikisource.org/wiki/Sanskrit_Grammar_(Whitney)/Chapter_XIV#1000
896,ppp,952,958,XIII,https://en.wikisource.org/wiki/Sanskrit_Grammar_(Whitney)/Chapter_XIII#952
896,gerund,989,994,XIII,https://en.wikisource.org/wiki/Sanskrit_Grammar_(Whitney)/Chapter_XIII#989
897,present_a,733,750,IX,https://en.wikisource.org/wiki/Sanskrit_Grammar_(Whitney)/Chapter_IX#733
897,aor_class,824,827,XI,https://en.wikisource.org/wiki/Sanskrit_Grammar_(Whitney)/Chapter_XI#824
897,aor_a,847,855,XI,https://en.wikisource.org/wiki/Sanskrit_Grammar_(Whitney)/Chapter_XI#847
898,present_ya,759,767,IX,https://en.wikisource.org/wiki/Sanskrit_Grammar_(Whitney)/Chapter_IX#759
898,perfect,781,823,X,https://en.wikisource.org/wiki/Sanskrit_Grammar_(Whitney)/Chapter_X#781
898,aor_class,824,827,XI,https://en.wikisource.org/wiki/Sanskrit_Grammar_(Whitney)/Chapter_XI#824
898,aor_is,898,911,XI,https://en.wikisource.org/wiki/Sanskrit_Grammar_(Whitney)/Chapter_XI#898
898,s_future,931,940,XII,https://en.wikisource.org/wiki/Sanskrit_Grammar_(Whitney)/Chapter_XII#931
898,periphrastic_future,942,949,XII,https://en.wikisource.org/wiki/Sanskrit_Grammar_(Whitney)/Chapter_XII#942
898,causative,1041,1052,XIV,https://en.wikisource.org/wiki/Sanskrit_Grammar_(Whitney)/Chapter_XIV#1041
898,desiderative,1026,1040,XIV,https://en.wikisource.org/wiki/Sanskrit_Grammar_(Whitney)/Chapter_XIV#1026
898,intensive,1000,1025,XIV,https://en.wikisource.org/wiki/Sanskrit_Grammar_(Whitney)/Chapter_XIV#1000
898,ppp,952,958,XIII,https://en.wikisource.org/wiki/Sanskrit_Grammar_(Whitney)/Chapter_XIII#952
898,gerund,989,994,XIII,https://en.wikisource.org/wiki/Sanskrit_Grammar_(Whitney)/Chapter_XIII#989
899,present_a,733,750,IX,https://en.wikisource.org/wiki/Sanskrit_Grammar_(Whitney)/Chapter_IX#733
899,perfect,781,823,X,https://en.wikisource.org/wiki/Sanskrit_Grammar_(Whitney)/Chapter_X#781
899,aor_class,824,827,XI,https://en.wikisource.org/wiki/Sanskrit_Grammar_(Whitney)/Chapter_XI#824
899,aor_redup,856,873,XI,https://en.wikisource.org/wiki/Sanskrit_Grammar_(Whitney)/Chapter_XI#856
899,aor_is,898,911,XI,https://en.wikisource.org/wiki/Sanskrit_Grammar_(Whitney)/Chapter_XI#898
899,s_future,931,940,XII,https://en.wikisource.org/wiki/Sanskrit_Grammar_(Whitney)/Chapter_XII#931
899,periphrastic_future,942,949,XII,https://en.wikisource.org/wiki/Sanskrit_Grammar_(Whitney)/Chapter_XII#942
899,causative,1041,1052,XIV,https://en.wikisource.org/wiki/Sanskrit_Grammar_(Whitney)/Chapter_XIV#1041
899,desiderative,1026,1040,XIV,https://en.wikisource.org/wiki/Sanskrit_Grammar_(Whitney)/Chapter_XIV#1026
899,intensive,1000,1025,XIV,https://en.wikisource.org/wiki/Sanskrit_Grammar_(Whitney)/Chapter_XIV#1000
899,ppp,952,958,XIII,https://en.wikisource.org/wiki/Sanskrit_Grammar_(Whitney)/Chapter_XIII#952
900,present_a,733,750,IX,https://en.wikisource.org/wiki/Sanskrit_Grammar_(Whitney)/Chapter_IX#733
900,passive_present,768,774,IX,https://en.wikisource.org/wiki/Sanskrit_Grammar_(Whitney)/Chapter_IX#768
900,perfect,781,823,X,https://en.wikisource.org/wiki/Sanskrit_Grammar_(Whitney)/Chapter_X#781
900,aor_class,824,827,XI,https://en.wikisource.org/wiki/Sanskrit_Grammar_(Whitney)/Chapter_XI#824
900,aor_redup,856,873,XI,https://en.wikisource.org/wiki/Sanskrit_Grammar_(Whitney)/Chapter_XI#856
900,aor_s,878,897,XI,https://en.wikisource.org/wiki/Sanskrit_Grammar_(Whitney)/Chapter_XI#878
900,s_future,931,940,XII,https://en.wikisource.org/wiki/Sanskrit_Grammar_(Whitney)/Chapter_XII#931
900,periphrastic_future,942,949,XII,https://en.wikisource.org/wiki/Sanskrit_Grammar_(Whitney)/Chapter_XII#942
900,causative,1041,1052,XIV,https://en.wikisource.org/wiki/Sanskrit_Grammar_(Whitney)/Chapter_XIV#1041
900,desiderative,1026,1040,XIV,https://en.wikisource.org/wiki/Sanskrit_Grammar_(Whitney)/Chapter_XIV#1026
900,intensive,1000,1025,XIV,https://en.wikisource.org/wiki/Sanskrit_Grammar_(Whitney)/Chapter_XIV#1000
900,ppp,952,958,XIII,https://en.wikisource.org/wiki/Sanskrit_Grammar_(Whitney)/Chapter_XIII#952
900,infinitive,968,979,XIII,https://en.wikisource.org/wiki/Sanskrit_Grammar_(Whitney)/Chapter_XIII#968
900,gerund,989,994,XIII,https://en.wikisource.org/wiki/Sanskrit_Grammar_(Whitney)/Chapter_XIII#989
901,present_a,733,750,IX,https://en.wikisource.org/wiki/Sanskrit_Grammar_(Whitney)/Chapter_IX#733
901,perfect,781,823,X,https://en.wikisource.org/wiki/Sanskrit_Grammar_(Whitney)/Chapter_X#781
901,aor_class,824,827,XI,https://en.wikisource.org/wiki/Sanskrit_Grammar_(Whitney)/Chapter_XI#824
901,aor_redup,856,873,XI,https://en.wikisource.org/wiki/Sanskrit_Grammar_(Whitney)/Chapter_XI#856
901,s_future,931,940,XII,https://en.wikisource.org/wiki/Sanskrit_Grammar_(Whitney)/Chapter_XII#931
901,periphrastic_future,942,949,XII,https://en.wikisource.org/wiki/Sanskrit_Grammar_(Whitney)/Chapter_XII#942
901,causative,1041,1052,XIV,https://en.wikisource.org/wiki/Sanskrit_Grammar_(Whitney)/Chapter_XIV#1041
901,desiderative,1026,1040,XIV,https://en.wikisource.org/wiki/Sanskrit_Grammar_(Whitney)/Chapter_XIV#1026
901,intensive,1000,1025,XIV,https://en.wikisource.org/wiki/Sanskrit_Grammar_(Whitney)/Chapter_XIV#1000
902,present_a,733,750,IX,https://en.wikisource.org/wiki/Sanskrit_Grammar_(Whitney)/Chapter_IX#733
902,perfect,781,823,X,https://en.wikisource.org/wiki/Sanskrit_Grammar_(Whitney)/Chapter_X#781
902,aor_class,824,827,XI,https://en.wikisource.org/wiki/Sanskrit_Grammar_(Whitney)/Chapter_XI#824
902,aor_root,828,846,XI,https://en.wikisource.org/wiki/Sanskrit_Grammar_(Whitney)/Chapter_XI#828
902,aor_redup,856,873,XI,https://en.wikisource.org/wiki/Sanskrit_Grammar_(Whitney)/Chapter_XI#856
902,aor_is,898,911,XI,https://en.wikisource.org/wiki/Sanskrit_Grammar_(Whitney)/Chapter_XI#898
902,s_future,931,940,XII,https://en.wikisource.org/wiki/Sanskrit_Grammar_(Whitney)/Chapter_XII#931
902,periphrastic_future,942,949,XII,https://en.wikisource.org/wiki/Sanskrit_Grammar_(Whitney)/Chapter_XII#942
902,causative,1041,1052,XIV,https://en.wikisource.org/wiki/Sanskrit_Grammar_(Whitney)/Chapter_XIV#1041
902,desiderative,1026,1040,XIV,https://en.wikisource.org/wiki/Sanskrit_Grammar_(Whitney)/Chapter_XIV#1026
902,intensive,1000,1025,XIV,https://en.wikisource.org/wiki/Sanskrit_Grammar_(Whitney)/Chapter_XIV#1000
902,ppp,952,958,XIII,https://en.wikisource.org/wiki/Sanskrit_Grammar_(Whitney)/Chapter_XIII#952
903,present_a,733,750,IX,https://en.wikisource.org/wiki/Sanskrit_Grammar_(Whitney)/Chapter_IX#733
903,present_root,611,641,IX,https://en.wikisource.org/wiki/Sanskrit_Grammar_(Whitney)/Chapter_IX#611
903,passive_present,768,774,IX,https://en.wikisource.org/wiki/Sanskrit_Grammar_(Whitney)/Chapter_IX#768
903,perfect,781,823,X,https://en.wikisource.org/wiki/Sanskrit_Grammar_(Whitney)/Chapter_X#781
903,aor_class,824,827,XI,https://en.wikisource.org/wiki/Sanskrit_Grammar_(Whitney)/Chapter_XI#824
903,aor_root,828,846,XI,https://en.wikisource.org/wiki/Sanskrit_Grammar_(Whitney)/Chapter_XI#828
903,aor_redup,856,873,XI,https://en.wikisource.org/wiki/Sanskrit_Grammar_(Whitney)/Chapter_XI#856
903,aor_s,878,897,XI,https://en.wikisource.org/wiki/Sanskrit_Grammar_(Whitney)/Chapter_XI#878
903,s_future,931,940,XII,https://en.wikisource.org/wiki/Sanskrit_Grammar_(Whitney)/Chapter_XII#931
903,periphrastic_future,942,949,XII,https://en.wikisource.org/wiki/Sanskrit_Grammar_(Whitney)/Chapter_XII#942
903,causative,1041,1052,XIV,https://en.wikisource.org/wiki/Sanskrit_Grammar_(Whitney)/Chapter_XIV#1041
903,desiderative,1026,1040,XIV,https://en.wikisource.org/wiki/Sanskrit_Grammar_(Whitney)/Chapter_XIV#1026
903,intensive,1000,1025,XIV,https://en.wikisource.org/wiki/Sanskrit_Grammar_(Whitney)/Chapter_XIV#1000
903,ppp,952,958,XIII,https://en.wikisource.org/wiki/Sanskrit_Grammar_(Whitney)/Chapter_XIII#952
903,infinitive,968,979,XIII,https://en.wikisource.org/wiki/Sanskrit_Grammar_(Whitney)/Chapter_XIII#968
903,gerund,989,994,XIII,https://en.wikisource.org/wiki/Sanskrit_Grammar_(Whitney)/Chapter_XIII#989
904,present_a,733,750,IX,https://en.wikisource.org/wiki/Sanskrit_Grammar_(Whitney)/Chapter_IX#733
904,perfect,781,823,X,https://en.wikisource.org/wiki/Sanskrit_Grammar_(Whitney)/Chapter_X#781
904,aor_class,824,827,XI,https://en.wikisource.org/wiki/Sanskrit_Grammar_(Whitney)/Chapter_XI#824
904,aor_redup,856,873,XI,https://en.wikisource.org/wiki/Sanskrit_Grammar_(Whitney)/Chapter_XI#856
904,aor_s,878,897,XI,https://en.wikisource.org/wiki/Sanskrit_Grammar_(Whitney)/Chapter_XI#878
904,aor_is,898,911,XI,https://en.wikisource.org/wiki/Sanskrit_Grammar_(Whitney)/Chapter_XI#898
904,s_future,931,940,XII,https://en.wikisource.org/wiki/Sanskrit_Grammar_(Whitney)/Chapter_XII#931
904,periphrastic_future,942,949,XII,https://en.wikisource.org/wiki/Sanskrit_Grammar_(Whitney)/Chapter_XII#942
904,causative,1041,1052,XIV,https://en.wikisource.org/wiki/Sanskrit_Grammar_(Whitney)/Chapter_XIV#1041
904,desiderative,1026,1040,XIV,https://en.wikisource.org/wiki/Sanskrit_Grammar_(Whitney)/Chapter_XIV#1026
904,intensive,1000,1025,XIV,https://en.wikisource.org/wiki/Sanskrit_Grammar_(Whitney)/Chapter_XIV#1000
906,present_a,733,750,IX,https://en.wikisource.org/wiki/Sanskrit_Grammar_(Whitney)/Chapter_IX#733
906,present_ya,759,767,IX,https://en.wikisource.org/wiki/Sanskrit_Grammar_(Whitney)/Chapter_IX#759
906,perfect,781,823,X,https://en.wikisource.org/wiki/Sanskrit_Grammar_(Whitney)/Chapter_X#781
906,aor_class,824,827,XI,https://en.wikisource.org/wiki/Sanskrit_Grammar_(Whitney)/Chapter_XI#824
906,aor_root,828,846,XI,https://en.wikisource.org/wiki/Sanskrit_Grammar_(Whitney)/Chapter_XI#828
906,aor_a,847,855,XI,https://en.wikisource.org/wiki/Sanskrit_Grammar_(Whitney)/Chapter_XI#847
906,aor_redup,856,873,XI,https://en.wikisource.org/wiki/Sanskrit_Grammar_(Whitney)/Chapter_XI#856
906,s_future,931,940,XII,https://en.wikisource.org/wiki/Sanskrit_Grammar_(Whitney)/Chapter_XII#931
906,periphrastic_future,942,949,XII,https://en.wikisource.org/wiki/Sanskrit_Grammar_(Whitney)/Chapter_XII#942
906,causative,1041,1052,XIV,https://en.wikisource.org/wiki/Sanskrit_Grammar_(Whitney)/Chapter_XIV#1041
906,desiderative,1026,1040,XIV,https://en.wikisource.org/wiki/Sanskrit_Grammar_(Whitney)/Chapter_XIV#1026
906,intensive,1000,1025,XIV,https://en.wikisource.org/wiki/Sanskrit_Grammar_(Whitney)/Chapter_XIV#1000
906,ppp,952,958,XIII,https://en.wikisource.org/wiki/Sanskrit_Grammar_(Whitney)/Chapter_XIII#952
907,present_a,733,750,IX,https://en.wikisource.org/wiki/Sanskrit_Grammar_(Whitney)/Chapter_IX#733
907,perfect,781,823,X,https://en.wikisource.org/wiki/Sanskrit_Grammar_(Whitney)/Chapter_X#781
907,aor_class,824,827,XI,https://en.wikisource.org/wiki/Sanskrit_Grammar_(Whitney)/Chapter_XI#824
907,aor_is,898,911,XI,https://en.wikisource.org/wiki/Sanskrit_Grammar_(Whitney)/Chapter_XI#898
907,s_future,931,940,XII,https://en.wikisource.org/wiki/Sanskrit_Grammar_(Whitney)/Chapter_XII#931
907,periphrastic_future,942,949,XII,https://en.wikisource.org/wiki/Sanskrit_Grammar_(Whitney)/Chapter_XII#942
907,causative,1041,1052,XIV,https://en.wikisource.org/wiki/Sanskrit_Grammar_(Whitney)/Chapter_XIV#1041
907,desiderative,1026,1040,XIV,https://en.wikisource.org/wiki/Sanskrit_Grammar_(Whitney)/Chapter_XIV#1026
907,intensive,1000,1025,XIV,https://en.wikisource.org/wiki/Sanskrit_Grammar_(Whitney)/Chapter_XIV#1000
907,ppp,952,958,XIII,https://en.wikisource.org/wiki/Sanskrit_Grammar_(Whitney)/Chapter_XIII#952
908,present_a,733,750,IX,https://en.wikisource.org/wiki/Sanskrit_Grammar_(Whitney)/Chapter_IX#733
908,present_root,611,641,IX,https://en.wikisource.org/wiki/Sanskrit_Grammar_(Whitney)/Chapter_IX#611
908,present_nu_u,697,716,IX,https://en.wikisource.org/wiki/Sanskrit_Grammar_(Whitney)/Chapter_IX#697
908,perfect,781,823,X,https://en.wikisource.org/wiki/Sanskrit_Grammar_(Whitney)/Chapter_X#781
908,aor_class,824,827,XI,https://en.wikisource.org/wiki/Sanskrit_Grammar_(Whitney)/Chapter_XI#824
908,aor_redup,856,873,XI,https://en.wikisource.org/wiki/Sanskrit_Grammar_(Whitney)/Chapter_XI#856
908,aor_s,878,897,XI,https://en.wikisource.org/wiki/Sanskrit_Grammar_(Whitney)/Chapter_XI#878
908,aor_is,898,911,XI,https://en.wikisource.org/wiki/Sanskrit_Grammar_(Whitney)/Chapter_XI#898
908,s_future,931,940,XII,https://en.wikisource.org/wiki/Sanskrit_Grammar_(Whitney)/Chapter_XII#931
908,periphrastic_future,942,949,XII,https://en.wikisource.org/wiki/Sanskrit_Grammar_(Whitney)/Chapter_XII#942
908,causative,1041,1052,XIV,https://en.wikisource.org/wiki/Sanskrit_Grammar_(Whitney)/Chapter_XIV#1041
908,desiderative,1026,1040,XIV,https://en.wikisource.org/wiki/Sanskrit_Grammar_(Whitney)/Chapter_XIV#1026
908,intensive,1000,1025,XIV,https://en.wikisource.org/wiki/Sanskrit_Grammar_(Whitney)/Chapter_XIV#1000
908,ppp,952,958,XIII,https://en.wikisource.org/wiki/Sanskrit_Grammar_(Whitney)/Chapter_XIII#952
908,infinitive,968,979,XIII,https://en.wikisource.org/wiki/Sanskrit_Grammar_(Whitney)/Chapter_XIII#968
908,gerund,989,994,XIII,https://en.wikisource.org/wiki/Sanskrit_Grammar_(Whitney)/Chapter_XIII#989
909,present_ya,759,767,IX,https://en.wikisource.org/wiki/Sanskrit_Grammar_(Whitney)/Chapter_IX#759
909,perfect,781,823,X,https://en.wikisource.org/wiki/Sanskrit_Grammar_(Whitney)/Chapter_X#781
909,aor_class,824,827,XI,https://en.wikisource.org/wiki/Sanskrit_Grammar_(Whitney)/Chapter_XI#824
909,aor_redup,856,873,XI,https://en.wikisource.org/wiki/Sanskrit_Grammar_(Whitney)/Chapter_XI#856
909,aor_is,898,911,XI,https://en.wikisource.org/wiki/Sanskrit_Grammar_(Whitney)/Chapter_XI#898
909,s_future,931,940,XII,https://en.wikisource.org/wiki/Sanskrit_Grammar_(Whitney)/Chapter_XII#931
909,periphrastic_future,942,949,XII,https://en.wikisource.org/wiki/Sanskrit_Grammar_(Whitney)/Chapter_XII#942
909,causative,1041,1052,XIV,https://en.wikisource.org/wiki/Sanskrit_Grammar_(Whitney)/Chapter_XIV#1041
909,desiderative,1026,1040,XIV,https://en.wikisource.org/wiki/Sanskrit_Grammar_(Whitney)/Chapter_XIV#1026
909,intensive,1000,1025,XIV,https://en.wikisource.org/wiki/Sanskrit_Grammar_(Whitney)/Chapter_XIV#1000
910,present_a,733,750,IX,https://en.wikisource.org/wiki/Sanskrit_Grammar_(Whitney)/Chapter_IX#733
910,passive_present,768,774,IX,https://en.wikisource.org/wiki/Sanskrit_Grammar_(Whitney)/Chapter_IX#768
910,perfect,781,823,X,https://en.wikisource.org/wiki/Sanskrit_Grammar_(Whitney)/Chapter_X#781
910,aor_class,824,827,XI,https://en.wikisource.org/wiki/Sanskrit_Grammar_(Whitney)/Chapter_XI#824
910,aor_redup,856,873,XI,https://en.wikisource.org/wiki/Sanskrit_Grammar_(Whitney)/Chapter_XI#856
910,aor_is,898,911,XI,https://en.wikisource.org/wiki/Sanskrit_Grammar_(Whitney)/Chapter_XI#898
910,s_future,931,940,XII,https://en.wikisource.org/wiki/Sanskrit_Grammar_(Whitney)/Chapter_XII#931
910,periphrastic_future,942,949,XII,https://en.wikisource.org/wiki/Sanskrit_Grammar_(Whitney)/Chapter_XII#942
910,causative,1041,1052,XIV,https://en.wikisource.org/wiki/Sanskrit_Grammar_(Whitney)/Chapter_XIV#1041
910,desiderative,1026,1040,XIV,https://en.wikisource.org/wiki/Sanskrit_Grammar_(Whitney)/Chapter_XIV#1026
910,intensive,1000,1025,XIV,https://en.wikisource.org/wiki/Sanskrit_Grammar_(Whitney)/Chapter_XIV#1000
910,ppp,952,958,XIII,https://en.wikisource.org/wiki/Sanskrit_Grammar_(Whitney)/Chapter_XIII#952
910,infinitive,968,979,XIII,https://en.wikisource.org/wiki/Sanskrit_Grammar_(Whitney)/Chapter_XIII#968
910,gerund,989,994,XIII,https://en.wikisource.org/wiki/Sanskrit_Grammar_(Whitney)/Chapter_XIII#989
911,present_a,733,750,IX,https://en.wikisource.org/wiki/Sanskrit_Grammar_(Whitney)/Chapter_IX#733
911,present_redup,642,682,IX,https://en.wikisource.org/wiki/Sanskrit_Grammar_(Whitney)/Chapter_IX#642
911,passive_present,768,774,IX,https://en.wikisource.org/wiki/Sanskrit_Grammar_(Whitney)/Chapter_IX#768
911,perfect,781,823,X,https://en.wikisource.org/wiki/Sanskrit_Grammar_(Whitney)/Chapter_X#781
911,aor_class,824,827,XI,https://en.wikisource.org/wiki/Sanskrit_Grammar_(Whitney)/Chapter_XI#824
911,aor_root,828,846,XI,https://en.wikisource.org/wiki/Sanskrit_Grammar_(Whitney)/Chapter_XI#828
911,aor_redup,856,873,XI,https://en.wikisource.org/wiki/Sanskrit_Grammar_(Whitney)/Chapter_XI#856
911,aor_s,878,897,XI,https://en.wikisource.org/wiki/Sanskrit_Grammar_(Whitney)/Chapter_XI#878
911,aor_sis,912,915,XI,https://en.wikisource.org/wiki/Sanskrit_Grammar_(Whitney)/Chapter_XI#912
911,s_future,931,940,XII,https://en.wikisource.org/wiki/Sanskrit_Grammar_(Whitney)/Chapter_XII#931
911,periphrastic_future,942,949,XII,https://en.wikisource.org/wiki/Sanskrit_Grammar_(Whitney)/Chapter_XII#942
911,causative,1041,1052,XIV,https://en.wikisource.org/wiki/Sanskrit_Grammar_(Whitney)/Chapter_XIV#1041
911,desiderative,1026,1040,XIV,https://en.wikisource.org/wiki/Sanskrit_Grammar_(Whitney)/Chapter_XIV#1026
911,intensive,1000,1025,XIV,https://en.wikisource.org/wiki/Sanskrit_Grammar_(Whitney)/Chapter_XIV#1000
911,ppp,952,958,XIII,https://en.wikisource.org/wiki/Sanskrit_Grammar_(Whitney)/Chapter_XIII#952
911,infinitive,968,979,XIII,https://en.wikisource.org/wiki/Sanskrit_Grammar_(Whitney)/Chapter_XIII#968
911,gerund,989,994,XIII,https://en.wikisource.org/wiki/Sanskrit_Grammar_(Whitney)/Chapter_XIII#989
912,present_redup,642,682,IX,https://en.wikisource.org/wiki/Sanskrit_Grammar_(Whitney)/Chapter_IX#642
912,passive_present,768,774,IX,https://en.wikisource.org/wiki/Sanskrit_Grammar_(Whitney)/Chapter_IX#768
912,perfect,781,823,X,https://en.wikisource.org/wiki/Sanskrit_Grammar_(Whitney)/Chapter_X#781
912,aor_class,824,827,XI,https://en.wikisource.org/wiki/Sanskrit_Grammar_(Whitney)/Chapter_XI#824
912,aor_s,878,897,XI,https://en.wikisource.org/wiki/Sanskrit_Grammar_(Whitney)/Chapter_XI#878
912,s_future,931,940,XII,https://en.wikisource.org/wiki/Sanskrit_Grammar_(Whitney)/Chapter_XII#931
912,periphrastic_future,942,949,XII,https://en.wikisource.org/wiki/Sanskrit_Grammar_(Whitney)/Chapter_XII#942
912,causative,1041,1052,XIV,https://en.wikisource.org/wiki/Sanskrit_Grammar_(Whitney)/Chapter_XIV#1041
912,desiderative,1026,1040,XIV,https://en.wikisource.org/wiki/Sanskrit_Grammar_(Whitney)/Chapter_XIV#1026
912,intensive,1000,1025,XIV,https://en.wikisource.org/wiki/Sanskrit_Grammar_(Whitney)/Chapter_XIV#1000
912,ppp,952,958,XIII,https://en.wikisource.org/wiki/Sanskrit_Grammar_(Whitney)/Chapter_XIII#952
912,infinitive,968,979,XIII,https://en.wikisource.org/wiki/Sanskrit_Grammar_(Whitney)/Chapter_XIII#968
912,gerund,989,994,XIII,https://en.wikisource.org/wiki/Sanskrit_Grammar_(Whitney)/Chapter_XIII#989
913,present_a,733,750,IX,https://en.wikisource.org/wiki/Sanskrit_Grammar_(Whitney)/Chapter_IX#733
913,causative,1041,1052,XIV,https://en.wikisource.org/wiki/Sanskrit_Grammar_(Whitney)/Chapter_XIV#1041
914,present_a,733,750,IX,https://en.wikisource.org/wiki/Sanskrit_Grammar_(Whitney)/Chapter_IX#733
914,present_nu_u,697,716,IX,https://en.wikisource.org/wiki/Sanskrit_Grammar_(Whitney)/Chapter_IX#697
914,passive_present,768,774,IX,https://en.wikisource.org/wiki/Sanskrit_Grammar_(Whitney)/Chapter_IX#768
914,perfect,781,823,X,https://en.wikisource.org/wiki/Sanskrit_Grammar_(Whitney)/Chapter_X#781
914,aor_class,824,827,XI,https://en.wikisource.org/wiki/Sanskrit_Grammar_(Whitney)/Chapter_XI#824
914,aor_root,828,846,XI,https://en.wikisource.org/wiki/Sanskrit_Grammar_(Whitney)/Chapter_XI#828
914,aor_a,847,855,XI,https://en.wikisource.org/wiki/Sanskrit_Grammar_(Whitney)/Chapter_XI#847
914,aor_redup,856,873,XI,https://en.wikisource.org/wiki/Sanskrit_Grammar_(Whitney)/Chapter_XI#856
914,aor_s,878,897,XI,https://en.wikisource.org/wiki/Sanskrit_Grammar_(Whitney)/Chapter_XI#878
914,s_future,931,940,XII,https://en.wikisource.org/wiki/Sanskrit_Grammar_(Whitney)/Chapter_XII#931
914,periphrastic_future,942,949,XII,https://en.wikisource.org/wiki/Sanskrit_Grammar_(Whitney)/Chapter_XII#942
914,causative,1041,1052,XIV,https://en.wikisource.org/wiki/Sanskrit_Grammar_(Whitney)/Chapter_XIV#1041
914,desiderative,1026,1040,XIV,https://en.wikisource.org/wiki/Sanskrit_Grammar_(Whitney)/Chapter_XIV#1026
914,intensive,1000,1025,XIV,https://en.wikisource.org/wiki/Sanskrit_Grammar_(Whitney)/Chapter_XIV#1000
914,ppp,952,958,XIII,https://en.wikisource.org/wiki/Sanskrit_Grammar_(Whitney)/Chapter_XIII#952
915,present_a,733,750,IX,https://en.wikisource.org/wiki/Sanskrit_Grammar_(Whitney)/Chapter_IX#733
915,present_nasal,683,696,IX,https://en.wikisource.org/wiki/Sanskrit_Grammar_(Whitney)/Chapter_IX#683
915,passive_present,768,774,IX,https://en.wikisource.org/wiki/Sanskrit_Grammar_(Whitney)/Chapter_IX#768
915,perfect,781,823,X,https://en.wikisource.org/wiki/Sanskrit_Grammar_(Whitney)/Chapter_X#781
915,aor_class,824,827,XI,https://en.wikisource.org/wiki/Sanskrit_Grammar_(Whitney)/Chapter_XI#824
915,aor_redup,856,873,XI,https://en.wikisource.org/wiki/Sanskrit_Grammar_(Whitney)/Chapter_XI#856
915,aor_is,898,911,XI,https://en.wikisource.org/wiki/Sanskrit_Grammar_(Whitney)/Chapter_XI#898
915,s_future,931,940,XII,https://en.wikisource.org/wiki/Sanskrit_Grammar_(Whitney)/Chapter_XII#931
915,periphrastic_future,942,949,XII,https://en.wikisource.org/wiki/Sanskrit_Grammar_(Whitney)/Chapter_XII#942
915,causative,1041,1052,XIV,https://en.wikisource.org/wiki/Sanskrit_Grammar_(Whitney)/Chapter_XIV#1041
915,desiderative,1026,1040,XIV,https://en.wikisource.org/wiki/Sanskrit_Grammar_(Whitney)/Chapter_XIV#1026
915,intensive,1000,1025,XIV,https://en.wikisource.org/wiki/Sanskrit_Grammar_(Whitney)/Chapter_XIV#1000
915,ppp,952,958,XIII,https://en.wikisource.org/wiki/Sanskrit_Grammar_(Whitney)/Chapter_XIII#952
915,infinitive,968,979,XIII,https://en.wikisource.org/wiki/Sanskrit_Grammar_(Whitney)/Chapter_XIII#968
915,gerund,989,994,XIII,https://en.wikisource.org/wiki/Sanskrit_Grammar_(Whitney)/Chapter_XIII#989
916,present_a,733,750,IX,https://en.wikisource.org/wiki/Sanskrit_Grammar_(Whitney)/Chapter_IX#733
916,perfect,781,823,X,https://en.wikisource.org/wiki/Sanskrit_Grammar_(Whitney)/Chapter_X#781
916,aor_class,824,827,XI,https://en.wikisource.org/wiki/Sanskrit_Grammar_(Whitney)/Chapter_XI#824
916,aor_redup,856,873,XI,https://en.wikisource.org/wiki/Sanskrit_Grammar_(Whitney)/Chapter_XI#856
916,aor_is,898,911,XI,https://en.wikisource.org/wiki/Sanskrit_Grammar_(Whitney)/Chapter_XI#898
916,s_future,931,940,XII,https://en.wikisource.org/wiki/Sanskrit_Grammar_(Whitney)/Chapter_XII#931
916,periphrastic_future,942,949,XII,https://en.wikisource.org/wiki/Sanskrit_Grammar_(Whitney)/Chapter_XII#942
916,causative,1041,1052,XIV,https://en.wikisource.org/wiki/Sanskrit_Grammar_(Whitney)/Chapter_XIV#1041
916,desiderative,1026,1040,XIV,https://en.wikisource.org/wiki/Sanskrit_Grammar_(Whitney)/Chapter_XIV#1026
916,intensive,1000,1025,XIV,https://en.wikisource.org/wiki/Sanskrit_Grammar_(Whitney)/Chapter_XIV#1000
917,present_a,733,750,IX,https://en.wikisource.org/wiki/Sanskrit_Grammar_(Whitney)/Chapter_IX#733
917,perfect,781,823,X,https://en.wikisource.org/wiki/Sanskrit_Grammar_(Whitney)/Chapter_X#781
917,aor_class,824,827,XI,https://en.wikisource.org/wiki/Sanskrit_Grammar_(Whitney)/Chapter_XI#824
917,aor_is,898,911,XI,https://en.wikisource.org/wiki/Sanskrit_Grammar_(Whitney)/Chapter_XI#898
917,s_future,931,940,XII,https://en.wikisource.org/wiki/Sanskrit_Grammar_(Whitney)/Chapter_XII#931
917,periphrastic_future,942,949,XII,https://en.wikisource.org/wiki/Sanskrit_Grammar_(Whitney)/Chapter_XII#942
918,present_a,733,750,IX,https://en.wikisource.org/wiki/Sanskrit_Grammar_(Whitney)/Chapter_IX#733
918,perfect,781,823,X,https://en.wikisource.org/wiki/Sanskrit_Grammar_(Whitney)/Chapter_X#781
918,aor_class,824,827,XI,https://en.wikisource.org/wiki/Sanskrit_Grammar_(Whitney)/Chapter_XI#824
918,aor_redup,856,873,XI,https://en.wikisource.org/wiki/Sanskrit_Grammar_(Whitney)/Chapter_XI#856
918,aor_is,898,911,XI,https://en.wikisource.org/wiki/Sanskrit_Grammar_(Whitney)/Chapter_XI#898
918,s_future,931,940,XII,https://en.wikisource.org/wiki/Sanskrit_Grammar_(Whitney)/Chapter_XII#931
918,periphrastic_future,942,949,XII,https://en.wikisource.org/wiki/Sanskrit_Grammar_(Whitney)/Chapter_XII#942
918,causative,1041,1052,XIV,https://en.wikisource.org/wiki/Sanskrit_Grammar_(Whitney)/Chapter_XIV#1041
918,ppp,952,958,XIII,https://en.wikisource.org/wiki/Sanskrit_Grammar_(Whitney)/Chapter_XIII#952
919,present_root,611,641,IX,https://en.wikisource.org/wiki/Sanskrit_Grammar_(Whitney)/Chapter_IX#611
919,present_redup,642,682,IX,https://en.wikisource.org/wiki/Sanskrit_Grammar_(Whitney)/Chapter_IX#642
919,passive_present,768,774,IX,https://en.wikisource.org/wiki/Sanskrit_Grammar_(Whitney)/Chapter_IX#768
919,perfect,781,823,X,https://en.wikisource.org/wiki/Sanskrit_Grammar_(Whitney)/Chapter_X#781
919,aor_class,824,827,XI,https://en.wikisource.org/wiki/Sanskrit_Grammar_(Whitney)/Chapter_XI#824
919,aor_redup,856,873,XI,https://en.wikisource.org/wiki/Sanskrit_Grammar_(Whitney)/Chapter_XI#856
919,aor_s,878,897,XI,https://en.wikisource.org/wiki/Sanskrit_Grammar_(Whitney)/Chapter_XI#878
919,s_future,931,940,XII,https://en.wikisource.org/wiki/Sanskrit_Grammar_(Whitney)/Chapter_XII#931
919,periphrastic_future,942,949,XII,https://en.wikisource.org/wiki/Sanskrit_Grammar_(Whitney)/Chapter_XII#942
919,causative,1041,1052,XIV,https://en.wikisource.org/wiki/Sanskrit_Grammar_(Whitney)/Chapter_XIV#1041
919,desiderative,1026,1040,XIV,https://en.wikisource.org/wiki/Sanskrit_Grammar_(Whitney)/Chapter_XIV#1026
919,intensive,1000,1025,XIV,https://en.wikisource.org/wiki/Sanskrit_Grammar_(Whitney)/Chapter_XIV#1000
919,ppp,952,958,XIII,https://en.wikisource.org/wiki/Sanskrit_Grammar_(Whitney)/Chapter_XIII#952
919,infinitive,968,979,XIII,https://en.wikisource.org/wiki/Sanskrit_Grammar_(Whitney)/Chapter_XIII#968
919,gerund,989,994,XIII,https://en.wikisource.org/wiki/Sanskrit_Grammar_(Whitney)/Chapter_XIII#989
921,present_a,733,750,IX,https://en.wikisource.org/wiki/Sanskrit_Grammar_(Whitney)/Chapter_IX#733
921,present_root,611,641,IX,https://en.wikisource.org/wiki/Sanskrit_Grammar_(Whitney)/Chapter_IX#611
921,present_redup,642,682,IX,https://en.wikisource.org/wiki/Sanskrit_Grammar_(Whitney)/Chapter_IX#642
921,perfect,781,823,X,https://en.wikisource.org/wiki/Sanskrit_Grammar_(Whitney)/Chapter_X#781
921,aor_class,824,827,XI,https://en.wikisource.org/wiki/Sanskrit_Grammar_(Whitney)/Chapter_XI#824
921,aor_root,828,846,XI,https://en.wikisource.org/wiki/Sanskrit_Grammar_(Whitney)/Chapter_XI#828
921,aor_a,847,855,XI,https://en.wikisource.org/wiki/Sanskrit_Grammar_(Whitney)/Chapter_XI#847
921,aor_redup,856,873,XI,https://en.wikisource.org/wiki/Sanskrit_Grammar_(Whitney)/Chapter_XI#856
921,aor_s,878,897,XI,https://en.wikisource.org/wiki/Sanskrit_Grammar_(Whitney)/Chapter_XI#878
921,aor_sis,912,915,XI,https://en.wikisource.org/wiki/Sanskrit_Grammar_(Whitney)/Chapter_XI#912
921,s_future,931,940,XII,https://en.wikisource.org/wiki/Sanskrit_Grammar_(Whitney)/Chapter_XII#931
921,periphrastic_future,942,949,XII,https://en.wikisource.org/wiki/Sanskrit_Grammar_(Whitney)/Chapter_XII#942
921,causative,1041,1052,XIV,https://en.wikisource.org/wiki/Sanskrit_Grammar_(Whitney)/Chapter_XIV#1041
921,desiderative,1026,1040,XIV,https://en.wikisource.org/wiki/Sanskrit_Grammar_(Whitney)/Chapter_XIV#1026
921,intensive,1000,1025,XIV,https://en.wikisource.org/wiki/Sanskrit_Grammar_(Whitney)/Chapter_XIV#1000
921,ppp,952,958,XIII,https://en.wikisource.org/wiki/Sanskrit_Grammar_(Whitney)/Chapter_XIII#952
921,infinitive,968,979,XIII,https://en.wikisource.org/wiki/Sanskrit_Grammar_(Whitney)/Chapter_XIII#968
921,gerund,989,994,XIII,https://en.wikisource.org/wiki/Sanskrit_Grammar_(Whitney)/Chapter_XIII#989
922,present_a,733,750,IX,https://en.wikisource.org/wiki/Sanskrit_Grammar_(Whitney)/Chapter_IX#733
922,perfect,781,823,X,https://en.wikisource.org/wiki/Sanskrit_Grammar_(Whitney)/Chapter_X#781
922,aor_class,824,827,XI,https://en.wikisource.org/wiki/Sanskrit_Grammar_(Whitney)/Chapter_XI#824
922,aor_is,898,911,XI,https://en.wikisource.org/wiki/Sanskrit_Grammar_(Whitney)/Chapter_XI#898
922,s_future,931,940,XII,https://en.wikisource.org/wiki/Sanskrit_Grammar_(Whitney)/Chapter_XII#931
922,periphrastic_future,942,949,XII,https://en.wikisource.org/wiki/Sanskrit_Grammar_(Whitney)/Chapter_XII#942
922,causative,1041,1052,XIV,https://en.wikisource.org/wiki/Sanskrit_Grammar_(Whitney)/Chapter_XIV#1041
922,ppp,952,958,XIII,https://en.wikisource.org/wiki/Sanskrit_Grammar_(Whitney)/Chapter_XIII#952
923,present_a,733,750,IX,https://en.wikisource.org/wiki/Sanskrit_Grammar_(Whitney)/Chapter_IX#733
923,present_root,611,641,IX,https://en.wikisource.org/wiki/Sanskrit_Grammar_(Whitney)/Chapter_IX#611
923,present_redup,642,682,IX,https://en.wikisource.org/wiki/Sanskrit_Grammar_(Whitney)/Chapter_IX#642
923,passive_present,768,774,IX,https://en.wikisource.org/wiki/Sanskrit_Grammar_(Whitney)/Chapter_IX#768
923,perfect,781,823,X,https://en.wikisource.org/wiki/Sanskrit_Grammar_(Whitney)/Chapter_X#781
923,aor_class,824,827,XI,https://en.wikisource.org/wiki/Sanskrit_Grammar_(Whitney)/Chapter_XI#824
923,aor_root,828,846,XI,https://en.wikisource.org/wiki/Sanskrit_Grammar_(Whitney)/Chapter_XI#828
923,aor_redup,856,873,XI,https://en.wikisource.org/wiki/Sanskrit_Grammar_(Whitney)/Chapter_XI#856
923,aor_s,878,897,XI,https://en.wikisource.org/wiki/Sanskrit_Grammar_(Whitney)/Chapter_XI#878
923,s_future,931,940,XII,https://en.wikisource.org/wiki/Sanskrit_Grammar_(Whitney)/Chapter_XII#931
923,periphrastic_future,942,949,XII,https://en.wikisource.org/wiki/Sanskrit_Grammar_(Whitney)/Chapter_XII#942
923,causative,1041,1052,XIV,https://en.wikisource.org/wiki/Sanskrit_Grammar_(Whitney)/Chapter_XIV#1041
923,desiderative,1026,1040,XIV,https://en.wikisource.org/wiki/Sanskrit_Grammar_(Whitney)/Chapter_XIV#1026
923,intensive,1000,1025,XIV,https://en.wikisource.org/wiki/Sanskrit_Grammar_(Whitney)/Chapter_XIV#1000
923,ppp,952,958,XIII,https://en.wikisource.org/wiki/Sanskrit_Grammar_(Whitney)/Chapter_XIII#952
923,infinitive,968,979,XIII,https://en.wikisource.org/wiki/Sanskrit_Grammar_(Whitney)/Chapter_XIII#968
923,gerund,989,994,XIII,https://en.wikisource.org/wiki/Sanskrit_Grammar_(Whitney)/Chapter_XIII#989
924,present_na,717,732,IX,https://en.wikisource.org/wiki/Sanskrit_Grammar_(Whitney)/Chapter_IX#717
925,present_a,733,750,IX,https://en.wikisource.org/wiki/Sanskrit_Grammar_(Whitney)/Chapter_IX#733
925,present_ya,759,767,IX,https://en.wikisource.org/wiki/Sanskrit_Grammar_(Whitney)/Chapter_IX#759
925,perfect,781,823,X,https://en.wikisource.org/wiki/Sanskrit_Grammar_(Whitney)/Chapter_X#781
925,aor_class,824,827,XI,https://en.wikisource.org/wiki/Sanskrit_Grammar_(Whitney)/Chapter_XI#824
925,aor_a,847,855,XI,https://en.wikisource.org/wiki/Sanskrit_Grammar_(Whitney)/Chapter_XI#847
925,aor_redup,856,873,XI,https://en.wikisource.org/wiki/Sanskrit_Grammar_(Whitney)/Chapter_XI#856
925,s_future,931,940,XII,https://en.wikisource.org/wiki/Sanskrit_Grammar_(Whitney)/Chapter_XII#931
925,periphrastic_future,942,949,XII,https://en.wikisource.org/wiki/Sanskrit_Grammar_(Whitney)/Chapter_XII#942
925,causative,1041,1052,XIV,https://en.wikisource.org/wiki/Sanskrit_Grammar_(Whitney)/Chapter_XIV#1041
925,desiderative,1026,1040,XIV,https://en.wikisource.org/wiki/Sanskrit_Grammar_(Whitney)/Chapter_XIV#1026
925,intensive,1000,1025,XIV,https://en.wikisource.org/wiki/Sanskrit_Grammar_(Whitney)/Chapter_XIV#1000
925,ppp,952,958,XIII,https://en.wikisource.org/wiki/Sanskrit_Grammar_(Whitney)/Chapter_XIII#952
925,gerund,989,994,XIII,https://en.wikisource.org/wiki/Sanskrit_Grammar_(Whitney)/Chapter_XIII#989
928,present_a,733,750,IX,https://en.wikisource.org/wiki/Sanskrit_Grammar_(Whitney)/Chapter_IX#733
928,perfect,781,823,X,https://en.wikisource.org/wiki/Sanskrit_Grammar_(Whitney)/Chapter_X#781
928,aor_class,824,827,XI,https://en.wikisource.org/wiki/Sanskrit_Grammar_(Whitney)/Chapter_XI#824
928,aor_is,898,911,XI,https://en.wikisource.org/wiki/Sanskrit_Grammar_(Whitney)/Chapter_XI#898
928,s_future,931,940,XII,https://en.wikisource.org/wiki/Sanskrit_Grammar_(Whitney)/Chapter_XII#931
928,periphrastic_future,942,949,XII,https://en.wikisource.org/wiki/Sanskrit_Grammar_(Whitney)/Chapter_XII#942
928,ppp,952,958,XIII,https://en.wikisource.org/wiki/Sanskrit_Grammar_(Whitney)/Chapter_XIII#952
929,present_a,733,750,IX,https://en.wikisource.org/wiki/Sanskrit_Grammar_(Whitney)/Chapter_IX#733
929,present_root,611,641,IX,https://en.wikisource.org/wiki/Sanskrit_Grammar_(Whitney)/Chapter_IX#611
929,perfect,781,823,X,https://en.wikisource.org/wiki/Sanskrit_Grammar_(Whitney)/Chapter_X#781
929,aor_class,824,827,XI,https://en.wikisource.org/wiki/Sanskrit_Grammar_(Whitney)/Chapter_XI#824
929,aor_is,898,911,XI,https://en.wikisource.org/wiki/Sanskrit_Grammar_(Whitney)/Chapter_XI#898
929,s_future,931,940,XII,https://en.wikisource.org/wiki/Sanskrit_Grammar_(Whitney)/Chapter_XII#931
929,periphrastic_future,942,949,XII,https://en.wikisource.org/wiki/Sanskrit_Grammar_(Whitney)/Chapter_XII#942
929,causative,1041,1052,XIV,https://en.wikisource.org/wiki/Sanskrit_Grammar_(Whitney)/Chapter_XIV#1041
929,desiderative,1026,1040,XIV,https://en.wikisource.org/wiki/Sanskrit_Grammar_(Whitney)/Chapter_XIV#1026
929,intensive,1000,1025,XIV,https://en.wikisource.org/wiki/Sanskrit_Grammar_(Whitney)/Chapter_XIV#1000
929,ppp,952,958,XIII,https://en.wikisource.org/wiki/Sanskrit_Grammar_(Whitney)/Chapter_XIII#952
929,infinitive,968,979,XIII,https://en.wikisource.org/wiki/Sanskrit_Grammar_(Whitney)/Chapter_XIII#968
929,gerund,989,994,XIII,https://en.wikisource.org/wiki/Sanskrit_Grammar_(Whitney)/Chapter_XIII#989
930,present_a,733,750,IX,https://en.wikisource.org/wiki/Sanskrit_Grammar_(Whitney)/Chapter_IX#733
930,perfect,781,823,X,https://en.wikisource.org/wiki/Sanskrit_Grammar_(Whitney)/Chapter_X#781
930,aor_class,824,827,XI,https://en.wikisource.org/wiki/Sanskrit_Grammar_(Whitney)/Chapter_XI#824
930,aor_redup,856,873,XI,https://en.wikisource.org/wiki/Sanskrit_Grammar_(Whitney)/Chapter_XI#856
930,aor_is,898,911,XI,https://en.wikisource.org/wiki/Sanskrit_Grammar_(Whitney)/Chapter_XI#898
930,s_future,931,940,XII,https://en.wikisource.org/wiki/Sanskrit_Grammar_(Whitney)/Chapter_XII#931
930,periphrastic_future,942,949,XII,https://en.wikisource.org/wiki/Sanskrit_Grammar_(Whitney)/Chapter_XII#942
930,causative,1041,1052,XIV,https://en.wikisource.org/wiki/Sanskrit_Grammar_(Whitney)/Chapter_XIV#1041
930,desiderative,1026,1040,XIV,https://en.wikisource.org/wiki/Sanskrit_Grammar_(Whitney)/Chapter_XIV#1026
930,intensive,1000,1025,XIV,https://en.wikisource.org/wiki/Sanskrit_Grammar_(Whitney)/Chapter_XIV#1000
930,ppp,952,958,XIII,https://en.wikisource.org/wiki/Sanskrit_Grammar_(Whitney)/Chapter_XIII#952
931,present_a,733,750,IX,https://en.wikisource.org/wiki/Sanskrit_Grammar_(Whitney)/Chapter_IX#733
931,perfect,781,823,X,https://en.wikisource.org/wiki/Sanskrit_Grammar_(Whitney)/Chapter_X#781
931,aor_class,824,827,XI,https://en.wikisource.org/wiki/Sanskrit_Grammar_(Whitney)/Chapter_XI#824
931,aor_is,898,911,XI,https://en.wikisource.org/wiki/Sanskrit_Grammar_(Whitney)/Chapter_XI#898
931,s_future,931,940,XII,https://en.wikisource.org/wiki/Sanskrit_Grammar_(Whitney)/Chapter_XII#931
931,periphrastic_future,942,949,XII,https://en.wikisource.org/wiki/Sanskrit_Grammar_(Whitney)/Chapter_XII#942
931,causative,1041,1052,XIV,https://en.wikisource.org/wiki/Sanskrit_Grammar_(Whitney)/Chapter_XIV#1041
931,ppp,952,958,XIII,https://en.wikisource.org/wiki/Sanskrit_Grammar_(Whitney)/Chapter_XIII#952
932,present_redup,642,682,IX,https://en.wikisource.org/wiki/Sanskrit_Grammar_(Whitney)/Chapter_IX#642
932,perfect,781,823,X,https://en.wikisource.org/wiki/Sanskrit_Grammar_(Whitney)/Chapter_X#781
932,aor_class,824,827,XI,https://en.wikisource.org/wiki/Sanskrit_Grammar_(Whitney)/Chapter_XI#824
932,aor_root,828,846,XI,https://en.wikisource.org/wiki/Sanskrit_Grammar_(Whitney)/Chapter_XI#828
932,aor_s,878,897,XI,https://en.wikisource.org/wiki/Sanskrit_Grammar_(Whitney)/Chapter_XI#878
932,s_future,931,940,XII,https://en.wikisource.org/wiki/Sanskrit_Grammar_(Whitney)/Chapter_XII#931
932,periphrastic_future,942,949,XII,https://en.wikisource.org/wiki/Sanskrit_Grammar_(Whitney)/Chapter_XII#942
932,causative,1041,1052,XIV,https://en.wikisource.org/wiki/Sanskrit_Grammar_(Whitney)/Chapter_XIV#1041
932,desiderative,1026,1040,XIV,https://en.wikisource.org/wiki/Sanskrit_Grammar_(Whitney)/Chapter_XIV#1026
932,intensive,1000,1025,XIV,https://en.wikisource.org/wiki/Sanskrit_Grammar_(Whitney)/Chapter_XIV#1000
932,ppp,952,958,XIII,https://en.wikisource.org/wiki/Sanskrit_Grammar_(Whitney)/Chapter_XIII#952
934,present_a,733,750,IX,https://en.wikisource.org/wiki/Sanskrit_Grammar_(Whitney)/Chapter_IX#733
934,perfect,781,823,X,https://en.wikisource.org/wiki/Sanskrit_Grammar_(Whitney)/Chapter_X#781
934,aor_class,824,827,XI,https://en.wikisource.org/wiki/Sanskrit_Grammar_(Whitney)/Chapter_XI#824
934,aor_is,898,911,XI,https://en.wikisource.org/wiki/Sanskrit_Grammar_(Whitney)/Chapter_XI#898
934,s_future,931,940,XII,https://en.wikisource.org/wiki/Sanskrit_Grammar_(Whitney)/Chapter_XII#931
934,periphrastic_future,942,949,XII,https://en.wikisource.org/wiki/Sanskrit_Grammar_(Whitney)/Chapter_XII#942
934,causative,1041,1052,XIV,https://en.wikisource.org/wiki/Sanskrit_Grammar_(Whitney)/Chapter_XIV#1041
934,ppp,952,958,XIII,https://en.wikisource.org/wiki/Sanskrit_Grammar_(Whitney)/Chapter_XIII#952
935,present_a,733,750,IX,https://en.wikisource.org/wiki/Sanskrit_Grammar_(Whitney)/Chapter_IX#733
935,perfect,781,823,X,https://en.wikisource.org/wiki/Sanskrit_Grammar_(Whitney)/Chapter_X#781
935,aor_class,824,827,XI,https://en.wikisource.org/wiki/Sanskrit_Grammar_(Whitney)/Chapter_XI#824
935,aor_redup,856,873,XI,https://en.wikisource.org/wiki/Sanskrit_Grammar_(Whitney)/Chapter_XI#856
935,aor_is,898,911,XI,https://en.wikisource.org/wiki/Sanskrit_Grammar_(Whitney)/Chapter_XI#898
935,s_future,931,940,XII,https://en.wikisource.org/wiki/Sanskrit_Grammar_(Whitney)/Chapter_XII#931
935,periphrastic_future,942,949,XII,https://en.wikisource.org/wiki/Sanskrit_Grammar_(Whitney)/Chapter_XII#942
935,causative,1041,1052,XIV,https://en.wikisource.org/wiki/Sanskrit_Grammar_(Whitney)/Chapter_XIV#1041
935,ppp,952,958,XIII,https://en.wikisource.org/wiki/Sanskrit_Grammar_(Whitney)/Chapter_XIII#952
936,present_a,733,750,IX,https://en.wikisource.org/wiki/Sanskrit_Grammar_(Whitney)/Chapter_IX#733
936,perfect,781,823,X,https://en.wikisource.org/wiki/Sanskrit_Grammar_(Whitney)/Chapter_X#781
936,aor_class,824,827,XI,https://en.wikisource.org/wiki/Sanskrit_Grammar_(Whitney)/Chapter_XI#824
936,aor_redup,856,873,XI,https://en.wikisource.org/wiki/Sanskrit_Grammar_(Whitney)/Chapter_XI#856
936,aor_is,898,911,XI,https://en.wikisource.org/wiki/Sanskrit_Grammar_(Whitney)/Chapter_XI#898
936,s_future,931,940,XII,https://en.wikisource.org/wiki/Sanskrit_Grammar_(Whitney)/Chapter_XII#931
936,periphrastic_future,942,949,XII,https://en.wikisource.org/wiki/Sanskrit_Grammar_(Whitney)/Chapter_XII#942
936,causative,1041,1052,XIV,https://en.wikisource.org/wiki/Sanskrit_Grammar_(Whitney)/Chapter_XIV#1041
936,ppp,952,958,XIII,https://en.wikisource.org/wiki/Sanskrit_Grammar_(Whitney)/Chapter_XIII#952
937,present_a,733,750,IX,https://en.wikisource.org/wiki/Sanskrit_Grammar_(Whitney)/Chapter_IX#733
937,present_na,717,732,IX,https://en.wikisource.org/wiki/Sanskrit_Grammar_(Whitney)/Chapter_IX#717
937,passive_present,768,774,IX,https://en.wikisource.org/wiki/Sanskrit_Grammar_(Whitney)/Chapter_IX#768
937,perfect,781,823,X,https://en.wikisource.org/wiki/Sanskrit_Grammar_(Whitney)/Chapter_X#781
937,aor_class,824,827,XI,https://en.wikisource.org/wiki/Sanskrit_Grammar_(Whitney)/Chapter_XI#824
937,aor_redup,856,873,XI,https://en.wikisource.org/wiki/Sanskrit_Grammar_(Whitney)/Chapter_XI#856
937,aor_s,878,897,XI,https://en.wikisource.org/wiki/Sanskrit_Grammar_(Whitney)/Chapter_XI#878
937,s_future,931,940,XII,https://en.wikisource.org/wiki/Sanskrit_Grammar_(Whitney)/Chapter_XII#931
937,periphrastic_future,942,949,XII,https://en.wikisource.org/wiki/Sanskrit_Grammar_(Whitney)/Chapter_XII#942
937,causative,1041,1052,XIV,https://en.wikisource.org/wiki/Sanskrit_Grammar_(Whitney)/Chapter_XIV#1041
937,desiderative,1026,1040,XIV,https://en.wikisource.org/wiki/Sanskrit_Grammar_(Whitney)/Chapter_XIV#1026
937,intensive,1000,1025,XIV,https://en.wikisource.org/wiki/Sanskrit_Grammar_(Whitney)/Chapter_XIV#1000
937,ppp,952,958,XIII,https://en.wikisource.org/wiki/Sanskrit_Grammar_(Whitney)/Chapter_XIII#952
